date,elev,ybp
-9843,51.68,11843
-9842,51.68,11842
-9841,51.68,11841
-9840,51.67,11840
-9839,51.67,11839
-9838,51.67,11838
-9837,51.67,11837
-9836,51.66,11836
-9835,51.66,11835
-9834,51.66,11834
-9833,51.66,11833
-9832,51.66,11832
-9831,51.66,11831
-9830,51.66,11830
-9829,51.66,11829
-9828,51.66,11828
-9827,51.66,11827
-9826,51.66,11826
-9825,51.67,11825
-9824,51.67,11824
-9823,51.67,11823
-9822,51.68,11822
-9821,51.68,11821
-9820,51.68,11820
-9819,51.68,11819
-9818,51.68,11818
-9817,51.68,11817
-9816,51.68,11816
-9815,51.68,11815
-9814,51.67,11814
-9813,51.68,11813
-9812,51.68,11812
-9811,51.68,11811
-9810,51.69,11810
-9809,51.7,11809
-9808,51.71,11808
-9807,51.72,11807
-9806,51.74,11806
-9805,51.75,11805
-9804,51.76,11804
-9803,51.77,11803
-9802,51.77,11802
-9801,51.78,11801
-9800,51.79,11800
-9799,51.79,11799
-9798,51.8,11798
-9797,51.8,11797
-9796,51.8,11796
-9795,51.81,11795
-9794,51.81,11794
-9793,51.82,11793
-9792,51.83,11792
-9791,51.83,11791
-9790,51.83,11790
-9789,51.84,11789
-9788,51.84,11788
-9787,51.84,11787
-9786,51.84,11786
-9785,51.84,11785
-9784,51.84,11784
-9783,51.84,11783
-9782,51.84,11782
-9781,51.84,11781
-9780,51.84,11780
-9779,51.84,11779
-9778,51.84,11778
-9777,51.85,11777
-9776,51.85,11776
-9775,51.85,11775
-9774,51.85,11774
-9773,51.85,11773
-9772,51.85,11772
-9771,51.85,11771
-9770,51.85,11770
-9769,51.85,11769
-9768,51.84,11768
-9767,51.84,11767
-9766,51.84,11766
-9765,51.84,11765
-9764,51.84,11764
-9763,51.84,11763
-9762,51.85,11762
-9761,51.85,11761
-9760,51.86,11760
-9759,51.87,11759
-9758,51.87,11758
-9757,51.88,11757
-9756,51.88,11756
-9755,51.89,11755
-9754,51.89,11754
-9753,51.9,11753
-9752,51.9,11752
-9751,51.91,11751
-9750,51.91,11750
-9749,51.92,11749
-9748,51.93,11748
-9747,51.93,11747
-9746,51.94,11746
-9745,51.95,11745
-9744,51.96,11744
-9743,51.97,11743
-9742,51.97,11742
-9741,51.98,11741
-9740,51.98,11740
-9739,51.99,11739
-9738,51.99,11738
-9737,51.99,11737
-9736,52,11736
-9735,52,11735
-9734,52,11734
-9733,52,11733
-9732,52,11732
-9731,52,11731
-9730,52.01,11730
-9729,52.01,11729
-9728,52.01,11728
-9727,52.02,11727
-9726,52.02,11726
-9725,52.02,11725
-9724,52.02,11724
-9723,52.03,11723
-9722,52.03,11722
-9721,52.03,11721
-9720,52.03,11720
-9719,52.04,11719
-9718,52.04,11718
-9717,52.04,11717
-9716,52.04,11716
-9715,52.04,11715
-9714,52.05,11714
-9713,52.05,11713
-9712,52.05,11712
-9711,52.05,11711
-9710,52.06,11710
-9709,52.06,11709
-9708,52.07,11708
-9707,52.07,11707
-9706,52.08,11706
-9705,52.09,11705
-9704,52.09,11704
-9703,52.1,11703
-9702,52.1,11702
-9701,52.1,11701
-9700,52.1,11700
-9699,52.1,11699
-9698,52.1,11698
-9697,52.1,11697
-9696,52.1,11696
-9695,52.1,11695
-9694,52.1,11694
-9693,52.1,11693
-9692,52.11,11692
-9691,52.11,11691
-9690,52.12,11690
-9689,52.12,11689
-9688,52.13,11688
-9687,52.13,11687
-9686,52.14,11686
-9685,52.14,11685
-9684,52.15,11684
-9683,52.15,11683
-9682,52.15,11682
-9681,52.15,11681
-9680,52.16,11680
-9679,52.16,11679
-9678,52.16,11678
-9677,52.16,11677
-9676,52.16,11676
-9675,52.17,11675
-9674,52.17,11674
-9673,52.17,11673
-9672,52.18,11672
-9671,52.18,11671
-9670,52.18,11670
-9669,52.18,11669
-9668,52.19,11668
-9667,52.19,11667
-9666,52.19,11666
-9665,52.19,11665
-9664,52.2,11664
-9663,52.2,11663
-9662,52.2,11662
-9661,52.2,11661
-9660,52.2,11660
-9659,52.21,11659
-9658,52.21,11658
-9657,52.21,11657
-9656,52.21,11656
-9655,52.22,11655
-9654,52.22,11654
-9653,52.23,11653
-9652,52.23,11652
-9651,52.24,11651
-9650,52.25,11650
-9649,52.25,11649
-9648,52.26,11648
-9647,52.26,11647
-9646,52.26,11646
-9645,52.26,11645
-9644,52.26,11644
-9643,52.26,11643
-9642,52.26,11642
-9641,52.26,11641
-9640,52.26,11640
-9639,52.26,11639
-9638,52.26,11638
-9637,52.27,11637
-9636,52.27,11636
-9635,52.28,11635
-9634,52.28,11634
-9633,52.29,11633
-9632,52.29,11632
-9631,52.3,11631
-9630,52.3,11630
-9629,52.31,11629
-9628,52.31,11628
-9627,52.31,11627
-9626,52.31,11626
-9625,52.32,11625
-9624,52.32,11624
-9623,52.32,11623
-9622,52.32,11622
-9621,52.32,11621
-9620,52.33,11620
-9619,52.33,11619
-9618,52.33,11618
-9617,52.33,11617
-9616,52.34,11616
-9615,52.34,11615
-9614,52.34,11614
-9613,52.35,11613
-9612,52.35,11612
-9611,52.35,11611
-9610,52.35,11610
-9609,52.36,11609
-9608,52.36,11608
-9607,52.36,11607
-9606,52.36,11606
-9605,52.36,11605
-9604,52.37,11604
-9603,52.37,11603
-9602,52.37,11602
-9601,52.37,11601
-9600,52.38,11600
-9599,52.38,11599
-9598,52.39,11598
-9597,52.39,11597
-9596,52.4,11596
-9595,52.41,11595
-9594,52.41,11594
-9593,52.42,11593
-9592,52.42,11592
-9591,52.42,11591
-9590,52.42,11590
-9589,52.42,11589
-9588,52.42,11588
-9587,52.42,11587
-9586,52.42,11586
-9585,52.42,11585
-9584,52.42,11584
-9583,52.42,11583
-9582,52.43,11582
-9581,52.43,11581
-9580,52.44,11580
-9579,52.45,11579
-9578,52.45,11578
-9577,52.46,11577
-9576,52.46,11576
-9575,52.46,11575
-9574,52.46,11574
-9573,52.46,11573
-9572,52.46,11572
-9571,52.46,11571
-9570,52.46,11570
-9569,52.46,11569
-9568,52.46,11568
-9567,52.46,11567
-9566,52.47,11566
-9565,52.47,11565
-9564,52.48,11564
-9563,52.48,11563
-9562,52.49,11562
-9561,52.5,11561
-9560,52.5,11560
-9559,52.5,11559
-9558,52.51,11558
-9557,52.51,11557
-9556,52.51,11556
-9555,52.51,11555
-9554,52.52,11554
-9553,52.52,11553
-9552,52.52,11552
-9551,52.52,11551
-9550,52.52,11550
-9549,52.53,11549
-9548,52.53,11548
-9547,52.53,11547
-9546,52.54,11546
-9545,52.54,11545
-9544,52.54,11544
-9543,52.54,11543
-9542,52.55,11542
-9541,52.55,11541
-9540,52.55,11540
-9539,52.55,11539
-9538,52.56,11538
-9537,52.56,11537
-9536,52.56,11536
-9535,52.56,11535
-9534,52.56,11534
-9533,52.57,11533
-9532,52.57,11532
-9531,52.57,11531
-9530,52.57,11530
-9529,52.58,11529
-9528,52.58,11528
-9527,52.59,11527
-9526,52.6,11526
-9525,52.6,11525
-9524,52.61,11524
-9523,52.61,11523
-9522,52.62,11522
-9521,52.62,11521
-9520,52.62,11520
-9519,52.62,11519
-9518,52.62,11518
-9517,52.62,11517
-9516,52.62,11516
-9515,52.62,11515
-9514,52.62,11514
-9513,52.62,11513
-9512,52.62,11512
-9511,52.63,11511
-9510,52.63,11510
-9509,52.64,11509
-9508,52.64,11508
-9507,52.65,11507
-9506,52.66,11506
-9505,52.66,11505
-9504,52.66,11504
-9503,52.67,11503
-9502,52.67,11502
-9501,52.67,11501
-9500,52.67,11500
-9499,52.68,11499
-9498,52.68,11498
-9497,52.68,11497
-9496,52.68,11496
-9495,52.68,11495
-9494,52.69,11494
-9493,52.69,11493
-9492,52.69,11492
-9491,52.7,11491
-9490,52.7,11490
-9489,52.7,11489
-9488,52.7,11488
-9487,52.71,11487
-9486,52.71,11486
-9485,52.71,11485
-9484,52.71,11484
-9483,52.72,11483
-9482,52.72,11482
-9481,52.72,11481
-9480,52.72,11480
-9479,52.72,11479
-9478,52.73,11478
-9477,52.73,11477
-9476,52.73,11476
-9475,52.73,11475
-9474,52.74,11474
-9473,52.74,11473
-9472,52.75,11472
-9471,52.76,11471
-9470,52.76,11470
-9469,52.77,11469
-9468,52.77,11468
-9467,52.78,11467
-9466,52.78,11466
-9465,52.78,11465
-9464,52.78,11464
-9463,52.78,11463
-9462,52.78,11462
-9461,52.78,11461
-9460,52.78,11460
-9459,52.78,11459
-9458,52.78,11458
-9457,52.78,11457
-9456,52.79,11456
-9455,52.79,11455
-9454,52.8,11454
-9453,52.81,11453
-9452,52.81,11452
-9451,52.82,11451
-9450,52.82,11450
-9449,52.82,11449
-9448,52.82,11448
-9447,52.82,11447
-9446,52.82,11446
-9445,52.82,11445
-9444,52.82,11444
-9443,52.82,11443
-9442,52.82,11442
-9441,52.82,11441
-9440,52.83,11440
-9439,52.83,11439
-9438,52.84,11438
-9437,52.85,11437
-9436,52.85,11436
-9435,52.86,11435
-9434,52.86,11434
-9433,52.87,11433
-9432,52.87,11432
-9431,52.87,11431
-9430,52.87,11430
-9429,52.87,11429
-9428,52.88,11428
-9427,52.88,11427
-9426,52.88,11426
-9425,52.88,11425
-9424,52.88,11424
-9423,52.89,11423
-9422,52.89,11422
-9421,52.89,11421
-9420,52.9,11420
-9419,52.9,11419
-9418,52.9,11418
-9417,52.9,11417
-9416,52.91,11416
-9415,52.91,11415
-9414,52.91,11414
-9413,52.91,11413
-9412,52.92,11412
-9411,52.92,11411
-9410,52.92,11410
-9409,52.92,11409
-9408,52.92,11408
-9407,52.93,11407
-9406,52.93,11406
-9405,52.93,11405
-9404,52.94,11404
-9403,52.94,11403
-9402,52.95,11402
-9401,52.95,11401
-9400,52.96,11400
-9399,52.96,11399
-9398,52.97,11398
-9397,52.97,11397
-9396,52.98,11396
-9395,52.98,11395
-9394,52.98,11394
-9393,52.98,11393
-9392,52.98,11392
-9391,52.98,11391
-9390,52.98,11390
-9389,52.98,11389
-9388,52.98,11388
-9387,52.98,11387
-9386,52.98,11386
-9385,52.99,11385
-9384,52.99,11384
-9383,53,11383
-9382,53.01,11382
-9381,53.01,11381
-9380,53.02,11380
-9379,53.02,11379
-9378,53.03,11378
-9377,53.03,11377
-9376,53.03,11376
-9375,53.04,11375
-9374,53.04,11374
-9373,53.04,11373
-9372,53.04,11372
-9371,53.04,11371
-9370,53.04,11370
-9369,53.04,11369
-9368,53.04,11368
-9367,53.04,11367
-9366,53.04,11366
-9365,53.04,11365
-9364,53.04,11364
-9363,53.04,11363
-9362,53.04,11362
-9361,53.05,11361
-9360,53.05,11360
-9359,53.05,11359
-9358,53.06,11358
-9357,53.06,11357
-9356,53.06,11356
-9355,53.06,11355
-9354,53.06,11354
-9353,53.05,11353
-9352,53.05,11352
-9351,53.05,11351
-9350,53.05,11350
-9349,53.06,11349
-9348,53.06,11348
-9347,53.07,11347
-9346,53.08,11346
-9345,53.08,11345
-9344,53.09,11344
-9343,53.09,11343
-9342,53.09,11342
-9341,53.08,11341
-9340,53.07,11340
-9339,53.05,11339
-9338,53.03,11338
-9337,53.01,11337
-9336,53,11336
-9335,53,11335
-9334,53.02,11334
-9333,53.06,11333
-9332,53.08,11332
-9331,53.08,11331
-9330,53.08,11330
-9329,53.09,11329
-9328,53.09,11328
-9327,53.09,11327
-9326,53.1,11326
-9325,53.1,11325
-9324,53.1,11324
-9323,53.1,11323
-9322,53.11,11322
-9321,53.11,11321
-9320,53.11,11320
-9319,53.12,11319
-9318,53.12,11318
-9317,53.12,11317
-9316,53.13,11316
-9315,53.13,11315
-9314,53.13,11314
-9313,53.14,11313
-9312,53.14,11312
-9311,53.14,11311
-9310,53.15,11310
-9309,53.15,11309
-9308,53.15,11308
-9307,53.16,11307
-9306,53.16,11306
-9305,53.16,11305
-9304,53.17,11304
-9303,53.17,11303
-9302,53.17,11302
-9301,53.18,11301
-9300,53.18,11300
-9299,53.18,11299
-9298,53.19,11298
-9297,53.19,11297
-9296,53.2,11296
-9295,53.2,11295
-9294,53.2,11294
-9293,53.21,11293
-9292,53.21,11292
-9291,53.22,11291
-9290,53.22,11290
-9289,53.22,11289
-9288,53.23,11288
-9287,53.23,11287
-9286,53.24,11286
-9285,53.24,11285
-9284,53.24,11284
-9283,53.25,11283
-9282,53.25,11282
-9281,53.26,11281
-9280,53.26,11280
-9279,53.26,11279
-9278,53.27,11278
-9277,53.27,11277
-9276,53.28,11276
-9275,53.28,11275
-9274,53.29,11274
-9273,53.29,11273
-9272,53.29,11272
-9271,53.3,11271
-9270,53.3,11270
-9269,53.31,11269
-9268,53.31,11268
-9267,53.32,11267
-9266,53.32,11266
-9265,53.33,11265
-9264,53.33,11264
-9263,53.33,11263
-9262,53.34,11262
-9261,53.34,11261
-9260,53.35,11260
-9259,53.35,11259
-9258,53.36,11258
-9257,53.36,11257
-9256,53.37,11256
-9255,53.37,11255
-9254,53.38,11254
-9253,53.38,11253
-9252,53.38,11252
-9251,53.39,11251
-9250,53.39,11250
-9249,53.4,11249
-9248,53.4,11248
-9247,53.41,11247
-9246,53.41,11246
-9245,53.42,11245
-9244,53.42,11244
-9243,53.43,11243
-9242,53.43,11242
-9241,53.44,11241
-9240,53.44,11240
-9239,53.44,11239
-9238,53.45,11238
-9237,53.45,11237
-9236,53.46,11236
-9235,53.46,11235
-9234,53.47,11234
-9233,53.47,11233
-9232,53.48,11232
-9231,53.48,11231
-9230,53.49,11230
-9229,53.49,11229
-9228,53.5,11228
-9227,53.5,11227
-9226,53.51,11226
-9225,53.51,11225
-9224,53.51,11224
-9223,53.52,11223
-9222,53.52,11222
-9221,53.53,11221
-9220,53.53,11220
-9219,53.54,11219
-9218,53.54,11218
-9217,53.55,11217
-9216,53.55,11216
-9215,53.56,11215
-9214,53.56,11214
-9213,53.56,11213
-9212,53.57,11212
-9211,53.57,11211
-9210,53.58,11210
-9209,53.58,11209
-9208,53.59,11208
-9207,53.59,11207
-9206,53.6,11206
-9205,53.6,11205
-9204,53.6,11204
-9203,53.61,11203
-9202,53.61,11202
-9201,53.62,11201
-9200,53.62,11200
-9199,53.63,11199
-9198,53.63,11198
-9197,53.63,11197
-9196,53.64,11196
-9195,53.64,11195
-9194,53.65,11194
-9193,53.65,11193
-9192,53.65,11192
-9191,53.66,11191
-9190,53.66,11190
-9189,53.67,11189
-9188,53.67,11188
-9187,53.68,11187
-9186,53.68,11186
-9185,53.68,11185
-9184,53.69,11184
-9183,53.69,11183
-9182,53.69,11182
-9181,53.7,11181
-9180,53.7,11180
-9179,53.71,11179
-9178,53.71,11178
-9177,53.71,11177
-9176,53.72,11176
-9175,53.72,11175
-9174,53.72,11174
-9173,53.73,11173
-9172,53.73,11172
-9171,53.74,11171
-9170,53.74,11170
-9169,53.74,11169
-9168,53.75,11168
-9167,53.75,11167
-9166,53.75,11166
-9165,53.76,11165
-9164,53.76,11164
-9163,53.76,11163
-9162,53.77,11162
-9161,53.77,11161
-9160,53.77,11160
-9159,53.78,11159
-9158,53.78,11158
-9157,53.78,11157
-9156,53.78,11156
-9155,53.79,11155
-9154,53.79,11154
-9153,53.79,11153
-9152,53.8,11152
-9151,53.8,11151
-9150,53.8,11150
-9149,53.8,11149
-9148,53.81,11148
-9147,53.81,11147
-9146,53.81,11146
-9145,53.81,11145
-9144,53.83,11144
-9143,53.87,11143
-9142,53.89,11142
-9141,53.89,11141
-9140,53.89,11140
-9139,53.87,11139
-9138,53.85,11138
-9137,53.83,11137
-9136,53.81,11136
-9135,53.8,11135
-9134,53.8,11134
-9133,53.8,11133
-9132,53.81,11132
-9131,53.82,11131
-9130,53.83,11130
-9129,53.83,11129
-9128,53.84,11128
-9127,53.84,11127
-9126,53.84,11126
-9125,53.84,11125
-9124,53.84,11124
-9123,53.84,11123
-9122,53.84,11122
-9121,53.84,11121
-9120,53.84,11120
-9119,53.84,11119
-9118,53.84,11118
-9117,53.84,11117
-9116,53.84,11116
-9115,53.85,11115
-9114,53.85,11114
-9113,53.86,11113
-9112,53.86,11112
-9111,53.87,11111
-9110,53.87,11110
-9109,53.88,11109
-9108,53.88,11108
-9107,53.89,11107
-9106,53.89,11106
-9105,53.9,11105
-9104,53.9,11104
-9103,53.9,11103
-9102,53.91,11102
-9101,53.91,11101
-9100,53.91,11100
-9099,53.91,11099
-9098,53.91,11098
-9097,53.92,11097
-9096,53.92,11096
-9095,53.92,11095
-9094,53.92,11094
-9093,53.93,11093
-9092,53.93,11092
-9091,53.93,11091
-9090,53.93,11090
-9089,53.94,11089
-9088,53.94,11088
-9087,53.95,11087
-9086,53.95,11086
-9085,53.96,11085
-9084,53.96,11084
-9083,53.97,11083
-9082,53.97,11082
-9081,53.98,11081
-9080,53.99,11080
-9079,53.99,11079
-9078,54,11078
-9077,54,11077
-9076,54.01,11076
-9075,54.01,11075
-9074,54.02,11074
-9073,54.02,11073
-9072,54.02,11072
-9071,54.02,11071
-9070,54.02,11070
-9069,54.02,11069
-9068,54.02,11068
-9067,54.02,11067
-9066,54.02,11066
-9065,54.02,11065
-9064,54.02,11064
-9063,54.03,11063
-9062,54.03,11062
-9061,54.04,11061
-9060,54.04,11060
-9059,54.05,11059
-9058,54.06,11058
-9057,54.06,11057
-9056,54.07,11056
-9055,54.07,11055
-9054,54.08,11054
-9053,54.08,11053
-9052,54.09,11052
-9051,54.09,11051
-9050,54.1,11050
-9049,54.1,11049
-9048,54.1,11048
-9047,54.11,11047
-9046,54.11,11046
-9045,54.11,11045
-9044,54.11,11044
-9043,54.11,11043
-9042,54.12,11042
-9041,54.12,11041
-9040,54.12,11040
-9039,54.12,11039
-9038,54.12,11038
-9037,54.12,11037
-9036,54.13,11036
-9035,54.13,11035
-9034,54.14,11034
-9033,54.14,11033
-9032,54.15,11032
-9031,54.16,11031
-9030,54.17,11030
-9029,54.18,11029
-9028,54.19,11028
-9027,54.19,11027
-9026,54.2,11026
-9025,54.2,11025
-9024,54.21,11024
-9023,54.21,11023
-9022,54.21,11022
-9021,54.21,11021
-9020,54.21,11020
-9019,54.22,11019
-9018,54.22,11018
-9017,54.22,11017
-9016,54.22,11016
-9015,54.22,11015
-9014,54.22,11014
-9013,54.23,11013
-9012,54.23,11012
-9011,54.23,11011
-9010,54.24,11010
-9009,54.24,11009
-9008,54.25,11008
-9007,54.26,11007
-9006,54.26,11006
-9005,54.27,11005
-9004,54.27,11004
-9003,54.28,11003
-9002,54.28,11002
-9001,54.28,11001
-9000,54.28,11000
-8999,54.29,10999
-8998,54.29,10998
-8997,54.29,10997
-8996,54.29,10996
-8995,54.3,10995
-8994,54.3,10994
-8993,54.31,10993
-8992,54.31,10992
-8991,54.32,10991
-8990,54.32,10990
-8989,54.33,10989
-8988,54.33,10988
-8987,54.34,10987
-8986,54.34,10986
-8985,54.34,10985
-8984,54.34,10984
-8983,54.35,10983
-8982,54.35,10982
-8981,54.35,10981
-8980,54.35,10980
-8979,54.36,10979
-8978,54.36,10978
-8977,54.37,10977
-8976,54.37,10976
-8975,54.38,10975
-8974,54.38,10974
-8973,54.39,10973
-8972,54.39,10972
-8971,54.4,10971
-8970,54.4,10970
-8969,54.41,10969
-8968,54.41,10968
-8967,54.42,10967
-8966,54.42,10966
-8965,54.43,10965
-8964,54.43,10964
-8963,54.44,10963
-8962,54.44,10962
-8961,54.45,10961
-8960,54.45,10960
-8959,54.46,10959
-8958,54.46,10958
-8957,54.47,10957
-8956,54.47,10956
-8955,54.48,10955
-8954,54.49,10954
-8953,54.49,10953
-8952,54.5,10952
-8951,54.5,10951
-8950,54.51,10950
-8949,54.51,10949
-8948,54.52,10948
-8947,54.52,10947
-8946,54.52,10946
-8945,54.52,10945
-8944,54.53,10944
-8943,54.53,10943
-8942,54.53,10942
-8941,54.53,10941
-8940,54.54,10940
-8939,54.54,10939
-8938,54.54,10938
-8937,54.55,10937
-8936,54.56,10936
-8935,54.56,10935
-8934,54.57,10934
-8933,54.57,10933
-8932,54.58,10932
-8931,54.58,10931
-8930,54.58,10930
-8929,54.59,10929
-8928,54.59,10928
-8927,54.59,10927
-8926,54.59,10926
-8925,54.59,10925
-8924,54.6,10924
-8923,54.6,10923
-8922,54.6,10922
-8921,54.6,10921
-8920,54.6,10920
-8919,54.61,10919
-8918,54.61,10918
-8917,54.61,10917
-8916,54.62,10916
-8915,54.62,10915
-8914,54.63,10914
-8913,54.63,10913
-8912,54.64,10912
-8911,54.64,10911
-8910,54.65,10910
-8909,54.65,10909
-8908,54.66,10908
-8907,54.66,10907
-8906,54.67,10906
-8905,54.67,10905
-8904,54.68,10904
-8903,54.68,10903
-8902,54.69,10902
-8901,54.69,10901
-8900,54.7,10900
-8899,54.7,10899
-8898,54.71,10898
-8897,54.71,10897
-8896,54.72,10896
-8895,54.72,10895
-8894,54.73,10894
-8893,54.73,10893
-8892,54.74,10892
-8891,54.74,10891
-8890,54.75,10890
-8889,54.75,10889
-8888,54.76,10888
-8887,54.76,10887
-8886,54.77,10886
-8885,54.78,10885
-8884,54.78,10884
-8883,54.79,10883
-8882,54.79,10882
-8881,54.8,10881
-8880,54.8,10880
-8879,54.81,10879
-8878,54.81,10878
-8877,54.82,10877
-8876,54.82,10876
-8875,54.82,10875
-8874,54.82,10874
-8873,54.83,10873
-8872,54.83,10872
-8871,54.83,10871
-8870,54.83,10870
-8869,54.84,10869
-8868,54.84,10868
-8867,54.84,10867
-8866,54.85,10866
-8865,54.85,10865
-8864,54.86,10864
-8863,54.87,10863
-8862,54.87,10862
-8861,54.88,10861
-8860,54.88,10860
-8859,54.89,10859
-8858,54.9,10858
-8857,54.9,10857
-8856,54.91,10856
-8855,54.91,10855
-8854,54.91,10854
-8853,54.92,10853
-8852,54.92,10852
-8851,54.92,10851
-8850,54.91,10850
-8849,54.91,10849
-8848,54.91,10848
-8847,54.91,10847
-8846,54.91,10846
-8845,54.92,10845
-8844,54.92,10844
-8843,54.93,10843
-8842,54.94,10842
-8841,54.94,10841
-8840,54.95,10840
-8839,54.96,10839
-8838,54.97,10838
-8837,54.99,10837
-8836,55,10836
-8835,55.01,10835
-8834,55.02,10834
-8833,55.03,10833
-8832,55.04,10832
-8831,55.05,10831
-8830,55.06,10830
-8829,55.06,10829
-8828,55.06,10828
-8827,55.06,10827
-8826,55.06,10826
-8825,55.06,10825
-8824,55.06,10824
-8823,55.05,10823
-8822,55.05,10822
-8821,55.06,10821
-8820,55.06,10820
-8819,55.06,10819
-8818,55.07,10818
-8817,55.07,10817
-8816,55.08,10816
-8815,55.09,10815
-8814,55.1,10814
-8813,55.11,10813
-8812,55.12,10812
-8811,55.13,10811
-8810,55.14,10810
-8809,55.15,10809
-8808,55.16,10808
-8807,55.17,10807
-8806,55.18,10806
-8805,55.19,10805
-8804,55.19,10804
-8803,55.2,10803
-8802,55.2,10802
-8801,55.21,10801
-8800,55.21,10800
-8799,55.21,10799
-8798,55.22,10798
-8797,55.22,10797
-8796,55.22,10796
-8795,55.22,10795
-8794,55.23,10794
-8793,55.23,10793
-8792,55.23,10792
-8791,55.23,10791
-8790,55.24,10790
-8789,55.24,10789
-8788,55.24,10788
-8787,55.24,10787
-8786,55.24,10786
-8785,55.25,10785
-8784,55.25,10784
-8783,55.25,10783
-8782,55.26,10782
-8781,55.26,10781
-8780,55.27,10780
-8779,55.27,10779
-8778,55.28,10778
-8777,55.28,10777
-8776,55.29,10776
-8775,55.3,10775
-8774,55.3,10774
-8773,55.31,10773
-8772,55.31,10772
-8771,55.32,10771
-8770,55.32,10770
-8769,55.33,10769
-8768,55.33,10768
-8767,55.34,10767
-8766,55.34,10766
-8765,55.35,10765
-8764,55.35,10764
-8763,55.36,10763
-8762,55.36,10762
-8761,55.37,10761
-8760,55.37,10760
-8759,55.38,10759
-8758,55.38,10758
-8757,55.39,10757
-8756,55.39,10756
-8755,55.4,10755
-8754,55.4,10754
-8753,55.41,10753
-8752,55.41,10752
-8751,55.42,10751
-8750,55.42,10750
-8749,55.43,10749
-8748,55.43,10748
-8747,55.44,10747
-8746,55.44,10746
-8745,55.45,10745
-8744,55.45,10744
-8743,55.46,10743
-8742,55.46,10742
-8741,55.46,10741
-8740,55.46,10740
-8739,55.46,10739
-8738,55.47,10738
-8737,55.47,10737
-8736,55.47,10736
-8735,55.48,10735
-8734,55.48,10734
-8733,55.49,10733
-8732,55.5,10732
-8731,55.51,10731
-8730,55.52,10730
-8729,55.52,10729
-8728,55.53,10728
-8727,55.54,10727
-8726,55.55,10726
-8725,55.56,10725
-8724,55.57,10724
-8723,55.58,10723
-8722,55.59,10722
-8721,55.61,10721
-8720,55.62,10720
-8719,55.63,10719
-8718,55.64,10718
-8717,55.65,10717
-8716,55.66,10716
-8715,55.67,10715
-8714,55.68,10714
-8713,55.69,10713
-8712,55.7,10712
-8711,55.71,10711
-8710,55.72,10710
-8709,55.72,10709
-8708,55.73,10708
-8707,55.74,10707
-8706,55.75,10706
-8705,55.75,10705
-8704,55.76,10704
-8703,55.76,10703
-8702,55.76,10702
-8701,55.77,10701
-8700,55.77,10700
-8699,55.78,10699
-8698,55.78,10698
-8697,55.79,10697
-8696,55.8,10696
-8695,55.81,10695
-8694,55.83,10694
-8693,55.84,10693
-8692,55.85,10692
-8691,55.87,10691
-8690,55.88,10690
-8689,55.89,10689
-8688,55.9,10688
-8687,55.91,10687
-8686,55.91,10686
-8685,55.91,10685
-8684,55.92,10684
-8683,55.92,10683
-8682,55.93,10682
-8681,55.93,10681
-8680,55.94,10680
-8679,55.95,10679
-8678,55.97,10678
-8677,55.98,10677
-8676,55.99,10676
-8675,56.01,10675
-8674,56.02,10674
-8673,56.03,10673
-8672,56.04,10672
-8671,56.05,10671
-8670,56.06,10670
-8669,56.07,10669
-8668,56.08,10668
-8667,56.08,10667
-8666,56.09,10666
-8665,56.09,10665
-8664,56.1,10664
-8663,56.11,10663
-8662,56.11,10662
-8661,56.12,10661
-8660,56.13,10660
-8659,56.14,10659
-8658,56.15,10658
-8657,56.16,10657
-8656,56.17,10656
-8655,56.18,10655
-8654,56.19,10654
-8653,56.2,10653
-8652,56.21,10652
-8651,56.22,10651
-8650,56.23,10650
-8649,56.24,10649
-8648,56.25,10648
-8647,56.25,10647
-8646,56.26,10646
-8645,56.27,10645
-8644,56.28,10644
-8643,56.28,10643
-8642,56.29,10642
-8641,56.3,10641
-8640,56.3,10640
-8639,56.31,10639
-8638,56.32,10638
-8637,56.33,10637
-8636,56.34,10636
-8635,56.34,10635
-8634,56.35,10634
-8633,56.36,10633
-8632,56.37,10632
-8631,56.37,10631
-8630,56.38,10630
-8629,56.39,10629
-8628,56.4,10628
-8627,56.41,10627
-8626,56.42,10626
-8625,56.43,10625
-8624,56.44,10624
-8623,56.46,10623
-8622,56.47,10622
-8621,56.48,10621
-8620,56.49,10620
-8619,56.5,10619
-8618,56.51,10618
-8617,56.52,10617
-8616,56.53,10616
-8615,56.54,10615
-8614,56.54,10614
-8613,56.55,10613
-8612,56.56,10612
-8611,56.57,10611
-8610,56.57,10610
-8609,56.59,10609
-8608,56.6,10608
-8607,56.61,10607
-8606,56.62,10606
-8605,56.64,10605
-8604,56.65,10604
-8603,56.66,10603
-8602,56.68,10602
-8601,56.69,10601
-8600,56.7,10600
-8599,56.71,10599
-8598,56.72,10598
-8597,56.73,10597
-8596,56.74,10596
-8595,56.75,10595
-8594,56.76,10594
-8593,56.77,10593
-8592,56.77,10592
-8591,56.78,10591
-8590,56.79,10590
-8589,56.8,10589
-8588,56.82,10588
-8587,56.83,10587
-8586,56.84,10586
-8585,56.86,10585
-8584,56.87,10584
-8583,56.89,10583
-8582,56.9,10582
-8581,56.92,10581
-8580,56.94,10580
-8579,56.95,10579
-8578,56.96,10578
-8577,56.98,10577
-8576,56.99,10576
-8575,57,10575
-8574,57.01,10574
-8573,57.02,10573
-8572,57.04,10572
-8571,57.05,10571
-8570,57.07,10570
-8569,57.08,10569
-8568,57.1,10568
-8567,57.12,10567
-8566,57.14,10566
-8565,57.16,10565
-8564,57.18,10564
-8563,57.19,10563
-8562,57.21,10562
-8561,57.22,10561
-8560,57.24,10560
-8559,57.25,10559
-8558,57.26,10558
-8557,57.27,10557
-8556,57.28,10556
-8555,57.29,10555
-8554,57.3,10554
-8553,57.31,10553
-8552,57.32,10552
-8551,57.32,10551
-8550,57.33,10550
-8549,57.34,10549
-8548,57.35,10548
-8547,57.35,10547
-8546,57.37,10546
-8545,57.38,10545
-8544,57.39,10544
-8543,57.4,10543
-8542,57.42,10542
-8541,57.43,10541
-8540,57.44,10540
-8539,57.46,10539
-8538,57.47,10538
-8537,57.49,10537
-8536,57.5,10536
-8535,57.52,10535
-8534,57.53,10534
-8533,57.55,10533
-8532,57.57,10532
-8531,57.58,10531
-8530,57.6,10530
-8529,57.62,10529
-8528,57.64,10528
-8527,57.66,10527
-8526,57.68,10526
-8525,57.69,10525
-8524,57.71,10524
-8523,57.72,10523
-8522,57.73,10522
-8521,57.74,10521
-8520,57.75,10520
-8519,57.76,10519
-8518,57.77,10518
-8517,57.78,10517
-8516,57.79,10516
-8515,57.8,10515
-8514,57.81,10514
-8513,57.82,10513
-8512,57.84,10512
-8511,57.85,10511
-8510,57.86,10510
-8509,57.88,10509
-8508,57.89,10508
-8507,57.91,10507
-8506,57.92,10506
-8505,57.94,10505
-8504,57.95,10504
-8503,57.97,10503
-8502,57.98,10502
-8501,58,10501
-8500,58.02,10500
-8499,58.03,10499
-8498,58.05,10498
-8497,58.07,10497
-8496,58.09,10496
-8495,58.11,10495
-8494,58.12,10494
-8493,58.14,10493
-8492,58.16,10492
-8491,58.17,10491
-8490,58.19,10490
-8489,58.21,10489
-8488,58.22,10488
-8487,58.23,10487
-8486,58.25,10486
-8485,58.26,10485
-8484,58.28,10484
-8483,58.29,10483
-8482,58.31,10482
-8481,58.32,10481
-8480,58.34,10480
-8479,58.35,10479
-8478,58.37,10478
-8477,58.39,10477
-8476,58.4,10476
-8475,58.42,10475
-8474,58.44,10474
-8473,58.46,10473
-8472,58.48,10472
-8471,58.49,10471
-8470,58.51,10470
-8469,58.53,10469
-8468,58.54,10468
-8467,58.56,10467
-8466,58.57,10466
-8465,58.59,10465
-8464,58.6,10464
-8463,58.62,10463
-8462,58.63,10462
-8461,58.65,10461
-8460,58.67,10460
-8459,58.69,10459
-8458,58.71,10458
-8457,58.73,10457
-8456,58.75,10456
-8455,58.77,10455
-8454,58.79,10454
-8453,58.81,10453
-8452,58.83,10452
-8451,58.85,10451
-8450,58.87,10450
-8449,58.89,10449
-8448,58.9,10448
-8447,58.92,10447
-8446,58.94,10446
-8445,58.95,10445
-8444,58.97,10444
-8443,58.99,10443
-8442,59.01,10442
-8441,59.03,10441
-8440,59.04,10440
-8439,59.06,10439
-8438,59.08,10438
-8437,59.1,10437
-8436,59.12,10436
-8435,59.13,10435
-8434,59.15,10434
-8433,59.17,10433
-8432,59.19,10432
-8431,59.2,10431
-8430,59.22,10430
-8429,59.24,10429
-8428,59.26,10428
-8427,59.27,10427
-8426,59.29,10426
-8425,59.31,10425
-8424,59.33,10424
-8423,59.35,10423
-8422,59.36,10422
-8421,59.38,10421
-8420,59.4,10420
-8419,59.42,10419
-8418,59.44,10418
-8417,59.45,10417
-8416,59.47,10416
-8415,59.49,10415
-8414,59.51,10414
-8413,59.52,10413
-8412,59.54,10412
-8411,59.56,10411
-8410,59.57,10410
-8409,59.59,10409
-8408,59.61,10408
-8407,59.63,10407
-8406,59.65,10406
-8405,59.67,10405
-8404,59.7,10404
-8403,59.72,10403
-8402,59.74,10402
-8401,59.77,10401
-8400,59.79,10400
-8399,59.81,10399
-8398,59.83,10398
-8397,59.85,10397
-8396,59.86,10396
-8395,59.87,10395
-8394,59.89,10394
-8393,59.9,10393
-8392,59.91,10392
-8391,59.92,10391
-8390,59.93,10390
-8389,59.94,10389
-8388,59.96,10388
-8387,59.97,10387
-8386,59.99,10386
-8385,60.01,10385
-8384,60.03,10384
-8383,60.06,10383
-8382,60.08,10382
-8381,60.11,10381
-8380,60.14,10380
-8379,60.17,10379
-8378,60.2,10378
-8377,60.24,10377
-8376,60.27,10376
-8375,60.3,10375
-8374,60.33,10374
-8373,60.35,10373
-8372,60.38,10372
-8371,60.41,10371
-8370,60.43,10370
-8369,60.46,10369
-8368,60.48,10368
-8367,60.5,10367
-8366,60.53,10366
-8365,60.55,10365
-8364,60.57,10364
-8363,60.59,10363
-8362,60.62,10362
-8361,60.64,10361
-8360,60.66,10360
-8359,60.69,10359
-8358,60.71,10358
-8357,60.73,10357
-8356,60.75,10356
-8355,60.77,10355
-8354,60.79,10354
-8353,60.81,10353
-8352,60.83,10352
-8351,60.85,10351
-8350,60.86,10350
-8349,60.88,10349
-8348,60.9,10348
-8347,60.91,10347
-8346,60.93,10346
-8345,60.95,10345
-8344,60.97,10344
-8343,60.99,10343
-8342,61.01,10342
-8341,61.04,10341
-8340,61.06,10340
-8339,61.09,10339
-8338,61.11,10338
-8337,61.14,10337
-8336,61.17,10336
-8335,61.2,10335
-8334,61.22,10334
-8333,61.25,10333
-8332,61.28,10332
-8331,61.3,10331
-8330,61.33,10330
-8329,61.35,10329
-8328,61.38,10328
-8327,61.4,10327
-8326,61.42,10326
-8325,61.43,10325
-8324,61.45,10324
-8323,61.47,10323
-8322,61.48,10322
-8321,61.5,10321
-8320,61.52,10320
-8319,61.54,10319
-8318,61.56,10318
-8317,61.58,10317
-8316,61.6,10316
-8315,61.62,10315
-8314,61.64,10314
-8313,61.66,10313
-8312,61.68,10312
-8311,61.7,10311
-8310,61.73,10310
-8309,61.75,10309
-8308,61.77,10308
-8307,61.79,10307
-8306,61.82,10306
-8305,61.84,10305
-8304,61.86,10304
-8303,61.89,10303
-8302,61.91,10302
-8301,61.93,10301
-8300,61.96,10300
-8299,61.98,10299
-8298,62,10298
-8297,62.02,10297
-8296,62.05,10296
-8295,62.07,10295
-8294,62.09,10294
-8293,62.11,10293
-8292,62.13,10292
-8291,62.15,10291
-8290,62.17,10290
-8289,62.19,10289
-8288,62.21,10288
-8287,62.23,10287
-8286,62.24,10286
-8285,62.26,10285
-8284,62.28,10284
-8283,62.3,10283
-8282,62.31,10282
-8281,62.33,10281
-8280,62.35,10280
-8279,62.37,10279
-8278,62.39,10278
-8277,62.41,10277
-8276,62.43,10276
-8275,62.46,10275
-8274,62.49,10274
-8273,62.51,10273
-8272,62.55,10272
-8271,62.58,10271
-8270,62.62,10270
-8269,62.66,10269
-8268,62.69,10268
-8267,62.73,10267
-8266,62.76,10266
-8265,62.79,10265
-8264,62.82,10264
-8263,62.85,10263
-8262,62.87,10262
-8261,62.89,10261
-8260,62.91,10260
-8259,62.93,10259
-8258,62.94,10258
-8257,62.96,10257
-8256,62.97,10256
-8255,62.99,10255
-8254,63.01,10254
-8253,63.02,10253
-8252,63.04,10252
-8251,63.06,10251
-8250,63.08,10250
-8249,63.1,10249
-8248,63.13,10248
-8247,63.15,10247
-8246,63.18,10246
-8245,63.21,10245
-8244,63.24,10244
-8243,63.27,10243
-8242,63.31,10242
-8241,63.34,10241
-8240,63.38,10240
-8239,63.42,10239
-8238,63.46,10238
-8237,63.5,10237
-8236,63.54,10236
-8235,63.58,10235
-8234,63.62,10234
-8233,63.65,10233
-8232,63.69,10232
-8231,63.72,10231
-8230,63.75,10230
-8229,63.78,10229
-8228,63.81,10228
-8227,63.84,10227
-8226,63.87,10226
-8225,63.89,10225
-8224,63.92,10224
-8223,63.94,10223
-8222,63.97,10222
-8221,64,10221
-8220,64.03,10220
-8219,64.06,10219
-8218,64.09,10218
-8217,64.12,10217
-8216,64.16,10216
-8215,64.2,10215
-8214,64.24,10214
-8213,64.28,10213
-8212,64.33,10212
-8211,64.37,10211
-8210,64.41,10210
-8209,64.45,10209
-8208,64.5,10208
-8207,64.54,10207
-8206,64.58,10206
-8205,64.62,10205
-8204,64.66,10204
-8203,64.7,10203
-8202,64.74,10202
-8201,64.78,10201
-8200,64.82,10200
-8199,64.86,10199
-8198,64.9,10198
-8197,64.94,10197
-8196,64.98,10196
-8195,65.02,10195
-8194,65.06,10194
-8193,65.11,10193
-8192,65.15,10192
-8191,65.2,10191
-8190,65.24,10190
-8189,65.29,10189
-8188,65.34,10188
-8187,65.38,10187
-8186,65.43,10186
-8185,65.48,10185
-8184,65.52,10184
-8183,65.57,10183
-8182,65.62,10182
-8181,65.67,10181
-8180,65.72,10180
-8179,65.77,10179
-8178,65.82,10178
-8177,65.87,10177
-8176,65.92,10176
-8175,65.97,10175
-8174,66.03,10174
-8173,66.08,10173
-8172,66.13,10172
-8171,66.18,10171
-8170,66.22,10170
-8169,66.27,10169
-8168,66.31,10168
-8167,66.35,10167
-8166,66.39,10166
-8165,66.43,10165
-8164,66.47,10164
-8163,66.5,10163
-8162,66.54,10162
-8161,66.57,10161
-8160,66.61,10160
-8159,66.64,10159
-8158,66.68,10158
-8157,66.71,10157
-8156,66.75,10156
-8155,66.79,10155
-8154,66.83,10154
-8153,66.87,10153
-8152,66.91,10152
-8151,66.96,10151
-8150,67.01,10150
-8149,67.05,10149
-8148,67.1,10148
-8147,67.16,10147
-8146,67.21,10146
-8145,67.26,10145
-8144,67.31,10144
-8143,67.36,10143
-8142,67.41,10142
-8141,67.45,10141
-8140,67.49,10140
-8139,67.52,10139
-8138,67.54,10138
-8137,67.56,10137
-8136,67.58,10136
-8135,67.59,10135
-8134,67.61,10134
-8133,67.62,10133
-8132,67.64,10132
-8131,67.66,10131
-8130,67.68,10130
-8129,67.71,10129
-8128,67.74,10128
-8127,67.77,10127
-8126,67.8,10126
-8125,67.82,10125
-8124,67.84,10124
-8123,67.86,10123
-8122,67.87,10122
-8121,67.87,10121
-8120,67.88,10120
-8119,67.88,10119
-8118,67.87,10118
-8117,67.87,10117
-8116,67.87,10116
-8115,67.87,10115
-8114,67.87,10114
-8113,67.87,10113
-8112,67.87,10112
-8111,67.88,10111
-8110,67.88,10110
-8109,67.89,10109
-8108,67.89,10108
-8107,67.89,10107
-8106,67.89,10106
-8105,67.9,10105
-8104,67.9,10104
-8103,67.9,10103
-8102,67.9,10102
-8101,67.89,10101
-8100,67.89,10100
-8099,67.89,10099
-8098,67.88,10098
-8097,67.87,10097
-8096,67.86,10096
-8095,67.86,10095
-8094,67.85,10094
-8093,67.84,10093
-8092,67.83,10092
-8091,67.82,10091
-8090,67.81,10090
-8089,67.8,10089
-8088,67.79,10088
-8087,67.78,10087
-8086,67.77,10086
-8085,67.76,10085
-8084,67.75,10084
-8083,67.73,10083
-8082,67.72,10082
-8081,67.71,10081
-8080,67.69,10080
-8079,67.68,10079
-8078,67.66,10078
-8077,67.64,10077
-8076,67.62,10076
-8075,67.6,10075
-8074,67.58,10074
-8073,67.56,10073
-8072,67.53,10072
-8071,67.51,10071
-8070,67.49,10070
-8069,67.46,10069
-8068,67.44,10068
-8067,67.41,10067
-8066,67.39,10066
-8065,67.37,10065
-8064,67.35,10064
-8063,67.32,10063
-8062,67.3,10062
-8061,67.28,10061
-8060,67.25,10060
-8059,67.23,10059
-8058,67.21,10058
-8057,67.18,10057
-8056,67.16,10056
-8055,67.13,10055
-8054,67.1,10054
-8053,67.08,10053
-8052,67.05,10052
-8051,67.01,10051
-8050,66.98,10050
-8049,66.94,10049
-8048,66.91,10048
-8047,66.87,10047
-8046,66.83,10046
-8045,66.79,10045
-8044,66.75,10044
-8043,66.71,10043
-8042,66.67,10042
-8041,66.63,10041
-8040,66.59,10040
-8039,66.54,10039
-8038,66.51,10038
-8037,66.47,10037
-8036,66.43,10036
-8035,66.39,10035
-8034,66.36,10034
-8033,66.32,10033
-8032,66.29,10032
-8031,66.25,10031
-8030,66.22,10030
-8029,66.18,10029
-8028,66.14,10028
-8027,66.1,10027
-8026,66.06,10026
-8025,66.02,10025
-8024,65.98,10024
-8023,65.94,10023
-8022,65.9,10022
-8021,65.85,10021
-8020,65.81,10020
-8019,65.77,10019
-8018,65.72,10018
-8017,65.68,10017
-8016,65.63,10016
-8015,65.58,10015
-8014,65.53,10014
-8013,65.48,10013
-8012,65.43,10012
-8011,65.38,10011
-8010,65.33,10010
-8009,65.28,10009
-8008,65.23,10008
-8007,65.18,10007
-8006,65.13,10006
-8005,65.08,10005
-8004,65.04,10004
-8003,64.99,10003
-8002,64.95,10002
-8001,64.91,10001
-8000,64.87,10000
-7999,64.82,9999
-7998,64.78,9998
-7997,64.74,9997
-7996,64.69,9996
-7995,64.65,9995
-7994,64.6,9994
-7993,64.55,9993
-7992,64.51,9992
-7991,64.46,9991
-7990,64.41,9990
-7989,64.37,9989
-7988,64.32,9988
-7987,64.28,9987
-7986,64.23,9986
-7985,64.19,9985
-7984,64.14,9984
-7983,64.09,9983
-7982,64.04,9982
-7981,63.98,9981
-7980,63.93,9980
-7979,63.87,9979
-7978,63.82,9978
-7977,63.77,9977
-7976,63.73,9976
-7975,63.7,9975
-7974,63.67,9974
-7973,63.65,9973
-7972,63.64,9972
-7971,63.63,9971
-7970,63.61,9970
-7969,63.6,9969
-7968,63.57,9968
-7967,63.54,9967
-7966,63.49,9966
-7965,63.43,9965
-7964,63.36,9964
-7963,63.28,9963
-7962,63.2,9962
-7961,63.11,9961
-7960,63.03,9960
-7959,62.95,9959
-7958,62.87,9958
-7957,62.8,9957
-7956,62.74,9956
-7955,62.69,9955
-7954,62.64,9954
-7953,62.59,9953
-7952,62.55,9952
-7951,62.51,9951
-7950,62.47,9950
-7949,62.44,9949
-7948,62.4,9948
-7947,62.37,9947
-7946,62.34,9946
-7945,62.3,9945
-7944,62.26,9944
-7943,62.22,9943
-7942,62.18,9942
-7941,62.13,9941
-7940,62.09,9940
-7939,62.04,9939
-7938,61.99,9938
-7937,61.94,9937
-7936,61.89,9936
-7935,61.84,9935
-7934,61.79,9934
-7933,61.74,9933
-7932,61.7,9932
-7931,61.65,9931
-7930,61.61,9930
-7929,61.56,9929
-7928,61.52,9928
-7927,61.47,9927
-7926,61.42,9926
-7925,61.38,9925
-7924,61.33,9924
-7923,61.28,9923
-7922,61.23,9922
-7921,61.18,9921
-7920,61.13,9920
-7919,61.08,9919
-7918,61.04,9918
-7917,60.99,9917
-7916,60.94,9916
-7915,60.89,9915
-7914,60.85,9914
-7913,60.8,9913
-7912,60.75,9912
-7911,60.7,9911
-7910,60.64,9910
-7909,60.59,9909
-7908,60.54,9908
-7907,60.48,9907
-7906,60.42,9906
-7905,60.36,9905
-7904,60.3,9904
-7903,60.24,9903
-7902,60.18,9902
-7901,60.12,9901
-7900,60.05,9900
-7899,59.99,9899
-7898,59.93,9898
-7897,59.87,9897
-7896,59.81,9896
-7895,59.76,9895
-7894,59.71,9894
-7893,59.67,9893
-7892,59.63,9892
-7891,59.59,9891
-7890,59.55,9890
-7889,59.51,9889
-7888,59.47,9888
-7887,59.43,9887
-7886,59.39,9886
-7885,59.35,9885
-7884,59.3,9884
-7883,59.26,9883
-7882,59.22,9882
-7881,59.17,9881
-7880,59.12,9880
-7879,59.07,9879
-7878,59.02,9878
-7877,58.96,9877
-7876,58.9,9876
-7875,58.85,9875
-7874,58.79,9874
-7873,58.73,9873
-7872,58.67,9872
-7871,58.61,9871
-7870,58.56,9870
-7869,58.5,9869
-7868,58.45,9868
-7867,58.39,9867
-7866,58.34,9866
-7865,58.29,9865
-7864,58.25,9864
-7863,58.21,9863
-7862,58.17,9862
-7861,58.13,9861
-7860,58.09,9860
-7859,58.05,9859
-7858,58.01,9858
-7857,57.97,9857
-7856,57.92,9856
-7855,57.87,9855
-7854,57.82,9854
-7853,57.77,9853
-7852,57.72,9852
-7851,57.66,9851
-7850,57.61,9850
-7849,57.56,9849
-7848,57.52,9848
-7847,57.47,9847
-7846,57.43,9846
-7845,57.39,9845
-7844,57.36,9844
-7843,57.32,9843
-7842,57.29,9842
-7841,57.25,9841
-7840,57.22,9840
-7839,57.19,9839
-7838,57.15,9838
-7837,57.12,9837
-7836,57.08,9836
-7835,57.05,9835
-7834,57.01,9834
-7833,56.97,9833
-7832,56.93,9832
-7831,56.89,9831
-7830,56.84,9830
-7829,56.8,9829
-7828,56.76,9828
-7827,56.72,9827
-7826,56.68,9826
-7825,56.65,9825
-7824,56.61,9824
-7823,56.59,9823
-7822,56.56,9822
-7821,56.53,9821
-7820,56.51,9820
-7819,56.48,9819
-7818,56.45,9818
-7817,56.42,9817
-7816,56.39,9816
-7815,56.35,9815
-7814,56.32,9814
-7813,56.28,9813
-7812,56.24,9812
-7811,56.2,9811
-7810,56.17,9810
-7809,56.14,9809
-7808,56.11,9808
-7807,56.08,9807
-7806,56.06,9806
-7805,56.04,9805
-7804,56.02,9804
-7803,56,9803
-7802,55.98,9802
-7801,55.96,9801
-7800,55.94,9800
-7799,55.93,9799
-7798,55.91,9798
-7797,55.89,9797
-7796,55.87,9796
-7795,55.85,9795
-7794,55.84,9794
-7793,55.82,9793
-7792,55.8,9792
-7791,55.79,9791
-7790,55.77,9790
-7789,55.75,9789
-7788,55.74,9788
-7787,55.73,9787
-7786,55.71,9786
-7785,55.7,9785
-7784,55.69,9784
-7783,55.68,9783
-7782,55.68,9782
-7781,55.67,9781
-7780,55.66,9780
-7779,55.66,9779
-7778,55.65,9778
-7777,55.65,9777
-7776,55.64,9776
-7775,55.64,9775
-7774,55.64,9774
-7773,55.63,9773
-7772,55.63,9772
-7771,55.63,9771
-7770,55.63,9770
-7769,55.64,9769
-7768,55.64,9768
-7767,55.65,9767
-7766,55.65,9766
-7765,55.66,9765
-7764,55.67,9764
-7763,55.68,9763
-7762,55.7,9762
-7761,55.71,9761
-7760,55.73,9760
-7759,55.75,9759
-7758,55.77,9758
-7757,55.79,9757
-7756,55.8,9756
-7755,55.82,9755
-7754,55.84,9754
-7753,55.86,9753
-7752,55.88,9752
-7751,55.9,9751
-7750,55.91,9750
-7749,55.93,9749
-7748,55.95,9748
-7747,55.97,9747
-7746,55.98,9746
-7745,56,9745
-7744,56.03,9744
-7743,56.05,9743
-7742,56.08,9742
-7741,56.11,9741
-7740,56.14,9740
-7739,56.18,9739
-7738,56.23,9738
-7737,56.28,9737
-7736,56.34,9736
-7735,56.39,9735
-7734,56.45,9734
-7733,56.5,9733
-7732,56.55,9732
-7731,56.59,9731
-7730,56.62,9730
-7729,56.65,9729
-7728,56.68,9728
-7727,56.7,9727
-7726,56.72,9726
-7725,56.75,9725
-7724,56.78,9724
-7723,56.81,9723
-7722,56.86,9722
-7721,56.91,9721
-7720,56.96,9720
-7719,57.02,9719
-7718,57.08,9718
-7717,57.14,9717
-7716,57.21,9716
-7715,57.27,9715
-7714,57.33,9714
-7713,57.39,9713
-7712,57.45,9712
-7711,57.5,9711
-7710,57.56,9710
-7709,57.62,9709
-7708,57.67,9708
-7707,57.73,9707
-7706,57.79,9706
-7705,57.85,9705
-7704,57.92,9704
-7703,57.99,9703
-7702,58.06,9702
-7701,58.14,9701
-7700,58.23,9700
-7699,58.32,9699
-7698,58.42,9698
-7697,58.52,9697
-7696,58.62,9696
-7695,58.71,9695
-7694,58.81,9694
-7693,58.89,9693
-7692,58.97,9692
-7691,59.03,9691
-7690,59.09,9690
-7689,59.13,9689
-7688,59.17,9688
-7687,59.21,9687
-7686,59.25,9686
-7685,59.29,9685
-7684,59.34,9684
-7683,59.4,9683
-7682,59.46,9682
-7681,59.54,9681
-7680,59.62,9680
-7679,59.71,9679
-7678,59.8,9678
-7677,59.89,9677
-7676,59.98,9676
-7675,60.07,9675
-7674,60.16,9674
-7673,60.26,9673
-7672,60.35,9672
-7671,60.44,9671
-7670,60.54,9670
-7669,60.65,9669
-7668,60.76,9668
-7667,60.88,9667
-7666,61,9666
-7665,61.12,9665
-7664,61.24,9664
-7663,61.35,9663
-7662,61.45,9662
-7661,61.55,9661
-7660,61.63,9660
-7659,61.69,9659
-7658,61.75,9658
-7657,61.8,9657
-7656,61.85,9656
-7655,61.91,9655
-7654,61.97,9654
-7653,62.06,9653
-7652,62.17,9652
-7651,62.3,9651
-7650,62.45,9650
-7649,62.61,9649
-7648,62.77,9648
-7647,62.93,9647
-7646,63.09,9646
-7645,63.23,9645
-7644,63.34,9644
-7643,63.44,9643
-7642,63.53,9642
-7641,63.6,9641
-7640,63.67,9640
-7639,63.73,9639
-7638,63.81,9638
-7637,63.89,9637
-7636,63.99,9636
-7635,64.1,9635
-7634,64.23,9634
-7633,64.36,9633
-7632,64.5,9632
-7631,64.64,9631
-7630,64.78,9630
-7629,64.91,9629
-7628,65.04,9628
-7627,65.16,9627
-7626,65.27,9626
-7625,65.38,9625
-7624,65.48,9624
-7623,65.57,9623
-7622,65.66,9622
-7621,65.75,9621
-7620,65.83,9620
-7619,65.91,9619
-7618,65.99,9618
-7617,66.07,9617
-7616,66.15,9616
-7615,66.23,9615
-7614,66.32,9614
-7613,66.41,9613
-7612,66.5,9612
-7611,66.6,9611
-7610,66.7,9610
-7609,66.8,9609
-7608,66.9,9608
-7607,67,9607
-7606,67.1,9606
-7605,67.2,9605
-7604,67.3,9604
-7603,67.39,9603
-7602,67.48,9602
-7601,67.56,9601
-7600,67.64,9600
-7599,67.72,9599
-7598,67.79,9598
-7597,67.86,9597
-7596,67.93,9596
-7595,67.99,9595
-7594,68.06,9594
-7593,68.12,9593
-7592,68.19,9592
-7591,68.25,9591
-7590,68.32,9590
-7589,68.39,9589
-7588,68.47,9588
-7587,68.55,9587
-7586,68.63,9586
-7585,68.71,9585
-7584,68.79,9584
-7583,68.86,9583
-7582,68.93,9582
-7581,69,9581
-7580,69.06,9580
-7579,69.11,9579
-7578,69.16,9578
-7577,69.21,9577
-7576,69.25,9576
-7575,69.3,9575
-7574,69.34,9574
-7573,69.39,9573
-7572,69.43,9572
-7571,69.48,9571
-7570,69.52,9570
-7569,69.57,9569
-7568,69.61,9568
-7567,69.65,9567
-7566,69.69,9566
-7565,69.73,9565
-7564,69.76,9564
-7563,69.8,9563
-7562,69.83,9562
-7561,69.86,9561
-7560,69.88,9560
-7559,69.91,9559
-7558,69.93,9558
-7557,69.95,9557
-7556,69.97,9556
-7555,69.98,9555
-7554,70,9554
-7553,70.01,9553
-7552,70.03,9552
-7551,70.04,9551
-7550,70.05,9550
-7549,70.06,9549
-7548,70.07,9548
-7547,70.08,9547
-7546,70.09,9546
-7545,70.1,9545
-7544,70.11,9544
-7543,70.12,9543
-7542,70.13,9542
-7541,70.14,9541
-7540,70.14,9540
-7539,70.15,9539
-7538,70.15,9538
-7537,70.16,9537
-7536,70.16,9536
-7535,70.16,9535
-7534,70.17,9534
-7533,70.17,9533
-7532,70.18,9532
-7531,70.18,9531
-7530,70.19,9530
-7529,70.19,9529
-7528,70.2,9528
-7527,70.2,9527
-7526,70.21,9526
-7525,70.22,9525
-7524,70.23,9524
-7523,70.23,9523
-7522,70.24,9522
-7521,70.25,9521
-7520,70.26,9520
-7519,70.26,9519
-7518,70.27,9518
-7517,70.28,9517
-7516,70.29,9516
-7515,70.29,9515
-7514,70.3,9514
-7513,70.3,9513
-7512,70.3,9512
-7511,70.31,9511
-7510,70.31,9510
-7509,70.31,9509
-7508,70.31,9508
-7507,70.31,9507
-7506,70.31,9506
-7505,70.3,9505
-7504,70.3,9504
-7503,70.31,9503
-7502,70.31,9502
-7501,70.31,9501
-7500,70.31,9500
-7499,70.32,9499
-7498,70.32,9498
-7497,70.32,9497
-7496,70.32,9496
-7495,70.33,9495
-7494,70.33,9494
-7493,70.33,9493
-7492,70.33,9492
-7491,70.33,9491
-7490,70.33,9490
-7489,70.33,9489
-7488,70.33,9488
-7487,70.32,9487
-7486,70.32,9486
-7485,70.32,9485
-7484,70.32,9484
-7483,70.32,9483
-7482,70.32,9482
-7481,70.32,9481
-7480,70.33,9480
-7479,70.33,9479
-7478,70.33,9478
-7477,70.33,9477
-7476,70.33,9476
-7475,70.33,9475
-7474,70.33,9474
-7473,70.33,9473
-7472,70.33,9472
-7471,70.32,9471
-7470,70.32,9470
-7469,70.32,9469
-7468,70.32,9468
-7467,70.32,9467
-7466,70.32,9466
-7465,70.32,9465
-7464,70.33,9464
-7463,70.33,9463
-7462,70.33,9462
-7461,70.33,9461
-7460,70.33,9460
-7459,70.34,9459
-7458,70.34,9458
-7457,70.34,9457
-7456,70.35,9456
-7455,70.35,9455
-7454,70.35,9454
-7453,70.35,9453
-7452,70.36,9452
-7451,70.36,9451
-7450,70.36,9450
-7449,70.36,9449
-7448,70.37,9448
-7447,70.37,9447
-7446,70.37,9446
-7445,70.37,9445
-7444,70.37,9444
-7443,70.37,9443
-7442,70.37,9442
-7441,70.37,9441
-7440,70.36,9440
-7439,70.36,9439
-7438,70.36,9438
-7437,70.36,9437
-7436,70.36,9436
-7435,70.36,9435
-7434,70.36,9434
-7433,70.36,9433
-7432,70.37,9432
-7431,70.37,9431
-7430,70.37,9430
-7429,70.37,9429
-7428,70.37,9428
-7427,70.37,9427
-7426,70.37,9426
-7425,70.37,9425
-7424,70.36,9424
-7423,70.36,9423
-7422,70.36,9422
-7421,70.36,9421
-7420,70.36,9420
-7419,70.36,9419
-7418,70.36,9418
-7417,70.36,9417
-7416,70.37,9416
-7415,70.37,9415
-7414,70.37,9414
-7413,70.37,9413
-7412,70.38,9412
-7411,70.38,9411
-7410,70.38,9410
-7409,70.39,9409
-7408,70.39,9408
-7407,70.39,9407
-7406,70.39,9406
-7405,70.4,9405
-7404,70.4,9404
-7403,70.4,9403
-7402,70.4,9402
-7401,70.41,9401
-7400,70.41,9400
-7399,70.41,9399
-7398,70.41,9398
-7397,70.41,9397
-7396,70.41,9396
-7395,70.41,9395
-7394,70.41,9394
-7393,70.4,9393
-7392,70.4,9392
-7391,70.4,9391
-7390,70.4,9390
-7389,70.4,9389
-7388,70.4,9388
-7387,70.4,9387
-7386,70.4,9386
-7385,70.41,9385
-7384,70.41,9384
-7383,70.41,9383
-7382,70.41,9382
-7381,70.41,9381
-7380,70.41,9380
-7379,70.41,9379
-7378,70.4,9378
-7377,70.4,9377
-7376,70.4,9376
-7375,70.4,9375
-7374,70.4,9374
-7373,70.4,9373
-7372,70.4,9372
-7371,70.4,9371
-7370,70.4,9370
-7369,70.4,9369
-7368,70.4,9368
-7367,70.4,9367
-7366,70.4,9366
-7365,70.4,9365
-7364,70.4,9364
-7363,70.4,9363
-7362,70.4,9362
-7361,70.4,9361
-7360,70.4,9360
-7359,70.4,9359
-7358,70.4,9358
-7357,70.4,9357
-7356,70.4,9356
-7355,70.4,9355
-7354,70.4,9354
-7353,70.4,9353
-7352,70.41,9352
-7351,70.41,9351
-7350,70.41,9350
-7349,70.41,9349
-7348,70.41,9348
-7347,70.4,9347
-7346,70.4,9346
-7345,70.4,9345
-7344,70.4,9344
-7343,70.4,9343
-7342,70.4,9342
-7341,70.4,9341
-7340,70.4,9340
-7339,70.4,9339
-7338,70.41,9338
-7337,70.41,9337
-7336,70.41,9336
-7335,70.41,9335
-7334,70.41,9334
-7333,70.41,9333
-7332,70.41,9332
-7331,70.41,9331
-7330,70.4,9330
-7329,70.4,9329
-7328,70.4,9328
-7327,70.4,9327
-7326,70.4,9326
-7325,70.4,9325
-7324,70.4,9324
-7323,70.4,9323
-7322,70.41,9322
-7321,70.41,9321
-7320,70.41,9320
-7319,70.41,9319
-7318,70.42,9318
-7317,70.42,9317
-7316,70.42,9316
-7315,70.42,9315
-7314,70.43,9314
-7313,70.43,9313
-7312,70.43,9312
-7311,70.43,9311
-7310,70.43,9310
-7309,70.43,9309
-7308,70.43,9308
-7307,70.42,9307
-7306,70.42,9306
-7305,70.42,9305
-7304,70.42,9304
-7303,70.42,9303
-7302,70.43,9302
-7301,70.43,9301
-7300,70.43,9300
-7299,70.42,9299
-7298,70.42,9298
-7297,70.42,9297
-7296,70.42,9296
-7295,70.42,9295
-7294,70.42,9294
-7293,70.42,9293
-7292,70.42,9292
-7291,70.43,9291
-7290,70.43,9290
-7289,70.43,9289
-7288,70.43,9288
-7287,70.44,9287
-7286,70.44,9286
-7285,70.44,9285
-7284,70.44,9284
-7283,70.45,9283
-7282,70.45,9282
-7281,70.45,9281
-7280,70.45,9280
-7279,70.45,9279
-7278,70.45,9278
-7277,70.45,9277
-7276,70.45,9276
-7275,70.44,9275
-7274,70.44,9274
-7273,70.44,9273
-7272,70.44,9272
-7271,70.44,9271
-7270,70.44,9270
-7269,70.44,9269
-7268,70.44,9268
-7267,70.44,9267
-7266,70.45,9266
-7265,70.45,9265
-7264,70.45,9264
-7263,70.45,9263
-7262,70.44,9262
-7261,70.44,9261
-7260,70.44,9260
-7259,70.44,9259
-7258,70.44,9258
-7257,70.44,9257
-7256,70.44,9256
-7255,70.44,9255
-7254,70.44,9254
-7253,70.44,9253
-7252,70.44,9252
-7251,70.44,9251
-7250,70.44,9250
-7249,70.44,9249
-7248,70.44,9248
-7247,70.44,9247
-7246,70.44,9246
-7245,70.44,9245
-7244,70.44,9244
-7243,70.44,9243
-7242,70.44,9242
-7241,70.44,9241
-7240,70.44,9240
-7239,70.44,9239
-7238,70.44,9238
-7237,70.44,9237
-7236,70.44,9236
-7235,70.44,9235
-7234,70.44,9234
-7233,70.44,9233
-7232,70.44,9232
-7231,70.44,9231
-7230,70.44,9230
-7229,70.44,9229
-7228,70.44,9228
-7227,70.44,9227
-7226,70.44,9226
-7225,70.44,9225
-7224,70.44,9224
-7223,70.44,9223
-7222,70.44,9222
-7221,70.44,9221
-7220,70.44,9220
-7219,70.44,9219
-7218,70.44,9218
-7217,70.44,9217
-7216,70.44,9216
-7215,70.44,9215
-7214,70.44,9214
-7213,70.44,9213
-7212,70.44,9212
-7211,70.44,9211
-7210,70.44,9210
-7209,70.44,9209
-7208,70.44,9208
-7207,70.44,9207
-7206,70.44,9206
-7205,70.44,9205
-7204,70.44,9204
-7203,70.44,9203
-7202,70.44,9202
-7201,70.44,9201
-7200,70.44,9200
-7199,70.44,9199
-7198,70.44,9198
-7197,70.44,9197
-7196,70.44,9196
-7195,70.44,9195
-7194,70.44,9194
-7193,70.44,9193
-7192,70.44,9192
-7191,70.44,9191
-7190,70.44,9190
-7189,70.44,9189
-7188,70.44,9188
-7187,70.44,9187
-7186,70.44,9186
-7185,70.44,9185
-7184,70.44,9184
-7183,70.44,9183
-7182,70.44,9182
-7181,70.44,9181
-7180,70.44,9180
-7179,70.44,9179
-7178,70.44,9178
-7177,70.44,9177
-7176,70.44,9176
-7175,70.44,9175
-7174,70.44,9174
-7173,70.44,9173
-7172,70.44,9172
-7171,70.44,9171
-7170,70.44,9170
-7169,70.44,9169
-7168,70.44,9168
-7167,70.44,9167
-7166,70.44,9166
-7165,70.44,9165
-7164,70.44,9164
-7163,70.44,9163
-7162,70.44,9162
-7161,70.44,9161
-7160,70.44,9160
-7159,70.44,9159
-7158,70.44,9158
-7157,70.44,9157
-7156,70.44,9156
-7155,70.44,9155
-7154,70.44,9154
-7153,70.44,9153
-7152,70.44,9152
-7151,70.44,9151
-7150,70.44,9150
-7149,70.44,9149
-7148,70.44,9148
-7147,70.44,9147
-7146,70.44,9146
-7145,70.44,9145
-7144,70.44,9144
-7143,70.44,9143
-7142,70.44,9142
-7141,70.44,9141
-7140,70.44,9140
-7139,70.44,9139
-7138,70.44,9138
-7137,70.44,9137
-7136,70.44,9136
-7135,70.44,9135
-7134,70.44,9134
-7133,70.44,9133
-7132,70.44,9132
-7131,70.44,9131
-7130,70.44,9130
-7129,70.44,9129
-7128,70.44,9128
-7127,70.44,9127
-7126,70.44,9126
-7125,70.44,9125
-7124,70.44,9124
-7123,70.44,9123
-7122,70.44,9122
-7121,70.44,9121
-7120,70.44,9120
-7119,70.44,9119
-7118,70.44,9118
-7117,70.44,9117
-7116,70.44,9116
-7115,70.44,9115
-7114,70.44,9114
-7113,70.44,9113
-7112,70.44,9112
-7111,70.44,9111
-7110,70.44,9110
-7109,70.44,9109
-7108,70.44,9108
-7107,70.44,9107
-7106,70.44,9106
-7105,70.44,9105
-7104,70.44,9104
-7103,70.44,9103
-7102,70.44,9102
-7101,70.44,9101
-7100,70.44,9100
-7099,70.44,9099
-7098,70.44,9098
-7097,70.44,9097
-7096,70.44,9096
-7095,70.44,9095
-7094,70.44,9094
-7093,70.44,9093
-7092,70.44,9092
-7091,70.44,9091
-7090,70.44,9090
-7089,70.44,9089
-7088,70.44,9088
-7087,70.44,9087
-7086,70.44,9086
-7085,70.44,9085
-7084,70.44,9084
-7083,70.44,9083
-7082,70.44,9082
-7081,70.44,9081
-7080,70.44,9080
-7079,70.44,9079
-7078,70.45,9078
-7077,70.45,9077
-7076,70.45,9076
-7075,70.45,9075
-7074,70.45,9074
-7073,70.45,9073
-7072,70.45,9072
-7071,70.44,9071
-7070,70.44,9070
-7069,70.44,9069
-7068,70.44,9068
-7067,70.44,9067
-7066,70.44,9066
-7065,70.44,9065
-7064,70.44,9064
-7063,70.45,9063
-7062,70.45,9062
-7061,70.45,9061
-7060,70.45,9060
-7059,70.46,9059
-7058,70.46,9058
-7057,70.46,9057
-7056,70.46,9056
-7055,70.47,9055
-7054,70.47,9054
-7053,70.47,9053
-7052,70.47,9052
-7051,70.47,9051
-7050,70.47,9050
-7049,70.47,9049
-7048,70.46,9048
-7047,70.46,9047
-7046,70.46,9046
-7045,70.46,9045
-7044,70.46,9044
-7043,70.46,9043
-7042,70.46,9042
-7041,70.46,9041
-7040,70.46,9040
-7039,70.46,9039
-7038,70.46,9038
-7037,70.46,9037
-7036,70.46,9036
-7035,70.46,9035
-7034,70.46,9034
-7033,70.46,9033
-7032,70.46,9032
-7031,70.46,9031
-7030,70.47,9030
-7029,70.47,9029
-7028,70.47,9028
-7027,70.47,9027
-7026,70.47,9026
-7025,70.47,9025
-7024,70.46,9024
-7023,70.46,9023
-7022,70.46,9022
-7021,70.46,9021
-7020,70.46,9020
-7019,70.46,9019
-7018,70.46,9018
-7017,70.46,9017
-7016,70.47,9016
-7015,70.47,9015
-7014,70.47,9014
-7013,70.47,9013
-7012,70.48,9012
-7011,70.48,9011
-7010,70.48,9010
-7009,70.48,9009
-7008,70.49,9008
-7007,70.49,9007
-7006,70.49,9006
-7005,70.49,9005
-7004,70.49,9004
-7003,70.49,9003
-7002,70.49,9002
-7001,70.48,9001
-7000,70.48,9000
-6999,70.48,8999
-6998,70.48,8998
-6997,70.48,8997
-6996,70.48,8996
-6995,70.48,8995
-6994,70.48,8994
-6993,70.48,8993
-6992,70.48,8992
-6991,70.48,8991
-6990,70.48,8990
-6989,70.48,8989
-6988,70.48,8988
-6987,70.48,8987
-6986,70.48,8986
-6985,70.48,8985
-6984,70.48,8984
-6983,70.48,8983
-6982,70.48,8982
-6981,70.48,8981
-6980,70.48,8980
-6979,70.48,8979
-6978,70.48,8978
-6977,70.48,8977
-6976,70.48,8976
-6975,70.48,8975
-6974,70.48,8974
-6973,70.48,8973
-6972,70.48,8972
-6971,70.48,8971
-6970,70.48,8970
-6969,70.48,8969
-6968,70.48,8968
-6967,70.48,8967
-6966,70.48,8966
-6965,70.48,8965
-6964,70.48,8964
-6963,70.48,8963
-6962,70.48,8962
-6961,70.48,8961
-6960,70.48,8960
-6959,70.48,8959
-6958,70.48,8958
-6957,70.48,8957
-6956,70.48,8956
-6955,70.48,8955
-6954,70.48,8954
-6953,70.48,8953
-6952,70.48,8952
-6951,70.48,8951
-6950,70.48,8950
-6949,70.48,8949
-6948,70.48,8948
-6947,70.48,8947
-6946,70.48,8946
-6945,70.48,8945
-6944,70.48,8944
-6943,70.48,8943
-6942,70.48,8942
-6941,70.48,8941
-6940,70.48,8940
-6939,70.48,8939
-6938,70.48,8938
-6937,70.48,8937
-6936,70.48,8936
-6935,70.48,8935
-6934,70.48,8934
-6933,70.48,8933
-6932,70.48,8932
-6931,70.48,8931
-6930,70.48,8930
-6929,70.48,8929
-6928,70.48,8928
-6927,70.48,8927
-6926,70.48,8926
-6925,70.48,8925
-6924,70.48,8924
-6923,70.48,8923
-6922,70.48,8922
-6921,70.48,8921
-6920,70.48,8920
-6919,70.48,8919
-6918,70.48,8918
-6917,70.48,8917
-6916,70.48,8916
-6915,70.48,8915
-6914,70.48,8914
-6913,70.48,8913
-6912,70.48,8912
-6911,70.48,8911
-6910,70.48,8910
-6909,70.48,8909
-6908,70.48,8908
-6907,70.48,8907
-6906,70.48,8906
-6905,70.48,8905
-6904,70.49,8904
-6903,70.49,8903
-6902,70.49,8902
-6901,70.49,8901
-6900,70.49,8900
-6899,70.48,8899
-6898,70.48,8898
-6897,70.48,8897
-6896,70.48,8896
-6895,70.48,8895
-6894,70.48,8894
-6893,70.48,8893
-6892,70.48,8892
-6891,70.48,8891
-6890,70.49,8890
-6889,70.49,8889
-6888,70.49,8888
-6887,70.49,8887
-6886,70.49,8886
-6885,70.5,8885
-6884,70.5,8884
-6883,70.5,8883
-6882,70.51,8882
-6881,70.51,8881
-6880,70.52,8880
-6879,70.52,8879
-6878,70.52,8878
-6877,70.52,8877
-6876,70.52,8876
-6875,70.52,8875
-6874,70.52,8874
-6873,70.52,8873
-6872,70.52,8872
-6871,70.52,8871
-6870,70.51,8870
-6869,70.51,8869
-6868,70.51,8868
-6867,70.5,8867
-6866,70.5,8866
-6865,70.5,8865
-6864,70.5,8864
-6863,70.5,8863
-6862,70.5,8862
-6861,70.5,8861
-6860,70.5,8860
-6859,70.51,8859
-6858,70.51,8858
-6857,70.51,8857
-6856,70.51,8856
-6855,70.51,8855
-6854,70.51,8854
-6853,70.51,8853
-6852,70.51,8852
-6851,70.5,8851
-6850,70.5,8850
-6849,70.5,8849
-6848,70.5,8848
-6847,70.5,8847
-6846,70.5,8846
-6845,70.5,8845
-6844,70.5,8844
-6843,70.51,8843
-6842,70.51,8842
-6841,70.51,8841
-6840,70.51,8840
-6839,70.52,8839
-6838,70.52,8838
-6837,70.52,8837
-6836,70.52,8836
-6835,70.53,8835
-6834,70.53,8834
-6833,70.53,8833
-6832,70.53,8832
-6831,70.53,8831
-6830,70.53,8830
-6829,70.53,8829
-6828,70.52,8828
-6827,70.52,8827
-6826,70.52,8826
-6825,70.52,8825
-6824,70.52,8824
-6823,70.52,8823
-6822,70.52,8822
-6821,70.52,8821
-6820,70.52,8820
-6819,70.52,8819
-6818,70.52,8818
-6817,70.52,8817
-6816,70.52,8816
-6815,70.52,8815
-6814,70.52,8814
-6813,70.52,8813
-6812,70.52,8812
-6811,70.52,8811
-6810,70.52,8810
-6809,70.52,8809
-6808,70.52,8808
-6807,70.52,8807
-6806,70.52,8806
-6805,70.52,8805
-6804,70.52,8804
-6803,70.52,8803
-6802,70.52,8802
-6801,70.52,8801
-6800,70.52,8800
-6799,70.52,8799
-6798,70.52,8798
-6797,70.52,8797
-6796,70.52,8796
-6795,70.52,8795
-6794,70.52,8794
-6793,70.52,8793
-6792,70.52,8792
-6791,70.52,8791
-6790,70.52,8790
-6789,70.52,8789
-6788,70.52,8788
-6787,70.52,8787
-6786,70.52,8786
-6785,70.52,8785
-6784,70.52,8784
-6783,70.52,8783
-6782,70.52,8782
-6781,70.52,8781
-6780,70.52,8780
-6779,70.52,8779
-6778,70.52,8778
-6777,70.52,8777
-6776,70.52,8776
-6775,70.52,8775
-6774,70.52,8774
-6773,70.52,8773
-6772,70.52,8772
-6771,70.52,8771
-6770,70.52,8770
-6769,70.52,8769
-6768,70.52,8768
-6767,70.52,8767
-6766,70.52,8766
-6765,70.52,8765
-6764,70.52,8764
-6763,70.52,8763
-6762,70.52,8762
-6761,70.52,8761
-6760,70.52,8760
-6759,70.52,8759
-6758,70.52,8758
-6757,70.52,8757
-6756,70.52,8756
-6755,70.52,8755
-6754,70.52,8754
-6753,70.52,8753
-6752,70.52,8752
-6751,70.52,8751
-6750,70.52,8750
-6749,70.52,8749
-6748,70.52,8748
-6747,70.52,8747
-6746,70.52,8746
-6745,70.52,8745
-6744,70.52,8744
-6743,70.52,8743
-6742,70.52,8742
-6741,70.52,8741
-6740,70.52,8740
-6739,70.52,8739
-6738,70.52,8738
-6737,70.52,8737
-6736,70.52,8736
-6735,70.52,8735
-6734,70.52,8734
-6733,70.52,8733
-6732,70.52,8732
-6731,70.52,8731
-6730,70.52,8730
-6729,70.52,8729
-6728,70.52,8728
-6727,70.52,8727
-6726,70.52,8726
-6725,70.52,8725
-6724,70.52,8724
-6723,70.52,8723
-6722,70.52,8722
-6721,70.52,8721
-6720,70.52,8720
-6719,70.52,8719
-6718,70.52,8718
-6717,70.52,8717
-6716,70.52,8716
-6715,70.52,8715
-6714,70.52,8714
-6713,70.52,8713
-6712,70.52,8712
-6711,70.52,8711
-6710,70.52,8710
-6709,70.52,8709
-6708,70.52,8708
-6707,70.52,8707
-6706,70.52,8706
-6705,70.52,8705
-6704,70.52,8704
-6703,70.52,8703
-6702,70.52,8702
-6701,70.52,8701
-6700,70.52,8700
-6699,70.52,8699
-6698,70.52,8698
-6697,70.52,8697
-6696,70.52,8696
-6695,70.52,8695
-6694,70.52,8694
-6693,70.52,8693
-6692,70.52,8692
-6691,70.52,8691
-6690,70.52,8690
-6689,70.52,8689
-6688,70.52,8688
-6687,70.52,8687
-6686,70.52,8686
-6685,70.52,8685
-6684,70.52,8684
-6683,70.52,8683
-6682,70.52,8682
-6681,70.52,8681
-6680,70.52,8680
-6679,70.52,8679
-6678,70.52,8678
-6677,70.52,8677
-6676,70.52,8676
-6675,70.52,8675
-6674,70.52,8674
-6673,70.52,8673
-6672,70.52,8672
-6671,70.52,8671
-6670,70.52,8670
-6669,70.52,8669
-6668,70.52,8668
-6667,70.52,8667
-6666,70.52,8666
-6665,70.52,8665
-6664,70.52,8664
-6663,70.52,8663
-6662,70.52,8662
-6661,70.52,8661
-6660,70.52,8660
-6659,70.52,8659
-6658,70.52,8658
-6657,70.52,8657
-6656,70.52,8656
-6655,70.52,8655
-6654,70.52,8654
-6653,70.52,8653
-6652,70.52,8652
-6651,70.52,8651
-6650,70.52,8650
-6649,70.52,8649
-6648,70.52,8648
-6647,70.52,8647
-6646,70.52,8646
-6645,70.52,8645
-6644,70.52,8644
-6643,70.52,8643
-6642,70.52,8642
-6641,70.52,8641
-6640,70.52,8640
-6639,70.52,8639
-6638,70.52,8638
-6637,70.52,8637
-6636,70.52,8636
-6635,70.52,8635
-6634,70.52,8634
-6633,70.52,8633
-6632,70.52,8632
-6631,70.52,8631
-6630,70.52,8630
-6629,70.52,8629
-6628,70.52,8628
-6627,70.52,8627
-6626,70.52,8626
-6625,70.52,8625
-6624,70.52,8624
-6623,70.52,8623
-6622,70.52,8622
-6621,70.52,8621
-6620,70.52,8620
-6619,70.52,8619
-6618,70.52,8618
-6617,70.52,8617
-6616,70.52,8616
-6615,70.52,8615
-6614,70.52,8614
-6613,70.52,8613
-6612,70.52,8612
-6611,70.52,8611
-6610,70.52,8610
-6609,70.52,8609
-6608,70.52,8608
-6607,70.52,8607
-6606,70.52,8606
-6605,70.52,8605
-6604,70.52,8604
-6603,70.52,8603
-6602,70.52,8602
-6601,70.52,8601
-6600,70.52,8600
-6599,70.52,8599
-6598,70.52,8598
-6597,70.52,8597
-6596,70.52,8596
-6595,70.52,8595
-6594,70.52,8594
-6593,70.52,8593
-6592,70.52,8592
-6591,70.52,8591
-6590,70.52,8590
-6589,70.52,8589
-6588,70.52,8588
-6587,70.52,8587
-6586,70.52,8586
-6585,70.52,8585
-6584,70.52,8584
-6583,70.52,8583
-6582,70.52,8582
-6581,70.52,8581
-6580,70.52,8580
-6579,70.52,8579
-6578,70.52,8578
-6577,70.52,8577
-6576,70.53,8576
-6575,70.53,8575
-6574,70.53,8574
-6573,70.53,8573
-6572,70.53,8572
-6571,70.53,8571
-6570,70.53,8570
-6569,70.52,8569
-6568,70.52,8568
-6567,70.52,8567
-6566,70.52,8566
-6565,70.51,8565
-6564,70.51,8564
-6563,70.51,8563
-6562,70.51,8562
-6561,70.5,8561
-6560,70.5,8560
-6559,70.5,8559
-6558,70.5,8558
-6557,70.5,8557
-6556,70.5,8556
-6555,70.5,8555
-6554,70.5,8554
-6553,70.5,8553
-6552,70.51,8552
-6551,70.51,8551
-6550,70.51,8550
-6549,70.51,8549
-6548,70.51,8548
-6547,70.51,8547
-6546,70.51,8546
-6545,70.5,8545
-6544,70.5,8544
-6543,70.5,8543
-6542,70.5,8542
-6541,70.49,8541
-6540,70.49,8540
-6539,70.49,8539
-6538,70.49,8538
-6537,70.48,8537
-6536,70.48,8536
-6535,70.48,8535
-6534,70.48,8534
-6533,70.48,8533
-6532,70.48,8532
-6531,70.48,8531
-6530,70.48,8530
-6529,70.49,8529
-6528,70.49,8528
-6527,70.49,8527
-6526,70.49,8526
-6525,70.49,8525
-6524,70.49,8524
-6523,70.48,8523
-6522,70.48,8522
-6521,70.48,8521
-6520,70.48,8520
-6519,70.48,8519
-6518,70.49,8518
-6517,70.49,8517
-6516,70.49,8516
-6515,70.49,8515
-6514,70.48,8514
-6513,70.48,8513
-6512,70.48,8512
-6511,70.48,8511
-6510,70.48,8510
-6509,70.48,8509
-6508,70.48,8508
-6507,70.48,8507
-6506,70.48,8506
-6505,70.49,8505
-6504,70.49,8504
-6503,70.49,8503
-6502,70.49,8502
-6501,70.49,8501
-6500,70.49,8500
-6499,70.49,8499
-6498,70.48,8498
-6497,70.48,8497
-6496,70.47,8496
-6495,70.47,8495
-6494,70.46,8494
-6493,70.45,8493
-6492,70.45,8492
-6491,70.45,8491
-6490,70.44,8490
-6489,70.45,8489
-6488,70.45,8488
-6487,70.45,8487
-6486,70.45,8486
-6485,70.46,8485
-6484,70.46,8484
-6483,70.46,8483
-6482,70.47,8482
-6481,70.46,8481
-6480,70.46,8480
-6479,70.46,8479
-6478,70.46,8478
-6477,70.45,8477
-6476,70.45,8476
-6475,70.45,8475
-6474,70.44,8474
-6473,70.44,8473
-6472,70.44,8472
-6471,70.44,8471
-6470,70.44,8470
-6469,70.44,8469
-6468,70.45,8468
-6467,70.44,8467
-6466,70.44,8466
-6465,70.44,8465
-6464,70.44,8464
-6463,70.44,8463
-6462,70.43,8462
-6461,70.43,8461
-6460,70.43,8460
-6459,70.42,8459
-6458,70.42,8458
-6457,70.42,8457
-6456,70.42,8456
-6455,70.41,8455
-6454,70.41,8454
-6453,70.41,8453
-6452,70.41,8452
-6451,70.4,8451
-6450,70.4,8450
-6449,70.4,8449
-6448,70.4,8448
-6447,70.39,8447
-6446,70.39,8446
-6445,70.39,8445
-6444,70.39,8444
-6443,70.38,8443
-6442,70.38,8442
-6441,70.38,8441
-6440,70.38,8440
-6439,70.39,8439
-6438,70.39,8438
-6437,70.39,8437
-6436,70.39,8436
-6435,70.38,8435
-6434,70.38,8434
-6433,70.38,8433
-6432,70.38,8432
-6431,70.38,8431
-6430,70.37,8430
-6429,70.37,8429
-6428,70.37,8428
-6427,70.36,8427
-6426,70.36,8426
-6425,70.36,8425
-6424,70.36,8424
-6423,70.35,8423
-6422,70.35,8422
-6421,70.35,8421
-6420,70.35,8420
-6419,70.34,8419
-6418,70.34,8418
-6417,70.34,8417
-6416,70.33,8416
-6415,70.33,8415
-6414,70.33,8414
-6413,70.33,8413
-6412,70.33,8412
-6411,70.33,8411
-6410,70.33,8410
-6409,70.33,8409
-6408,70.33,8408
-6407,70.33,8407
-6406,70.33,8406
-6405,70.33,8405
-6404,70.33,8404
-6403,70.32,8403
-6402,70.32,8402
-6401,70.31,8401
-6400,70.3,8400
-6399,70.3,8399
-6398,70.29,8398
-6397,70.29,8397
-6396,70.28,8396
-6395,70.28,8395
-6394,70.28,8394
-6393,70.28,8393
-6392,70.28,8392
-6391,70.28,8391
-6390,70.28,8390
-6389,70.28,8389
-6388,70.29,8388
-6387,70.28,8387
-6386,70.28,8386
-6385,70.28,8385
-6384,70.28,8384
-6383,70.28,8383
-6382,70.27,8382
-6381,70.27,8381
-6380,70.26,8380
-6379,70.26,8379
-6378,70.25,8378
-6377,70.24,8377
-6376,70.24,8376
-6375,70.23,8375
-6374,70.23,8374
-6373,70.23,8373
-6372,70.22,8372
-6371,70.22,8371
-6370,70.23,8370
-6369,70.23,8369
-6368,70.23,8368
-6367,70.23,8367
-6366,70.23,8366
-6365,70.23,8365
-6364,70.22,8364
-6363,70.22,8363
-6362,70.21,8362
-6361,70.2,8361
-6360,70.19,8360
-6359,70.18,8359
-6358,70.17,8358
-6357,70.17,8357
-6356,70.16,8356
-6355,70.15,8355
-6354,70.15,8354
-6353,70.14,8353
-6352,70.14,8352
-6351,70.14,8351
-6350,70.13,8350
-6349,70.13,8349
-6348,70.12,8348
-6347,70.11,8347
-6346,70.1,8346
-6345,70.09,8345
-6344,70.09,8344
-6343,70.08,8343
-6342,70.07,8342
-6341,70.06,8341
-6340,70.06,8340
-6339,70.05,8339
-6338,70.05,8338
-6337,70.04,8337
-6336,70.03,8336
-6335,70.03,8335
-6334,70.01,8334
-6333,70,8333
-6332,69.98,8332
-6331,69.96,8331
-6330,69.94,8330
-6329,69.92,8329
-6328,69.9,8328
-6327,69.88,8327
-6326,69.86,8326
-6325,69.84,8325
-6324,69.82,8324
-6323,69.8,8323
-6322,69.78,8322
-6321,69.76,8321
-6320,69.75,8320
-6319,69.73,8319
-6318,69.71,8318
-6317,69.69,8317
-6316,69.68,8316
-6315,69.66,8315
-6314,69.64,8314
-6313,69.62,8313
-6312,69.6,8312
-6311,69.58,8311
-6310,69.57,8310
-6309,69.56,8309
-6308,69.54,8308
-6307,69.53,8307
-6306,69.52,8306
-6305,69.51,8305
-6304,69.5,8304
-6303,69.48,8303
-6302,69.47,8302
-6301,69.45,8301
-6300,69.43,8300
-6299,69.41,8299
-6298,69.38,8298
-6297,69.36,8297
-6296,69.33,8296
-6295,69.31,8295
-6294,69.28,8294
-6293,69.26,8293
-6292,69.24,8292
-6291,69.21,8291
-6290,69.19,8290
-6289,69.17,8289
-6288,69.14,8288
-6287,69.12,8287
-6286,69.1,8286
-6285,69.08,8285
-6284,69.06,8284
-6283,69.04,8283
-6282,69.03,8282
-6281,69.01,8281
-6280,68.99,8280
-6279,68.98,8279
-6278,68.96,8278
-6277,68.95,8277
-6276,68.93,8276
-6275,68.92,8275
-6274,68.9,8274
-6273,68.89,8273
-6272,68.87,8272
-6271,68.86,8271
-6270,68.84,8270
-6269,68.82,8269
-6268,68.8,8268
-6267,68.78,8267
-6266,68.76,8266
-6265,68.74,8265
-6264,68.72,8264
-6263,68.7,8263
-6262,68.67,8262
-6261,68.65,8261
-6260,68.62,8260
-6259,68.6,8259
-6258,68.57,8258
-6257,68.55,8257
-6256,68.53,8256
-6255,68.51,8255
-6254,68.5,8254
-6253,68.48,8253
-6252,68.47,8252
-6251,68.46,8251
-6250,68.45,8250
-6249,68.44,8249
-6248,68.42,8248
-6247,68.41,8247
-6246,68.39,8246
-6245,68.37,8245
-6244,68.35,8244
-6243,68.32,8243
-6242,68.3,8242
-6241,68.27,8241
-6240,68.25,8240
-6239,68.23,8239
-6238,68.2,8238
-6237,68.18,8237
-6236,68.16,8236
-6235,68.14,8235
-6234,68.11,8234
-6233,68.09,8233
-6232,68.07,8232
-6231,68.04,8231
-6230,68.02,8230
-6229,67.99,8229
-6228,67.96,8228
-6227,67.93,8227
-6226,67.91,8226
-6225,67.88,8225
-6224,67.86,8224
-6223,67.84,8223
-6222,67.82,8222
-6221,67.81,8221
-6220,67.79,8220
-6219,67.78,8219
-6218,67.76,8218
-6217,67.75,8217
-6216,67.74,8216
-6215,67.72,8215
-6214,67.7,8214
-6213,67.68,8213
-6212,67.66,8212
-6211,67.64,8211
-6210,67.62,8210
-6209,67.6,8209
-6208,67.58,8208
-6207,67.55,8207
-6206,67.53,8206
-6205,67.5,8205
-6204,67.48,8204
-6203,67.45,8203
-6202,67.43,8202
-6201,67.4,8201
-6200,67.37,8200
-6199,67.35,8199
-6198,67.32,8198
-6197,67.29,8197
-6196,67.26,8196
-6195,67.23,8195
-6194,67.2,8194
-6193,67.17,8193
-6192,67.15,8192
-6191,67.13,8191
-6190,67.11,8190
-6189,67.09,8189
-6188,67.07,8188
-6187,67.06,8187
-6186,67.04,8186
-6185,67.02,8185
-6184,67.01,8184
-6183,66.99,8183
-6182,66.98,8182
-6181,66.96,8181
-6180,66.94,8180
-6179,66.92,8179
-6178,66.91,8178
-6177,66.89,8177
-6176,66.86,8176
-6175,66.84,8175
-6174,66.82,8174
-6173,66.79,8173
-6172,66.77,8172
-6171,66.74,8171
-6170,66.71,8170
-6169,66.69,8169
-6168,66.66,8168
-6167,66.63,8167
-6166,66.6,8166
-6165,66.57,8165
-6164,66.54,8164
-6163,66.51,8163
-6162,66.49,8162
-6161,66.46,8161
-6160,66.44,8160
-6159,66.41,8159
-6158,66.39,8158
-6157,66.37,8157
-6156,66.35,8156
-6155,66.33,8155
-6154,66.3,8154
-6153,66.28,8153
-6152,66.25,8152
-6151,66.22,8151
-6150,66.2,8150
-6149,66.17,8149
-6148,66.14,8148
-6147,66.11,8147
-6146,66.08,8146
-6145,66.06,8145
-6144,66.03,8144
-6143,66.01,8143
-6142,65.99,8142
-6141,65.97,8141
-6140,65.95,8140
-6139,65.93,8139
-6138,65.91,8138
-6137,65.89,8137
-6136,65.87,8136
-6135,65.85,8135
-6134,65.83,8134
-6133,65.81,8133
-6132,65.79,8132
-6131,65.77,8131
-6130,65.75,8130
-6129,65.73,8129
-6128,65.71,8128
-6127,65.69,8127
-6126,65.66,8126
-6125,65.64,8125
-6124,65.62,8124
-6123,65.59,8123
-6122,65.57,8122
-6121,65.54,8121
-6120,65.52,8120
-6119,65.49,8119
-6118,65.47,8118
-6117,65.44,8117
-6116,65.41,8116
-6115,65.39,8115
-6114,65.37,8114
-6113,65.34,8113
-6112,65.32,8112
-6111,65.3,8111
-6110,65.28,8110
-6109,65.27,8109
-6108,65.25,8108
-6107,65.23,8107
-6106,65.2,8106
-6105,65.18,8105
-6104,65.15,8104
-6103,65.12,8103
-6102,65.09,8102
-6101,65.06,8101
-6100,65.04,8100
-6099,65.01,8099
-6098,64.98,8098
-6097,64.95,8097
-6096,64.93,8096
-6095,64.91,8095
-6094,64.89,8094
-6093,64.87,8093
-6092,64.86,8092
-6091,64.85,8091
-6090,64.84,8090
-6089,64.83,8089
-6088,64.82,8088
-6087,64.81,8087
-6086,64.8,8086
-6085,64.79,8085
-6084,64.78,8084
-6083,64.76,8083
-6082,64.73,8082
-6081,64.7,8081
-6080,64.67,8080
-6079,64.63,8079
-6078,64.59,8078
-6077,64.55,8077
-6076,64.5,8076
-6075,64.46,8075
-6074,64.43,8074
-6073,64.39,8073
-6072,64.36,8072
-6071,64.33,8071
-6070,64.31,8070
-6069,64.28,8069
-6068,64.26,8068
-6067,64.23,8067
-6066,64.21,8066
-6065,64.18,8065
-6064,64.15,8064
-6063,64.13,8063
-6062,64.1,8062
-6061,64.08,8061
-6060,64.05,8060
-6059,64.03,8059
-6058,64,8058
-6057,63.98,8057
-6056,63.96,8056
-6055,63.94,8055
-6054,63.92,8054
-6053,63.9,8053
-6052,63.88,8052
-6051,63.86,8051
-6050,63.84,8050
-6049,63.82,8049
-6048,63.8,8048
-6047,63.78,8047
-6046,63.75,8046
-6045,63.73,8045
-6044,63.71,8044
-6043,63.68,8043
-6042,63.66,8042
-6041,63.63,8041
-6040,63.61,8040
-6039,63.58,8039
-6038,63.55,8038
-6037,63.53,8037
-6036,63.5,8036
-6035,63.48,8035
-6034,63.45,8034
-6033,63.43,8033
-6032,63.4,8032
-6031,63.38,8031
-6030,63.36,8030
-6029,63.33,8029
-6028,63.31,8028
-6027,63.3,8027
-6026,63.28,8026
-6025,63.26,8025
-6024,63.25,8024
-6023,63.23,8023
-6022,63.22,8022
-6021,63.2,8021
-6020,63.19,8020
-6019,63.17,8019
-6018,63.16,8018
-6017,63.14,8017
-6016,63.12,8016
-6015,63.1,8015
-6014,63.08,8014
-6013,63.06,8013
-6012,63.03,8012
-6011,63.01,8011
-6010,62.98,8010
-6009,62.95,8009
-6008,62.92,8008
-6007,62.89,8007
-6006,62.86,8006
-6005,62.84,8005
-6004,62.81,8004
-6003,62.79,8003
-6002,62.76,8002
-6001,62.74,8001
-6000,62.73,8000
-5999,62.71,7999
-5998,62.69,7998
-5997,62.68,7997
-5996,62.66,7996
-5995,62.65,7995
-5994,62.64,7994
-5993,62.62,7993
-5992,62.61,7992
-5991,62.59,7991
-5990,62.58,7990
-5989,62.56,7989
-5988,62.54,7988
-5987,62.52,7987
-5986,62.5,7986
-5985,62.48,7985
-5984,62.45,7984
-5983,62.43,7983
-5982,62.41,7982
-5981,62.38,7981
-5980,62.36,7980
-5979,62.34,7979
-5978,62.32,7978
-5977,62.3,7977
-5976,62.27,7976
-5975,62.26,7975
-5974,62.24,7974
-5973,62.22,7973
-5972,62.2,7972
-5971,62.18,7971
-5970,62.16,7970
-5969,62.14,7969
-5968,62.12,7968
-5967,62.1,7967
-5966,62.08,7966
-5965,62.05,7965
-5964,62.03,7964
-5963,62.01,7963
-5962,61.99,7962
-5961,61.97,7961
-5960,61.95,7960
-5959,61.92,7959
-5958,61.9,7958
-5957,61.87,7957
-5956,61.85,7956
-5955,61.82,7955
-5954,61.8,7954
-5953,61.77,7953
-5952,61.75,7952
-5951,61.72,7951
-5950,61.69,7950
-5949,61.67,7949
-5948,61.65,7948
-5947,61.62,7947
-5946,61.6,7946
-5945,61.58,7945
-5944,61.56,7944
-5943,61.54,7943
-5942,61.52,7942
-5941,61.51,7941
-5940,61.49,7940
-5939,61.47,7939
-5938,61.45,7938
-5937,61.43,7937
-5936,61.41,7936
-5935,61.39,7935
-5934,61.37,7934
-5933,61.34,7933
-5932,61.32,7932
-5931,61.29,7931
-5930,61.27,7930
-5929,61.24,7929
-5928,61.21,7928
-5927,61.18,7927
-5926,61.15,7926
-5925,61.12,7925
-5924,61.08,7924
-5923,61.05,7923
-5922,61.02,7922
-5921,60.98,7921
-5920,60.95,7920
-5919,60.93,7919
-5918,60.9,7918
-5917,60.88,7917
-5916,60.86,7916
-5915,60.84,7915
-5914,60.83,7914
-5913,60.82,7913
-5912,60.8,7912
-5911,60.78,7911
-5910,60.76,7910
-5909,60.73,7909
-5908,60.7,7908
-5907,60.66,7907
-5906,60.62,7906
-5905,60.58,7905
-5904,60.54,7904
-5903,60.5,7903
-5902,60.46,7902
-5901,60.43,7901
-5900,60.4,7900
-5899,60.37,7899
-5898,60.35,7898
-5897,60.33,7897
-5896,60.31,7896
-5895,60.29,7895
-5894,60.27,7894
-5893,60.25,7893
-5892,60.22,7892
-5891,60.2,7891
-5890,60.17,7890
-5889,60.14,7889
-5888,60.11,7888
-5887,60.08,7887
-5886,60.05,7886
-5885,60.02,7885
-5884,59.99,7884
-5883,59.96,7883
-5882,59.93,7882
-5881,59.9,7881
-5880,59.87,7880
-5879,59.85,7879
-5878,59.83,7878
-5877,59.8,7877
-5876,59.78,7876
-5875,59.76,7875
-5874,59.74,7874
-5873,59.73,7873
-5872,59.71,7872
-5871,59.68,7871
-5870,59.66,7870
-5869,59.64,7869
-5868,59.61,7868
-5867,59.59,7867
-5866,59.56,7866
-5865,59.53,7865
-5864,59.51,7864
-5863,59.48,7863
-5862,59.46,7862
-5861,59.44,7861
-5860,59.42,7860
-5859,59.4,7859
-5858,59.38,7858
-5857,59.37,7857
-5856,59.35,7856
-5855,59.33,7855
-5854,59.32,7854
-5853,59.31,7853
-5852,59.29,7852
-5851,59.28,7851
-5850,59.27,7850
-5849,59.25,7849
-5848,59.24,7848
-5847,59.23,7847
-5846,59.22,7846
-5845,59.21,7845
-5844,59.2,7844
-5843,59.19,7843
-5842,59.18,7842
-5841,59.17,7841
-5840,59.16,7840
-5839,59.15,7839
-5838,59.14,7838
-5837,59.13,7837
-5836,59.12,7836
-5835,59.11,7835
-5834,59.1,7834
-5833,59.09,7833
-5832,59.08,7832
-5831,59.07,7831
-5830,59.06,7830
-5829,59.05,7829
-5828,59.04,7828
-5827,59.04,7827
-5826,59.03,7826
-5825,59.02,7825
-5824,59.01,7824
-5823,59.01,7823
-5822,59,7822
-5821,58.99,7821
-5820,58.98,7820
-5819,58.98,7819
-5818,58.97,7818
-5817,58.96,7817
-5816,58.95,7816
-5815,58.95,7815
-5814,58.94,7814
-5813,58.93,7813
-5812,58.93,7812
-5811,58.92,7811
-5810,58.92,7810
-5809,58.91,7809
-5808,58.91,7808
-5807,58.91,7807
-5806,58.9,7806
-5805,58.9,7805
-5804,58.89,7804
-5803,58.89,7803
-5802,58.88,7802
-5801,58.87,7801
-5800,58.87,7800
-5799,58.86,7799
-5798,58.86,7798
-5797,58.85,7797
-5796,58.85,7796
-5795,58.84,7795
-5794,58.84,7794
-5793,58.83,7793
-5792,58.83,7792
-5791,58.82,7791
-5790,58.82,7790
-5789,58.81,7789
-5788,58.81,7788
-5787,58.8,7787
-5786,58.8,7786
-5785,58.79,7785
-5784,58.79,7784
-5783,58.78,7783
-5782,58.78,7782
-5781,58.78,7781
-5780,58.78,7780
-5779,58.77,7779
-5778,58.77,7778
-5777,58.77,7777
-5776,58.77,7776
-5775,58.77,7775
-5774,58.76,7774
-5773,58.76,7773
-5772,58.76,7772
-5771,58.75,7771
-5770,58.75,7770
-5769,58.75,7769
-5768,58.75,7768
-5767,58.75,7767
-5766,58.74,7766
-5765,58.74,7765
-5764,58.74,7764
-5763,58.74,7763
-5762,58.73,7762
-5761,58.73,7761
-5760,58.73,7760
-5759,58.72,7759
-5758,58.72,7758
-5757,58.71,7757
-5756,58.7,7756
-5755,58.7,7755
-5754,58.69,7754
-5753,58.69,7753
-5752,58.69,7752
-5751,58.69,7751
-5750,58.69,7750
-5749,58.69,7749
-5748,58.69,7748
-5747,58.69,7747
-5746,58.69,7746
-5745,58.69,7745
-5744,58.69,7744
-5743,58.68,7743
-5742,58.68,7742
-5741,58.67,7741
-5740,58.67,7740
-5739,58.66,7739
-5738,58.66,7738
-5737,58.65,7737
-5736,58.64,7736
-5735,58.64,7735
-5734,58.64,7734
-5733,58.63,7733
-5732,58.63,7732
-5731,58.63,7731
-5730,58.63,7730
-5729,58.63,7729
-5728,58.63,7728
-5727,58.63,7727
-5726,58.63,7726
-5725,58.63,7725
-5724,58.63,7724
-5723,58.63,7723
-5722,58.63,7722
-5721,58.63,7721
-5720,58.63,7720
-5719,58.62,7719
-5718,58.62,7718
-5717,58.62,7717
-5716,58.62,7716
-5715,58.61,7715
-5714,58.61,7714
-5713,58.61,7713
-5712,58.6,7712
-5711,58.6,7711
-5710,58.6,7710
-5709,58.59,7709
-5708,58.59,7708
-5707,58.59,7707
-5706,58.59,7706
-5705,58.59,7705
-5704,58.59,7704
-5703,58.59,7703
-5702,58.59,7702
-5701,58.59,7701
-5700,58.59,7700
-5699,58.59,7699
-5698,58.59,7698
-5697,58.59,7697
-5696,58.58,7696
-5695,58.58,7695
-5694,58.57,7694
-5693,58.57,7693
-5692,58.56,7692
-5691,58.55,7691
-5690,58.55,7690
-5689,58.55,7689
-5688,58.54,7688
-5687,58.54,7687
-5686,58.54,7686
-5685,58.54,7685
-5684,58.55,7684
-5683,58.55,7683
-5682,58.55,7682
-5681,58.55,7681
-5680,58.55,7680
-5679,58.55,7679
-5678,58.55,7678
-5677,58.55,7677
-5676,58.55,7676
-5675,58.55,7675
-5674,58.55,7674
-5673,58.55,7673
-5672,58.55,7672
-5671,58.55,7671
-5670,58.55,7670
-5669,58.55,7669
-5668,58.55,7668
-5667,58.55,7667
-5666,58.55,7666
-5665,58.55,7665
-5664,58.54,7664
-5663,58.54,7663
-5662,58.54,7662
-5661,58.53,7661
-5660,58.53,7660
-5659,58.53,7659
-5658,58.53,7658
-5657,58.53,7657
-5656,58.53,7656
-5655,58.53,7655
-5654,58.53,7654
-5653,58.53,7653
-5652,58.53,7652
-5651,58.53,7651
-5650,58.53,7650
-5649,58.53,7649
-5648,58.52,7648
-5647,58.52,7647
-5646,58.52,7646
-5645,58.51,7645
-5644,58.51,7644
-5643,58.51,7643
-5642,58.51,7642
-5641,58.51,7641
-5640,58.51,7640
-5639,58.51,7639
-5638,58.51,7638
-5637,58.51,7637
-5636,58.51,7636
-5635,58.51,7635
-5634,58.51,7634
-5633,58.5,7633
-5632,58.5,7632
-5631,58.5,7631
-5630,58.5,7630
-5629,58.49,7629
-5628,58.49,7628
-5627,58.49,7627
-5626,58.49,7626
-5625,58.49,7625
-5624,58.49,7624
-5623,58.49,7623
-5622,58.49,7622
-5621,58.49,7621
-5620,58.49,7620
-5619,58.49,7619
-5618,58.49,7618
-5617,58.48,7617
-5616,58.48,7616
-5615,58.48,7615
-5614,58.48,7614
-5613,58.47,7613
-5612,58.47,7612
-5611,58.47,7611
-5610,58.47,7610
-5609,58.47,7609
-5608,58.47,7608
-5607,58.47,7607
-5606,58.47,7606
-5605,58.47,7605
-5604,58.47,7604
-5603,58.47,7603
-5602,58.47,7602
-5601,58.47,7601
-5600,58.47,7600
-5599,58.47,7599
-5598,58.47,7598
-5597,58.47,7597
-5596,58.47,7596
-5595,58.47,7595
-5594,58.47,7594
-5593,58.47,7593
-5592,58.47,7592
-5591,58.47,7591
-5590,58.47,7590
-5589,58.47,7589
-5588,58.47,7588
-5587,58.47,7587
-5586,58.47,7586
-5585,58.47,7585
-5584,58.47,7584
-5583,58.47,7583
-5582,58.47,7582
-5581,58.47,7581
-5580,58.47,7580
-5579,58.47,7579
-5578,58.47,7578
-5577,58.47,7577
-5576,58.47,7576
-5575,58.47,7575
-5574,58.47,7574
-5573,58.47,7573
-5572,58.47,7572
-5571,58.47,7571
-5570,58.47,7570
-5569,58.46,7569
-5568,58.46,7568
-5567,58.46,7567
-5566,58.45,7566
-5565,58.45,7565
-5564,58.45,7564
-5563,58.44,7563
-5562,58.44,7562
-5561,58.44,7561
-5560,58.44,7560
-5559,58.43,7559
-5558,58.43,7558
-5557,58.43,7557
-5556,58.43,7556
-5555,58.43,7555
-5554,58.43,7554
-5553,58.43,7553
-5552,58.43,7552
-5551,58.43,7551
-5550,58.43,7550
-5549,58.43,7549
-5548,58.43,7548
-5547,58.43,7547
-5546,58.43,7546
-5545,58.43,7545
-5544,58.43,7544
-5543,58.43,7543
-5542,58.43,7542
-5541,58.43,7541
-5540,58.43,7540
-5539,58.43,7539
-5538,58.43,7538
-5537,58.43,7537
-5536,58.43,7536
-5535,58.43,7535
-5534,58.43,7534
-5533,58.43,7533
-5532,58.43,7532
-5531,58.43,7531
-5530,58.43,7530
-5529,58.43,7529
-5528,58.43,7528
-5527,58.43,7527
-5526,58.43,7526
-5525,58.43,7525
-5524,58.43,7524
-5523,58.43,7523
-5522,58.43,7522
-5521,58.43,7521
-5520,58.43,7520
-5519,58.43,7519
-5518,58.43,7518
-5517,58.43,7517
-5516,58.43,7516
-5515,58.43,7515
-5514,58.43,7514
-5513,58.43,7513
-5512,58.43,7512
-5511,58.43,7511
-5510,58.43,7510
-5509,58.43,7509
-5508,58.43,7508
-5507,58.43,7507
-5506,58.43,7506
-5505,58.43,7505
-5504,58.43,7504
-5503,58.43,7503
-5502,58.43,7502
-5501,58.43,7501
-5500,58.43,7500
-5499,58.43,7499
-5498,58.43,7498
-5497,58.43,7497
-5496,58.43,7496
-5495,58.43,7495
-5494,58.43,7494
-5493,58.43,7493
-5492,58.43,7492
-5491,58.43,7491
-5490,58.43,7490
-5489,58.43,7489
-5488,58.43,7488
-5487,58.43,7487
-5486,58.43,7486
-5485,58.43,7485
-5484,58.43,7484
-5483,58.43,7483
-5482,58.43,7482
-5481,58.43,7481
-5480,58.43,7480
-5479,58.43,7479
-5478,58.43,7478
-5477,58.43,7477
-5476,58.43,7476
-5475,58.43,7475
-5474,58.43,7474
-5473,58.43,7473
-5472,58.43,7472
-5471,58.43,7471
-5470,58.43,7470
-5469,58.43,7469
-5468,58.43,7468
-5467,58.43,7467
-5466,58.43,7466
-5465,58.43,7465
-5464,58.43,7464
-5463,58.43,7463
-5462,58.43,7462
-5461,58.43,7461
-5460,58.43,7460
-5459,58.43,7459
-5458,58.43,7458
-5457,58.43,7457
-5456,58.43,7456
-5455,58.43,7455
-5454,58.43,7454
-5453,58.43,7453
-5452,58.43,7452
-5451,58.43,7451
-5450,58.43,7450
-5449,58.43,7449
-5448,58.43,7448
-5447,58.43,7447
-5446,58.43,7446
-5445,58.43,7445
-5444,58.43,7444
-5443,58.43,7443
-5442,58.43,7442
-5441,58.43,7441
-5440,58.43,7440
-5439,58.43,7439
-5438,58.43,7438
-5437,58.43,7437
-5436,58.43,7436
-5435,58.43,7435
-5434,58.43,7434
-5433,58.43,7433
-5432,58.43,7432
-5431,58.43,7431
-5430,58.43,7430
-5429,58.43,7429
-5428,58.43,7428
-5427,58.43,7427
-5426,58.43,7426
-5425,58.43,7425
-5424,58.43,7424
-5423,58.43,7423
-5422,58.43,7422
-5421,58.43,7421
-5420,58.43,7420
-5419,58.43,7419
-5418,58.43,7418
-5417,58.43,7417
-5416,58.43,7416
-5415,58.43,7415
-5414,58.43,7414
-5413,58.43,7413
-5412,58.43,7412
-5411,58.43,7411
-5410,58.43,7410
-5409,58.43,7409
-5408,58.43,7408
-5407,58.43,7407
-5406,58.43,7406
-5405,58.43,7405
-5404,58.43,7404
-5403,58.43,7403
-5402,58.43,7402
-5401,58.43,7401
-5400,58.43,7400
-5399,58.43,7399
-5398,58.43,7398
-5397,58.43,7397
-5396,58.44,7396
-5395,58.44,7395
-5394,58.44,7394
-5393,58.44,7393
-5392,58.45,7392
-5391,58.45,7391
-5390,58.45,7390
-5389,58.45,7389
-5388,58.45,7388
-5387,58.45,7387
-5386,58.45,7386
-5385,58.45,7385
-5384,58.45,7384
-5383,58.45,7383
-5382,58.45,7382
-5381,58.45,7381
-5380,58.46,7380
-5379,58.46,7379
-5378,58.46,7378
-5377,58.46,7377
-5376,58.47,7376
-5375,58.47,7375
-5374,58.47,7374
-5373,58.47,7373
-5372,58.47,7372
-5371,58.47,7371
-5370,58.47,7370
-5369,58.47,7369
-5368,58.47,7368
-5367,58.47,7367
-5366,58.47,7366
-5365,58.47,7365
-5364,58.47,7364
-5363,58.47,7363
-5362,58.47,7362
-5361,58.47,7361
-5360,58.47,7360
-5359,58.47,7359
-5358,58.47,7358
-5357,58.47,7357
-5356,58.47,7356
-5355,58.47,7355
-5354,58.47,7354
-5353,58.47,7353
-5352,58.47,7352
-5351,58.47,7351
-5350,58.47,7350
-5349,58.47,7349
-5348,58.47,7348
-5347,58.47,7347
-5346,58.47,7346
-5345,58.47,7345
-5344,58.47,7344
-5343,58.47,7343
-5342,58.47,7342
-5341,58.47,7341
-5340,58.47,7340
-5339,58.47,7339
-5338,58.47,7338
-5337,58.47,7337
-5336,58.47,7336
-5335,58.47,7335
-5334,58.47,7334
-5333,58.48,7333
-5332,58.48,7332
-5331,58.48,7331
-5330,58.48,7330
-5329,58.49,7329
-5328,58.49,7328
-5327,58.49,7327
-5326,58.49,7326
-5325,58.49,7325
-5324,58.49,7324
-5323,58.49,7323
-5322,58.49,7322
-5321,58.49,7321
-5320,58.49,7320
-5319,58.49,7319
-5318,58.49,7318
-5317,58.49,7317
-5316,58.49,7316
-5315,58.49,7315
-5314,58.49,7314
-5313,58.49,7313
-5312,58.49,7312
-5311,58.49,7311
-5310,58.49,7310
-5309,58.49,7309
-5308,58.49,7308
-5307,58.49,7307
-5306,58.49,7306
-5305,58.49,7305
-5304,58.49,7304
-5303,58.49,7303
-5302,58.49,7302
-5301,58.5,7301
-5300,58.5,7300
-5299,58.5,7299
-5298,58.5,7298
-5297,58.51,7297
-5296,58.51,7296
-5295,58.51,7295
-5294,58.52,7294
-5293,58.52,7293
-5292,58.52,7292
-5291,58.52,7291
-5290,58.53,7290
-5289,58.53,7289
-5288,58.53,7288
-5287,58.53,7287
-5286,58.53,7286
-5285,58.53,7285
-5284,58.53,7284
-5283,58.53,7283
-5282,58.53,7282
-5281,58.53,7281
-5280,58.53,7280
-5279,58.53,7279
-5278,58.53,7278
-5277,58.53,7277
-5276,58.53,7276
-5275,58.53,7275
-5274,58.53,7274
-5273,58.53,7273
-5272,58.53,7272
-5271,58.53,7271
-5270,58.52,7270
-5269,58.52,7269
-5268,58.52,7268
-5267,58.52,7267
-5266,58.53,7266
-5265,58.53,7265
-5264,58.53,7264
-5263,58.54,7263
-5262,58.55,7262
-5261,58.55,7261
-5260,58.56,7260
-5259,58.56,7259
-5258,58.57,7258
-5257,58.57,7257
-5256,58.57,7256
-5255,58.57,7255
-5254,58.57,7254
-5253,58.57,7253
-5252,58.57,7252
-5251,58.57,7251
-5250,58.57,7250
-5249,58.57,7249
-5248,58.57,7248
-5247,58.57,7247
-5246,58.58,7246
-5245,58.58,7245
-5244,58.58,7244
-5243,58.59,7243
-5242,58.59,7242
-5241,58.59,7241
-5240,58.59,7240
-5239,58.59,7239
-5238,58.59,7238
-5237,58.59,7237
-5236,58.58,7236
-5235,58.59,7235
-5234,58.59,7234
-5233,58.59,7233
-5232,58.6,7232
-5231,58.6,7231
-5230,58.61,7230
-5229,58.61,7229
-5228,58.62,7228
-5227,58.63,7227
-5226,58.63,7226
-5225,58.63,7225
-5224,58.63,7224
-5223,58.63,7223
-5222,58.63,7222
-5221,58.63,7221
-5220,58.63,7220
-5219,58.63,7219
-5218,58.63,7218
-5217,58.63,7217
-5216,58.63,7216
-5215,58.63,7215
-5214,58.64,7214
-5213,58.64,7213
-5212,58.64,7212
-5211,58.65,7211
-5210,58.65,7210
-5209,58.65,7209
-5208,58.65,7208
-5207,58.66,7207
-5206,58.66,7206
-5205,58.66,7205
-5204,58.66,7204
-5203,58.67,7203
-5202,58.67,7202
-5201,58.67,7201
-5200,58.67,7200
-5199,58.68,7199
-5198,58.68,7198
-5197,58.68,7197
-5196,58.68,7196
-5195,58.69,7195
-5194,58.69,7194
-5193,58.69,7193
-5192,58.69,7192
-5191,58.7,7191
-5190,58.7,7190
-5189,58.7,7189
-5188,58.71,7188
-5187,58.71,7187
-5186,58.71,7186
-5185,58.71,7185
-5184,58.71,7184
-5183,58.72,7183
-5182,58.72,7182
-5181,58.72,7181
-5180,58.73,7180
-5179,58.73,7179
-5178,58.73,7178
-5177,58.73,7177
-5176,58.74,7176
-5175,58.74,7175
-5174,58.74,7174
-5173,58.74,7173
-5172,58.75,7172
-5171,58.75,7171
-5170,58.75,7170
-5169,58.75,7169
-5168,58.75,7168
-5167,58.76,7167
-5166,58.76,7166
-5165,58.76,7165
-5164,58.77,7164
-5163,58.77,7163
-5162,58.78,7162
-5161,58.78,7161
-5160,58.79,7160
-5159,58.79,7159
-5158,58.8,7158
-5157,58.8,7157
-5156,58.81,7156
-5155,58.81,7155
-5154,58.81,7154
-5153,58.81,7153
-5152,58.81,7152
-5151,58.81,7151
-5150,58.81,7150
-5149,58.81,7149
-5148,58.81,7148
-5147,58.81,7147
-5146,58.81,7146
-5145,58.82,7145
-5144,58.82,7144
-5143,58.83,7143
-5142,58.83,7142
-5141,58.84,7141
-5140,58.85,7140
-5139,58.85,7139
-5138,58.86,7138
-5137,58.87,7137
-5136,58.87,7136
-5135,58.88,7135
-5134,58.88,7134
-5133,58.88,7133
-5132,58.89,7132
-5131,58.89,7131
-5130,58.89,7130
-5129,58.89,7129
-5128,58.89,7128
-5127,58.9,7127
-5126,58.9,7126
-5125,58.9,7125
-5124,58.91,7124
-5123,58.92,7123
-5122,58.92,7122
-5121,58.93,7121
-5120,58.94,7120
-5119,58.95,7119
-5118,58.96,7118
-5117,58.96,7117
-5116,58.97,7116
-5115,58.97,7115
-5114,58.97,7114
-5113,58.98,7113
-5112,58.98,7112
-5111,58.98,7111
-5110,58.98,7110
-5109,58.98,7109
-5108,58.99,7108
-5107,59,7107
-5106,59.01,7106
-5105,59.02,7105
-5104,59.03,7104
-5103,59.04,7103
-5102,59.05,7102
-5101,59.06,7101
-5100,59.07,7100
-5099,59.08,7099
-5098,59.09,7098
-5097,59.1,7097
-5096,59.11,7096
-5095,59.11,7095
-5094,59.12,7094
-5093,59.13,7093
-5092,59.13,7092
-5091,59.14,7091
-5090,59.14,7090
-5089,59.15,7089
-5088,59.15,7088
-5087,59.16,7087
-5086,59.16,7086
-5085,59.17,7085
-5084,59.17,7084
-5083,59.18,7083
-5082,59.19,7082
-5081,59.19,7081
-5080,59.2,7080
-5079,59.21,7079
-5078,59.22,7078
-5077,59.23,7077
-5076,59.24,7076
-5075,59.25,7075
-5074,59.26,7074
-5073,59.27,7073
-5072,59.29,7072
-5071,59.3,7071
-5070,59.31,7070
-5069,59.33,7069
-5068,59.35,7068
-5067,59.37,7067
-5066,59.38,7066
-5065,59.4,7065
-5064,59.42,7064
-5063,59.44,7063
-5062,59.46,7062
-5061,59.47,7061
-5060,59.49,7060
-5059,59.5,7059
-5058,59.51,7058
-5057,59.53,7057
-5056,59.54,7056
-5055,59.55,7055
-5054,59.56,7054
-5053,59.57,7053
-5052,59.58,7052
-5051,59.6,7051
-5050,59.61,7050
-5049,59.62,7049
-5048,59.63,7048
-5047,59.65,7047
-5046,59.66,7046
-5045,59.68,7045
-5044,59.69,7044
-5043,59.71,7043
-5042,59.73,7042
-5041,59.75,7041
-5040,59.76,7040
-5039,59.78,7039
-5038,59.8,7038
-5037,59.82,7037
-5036,59.84,7036
-5035,59.86,7035
-5034,59.88,7034
-5033,59.9,7033
-5032,59.93,7032
-5031,59.95,7031
-5030,59.97,7030
-5029,59.98,7029
-5028,60,7028
-5027,60.02,7027
-5026,60.05,7026
-5025,60.07,7025
-5024,60.09,7024
-5023,60.12,7023
-5022,60.15,7022
-5021,60.18,7021
-5020,60.22,7020
-5019,60.25,7019
-5018,60.29,7018
-5017,60.33,7017
-5016,60.36,7016
-5015,60.39,7015
-5014,60.42,7014
-5013,60.45,7013
-5012,60.47,7012
-5011,60.49,7011
-5010,60.51,7010
-5009,60.53,7009
-5008,60.55,7008
-5007,60.58,7007
-5006,60.61,7006
-5005,60.64,7005
-5004,60.67,7004
-5003,60.7,7003
-5002,60.74,7002
-5001,60.77,7001
-5000,60.79,7000
-4999,60.82,6999
-4998,60.83,6998
-4997,60.84,6997
-4996,60.85,6996
-4995,60.85,6995
-4994,60.85,6994
-4993,60.85,6993
-4992,60.86,6992
-4991,60.86,6991
-4990,60.87,6990
-4989,60.88,6989
-4988,60.9,6988
-4987,60.91,6987
-4986,60.93,6986
-4985,60.94,6985
-4984,60.95,6984
-4983,60.96,6983
-4982,60.97,6982
-4981,60.97,6981
-4980,60.97,6980
-4979,60.98,6979
-4978,60.98,6978
-4977,61,6977
-4976,61.02,6976
-4975,61.04,6975
-4974,61.08,6974
-4973,61.13,6973
-4972,61.18,6972
-4971,61.24,6971
-4970,61.3,6970
-4969,61.35,6969
-4968,61.4,6968
-4967,61.45,6967
-4966,61.48,6966
-4965,61.51,6965
-4964,61.54,6964
-4963,61.56,6963
-4962,61.57,6962
-4961,61.58,6961
-4960,61.59,6960
-4959,61.61,6959
-4958,61.62,6958
-4957,61.63,6957
-4956,61.65,6956
-4955,61.67,6955
-4954,61.68,6954
-4953,61.7,6953
-4952,61.73,6952
-4951,61.75,6951
-4950,61.78,6950
-4949,61.8,6949
-4948,61.83,6948
-4947,61.86,6947
-4946,61.88,6946
-4945,61.91,6945
-4944,61.93,6944
-4943,61.96,6943
-4942,61.98,6942
-4941,62,6941
-4940,62.02,6940
-4939,62.04,6939
-4938,62.06,6938
-4937,62.08,6937
-4936,62.1,6936
-4935,62.12,6935
-4934,62.14,6934
-4933,62.17,6933
-4932,62.19,6932
-4931,62.21,6931
-4930,62.24,6930
-4929,62.26,6929
-4928,62.28,6928
-4927,62.3,6927
-4926,62.31,6926
-4925,62.33,6925
-4924,62.34,6924
-4923,62.35,6923
-4922,62.37,6922
-4921,62.38,6921
-4920,62.4,6920
-4919,62.42,6919
-4918,62.44,6918
-4917,62.47,6917
-4916,62.49,6916
-4915,62.52,6915
-4914,62.55,6914
-4913,62.58,6913
-4912,62.61,6912
-4911,62.64,6911
-4910,62.68,6910
-4909,62.71,6909
-4908,62.74,6908
-4907,62.77,6907
-4906,62.8,6906
-4905,62.82,6905
-4904,62.85,6904
-4903,62.87,6903
-4902,62.89,6902
-4901,62.91,6901
-4900,62.92,6900
-4899,62.94,6899
-4898,62.96,6898
-4897,62.97,6897
-4896,62.99,6896
-4895,63.01,6895
-4894,63.03,6894
-4893,63.05,6893
-4892,63.07,6892
-4891,63.09,6891
-4890,63.11,6890
-4889,63.13,6889
-4888,63.15,6888
-4887,63.18,6887
-4886,63.2,6886
-4885,63.23,6885
-4884,63.25,6884
-4883,63.28,6883
-4882,63.31,6882
-4881,63.34,6881
-4880,63.37,6880
-4879,63.41,6879
-4878,63.44,6878
-4877,63.47,6877
-4876,63.51,6876
-4875,63.54,6875
-4874,63.57,6874
-4873,63.6,6873
-4872,63.62,6872
-4871,63.64,6871
-4870,63.66,6870
-4869,63.68,6869
-4868,63.69,6868
-4867,63.71,6867
-4866,63.72,6866
-4865,63.74,6865
-4864,63.76,6864
-4863,63.77,6863
-4862,63.79,6862
-4861,63.81,6861
-4860,63.83,6860
-4859,63.85,6859
-4858,63.86,6858
-4857,63.88,6857
-4856,63.9,6856
-4855,63.92,6855
-4854,63.94,6854
-4853,63.96,6853
-4852,63.98,6852
-4851,64,6851
-4850,64.02,6850
-4849,64.05,6849
-4848,64.07,6848
-4847,64.1,6847
-4846,64.12,6846
-4845,64.15,6845
-4844,64.18,6844
-4843,64.2,6843
-4842,64.23,6842
-4841,64.25,6841
-4840,64.27,6840
-4839,64.29,6839
-4838,64.32,6838
-4837,64.34,6837
-4836,64.35,6836
-4835,64.37,6835
-4834,64.39,6834
-4833,64.41,6833
-4832,64.43,6832
-4831,64.44,6831
-4830,64.46,6830
-4829,64.48,6829
-4828,64.5,6828
-4827,64.51,6827
-4826,64.53,6826
-4825,64.55,6825
-4824,64.57,6824
-4823,64.59,6823
-4822,64.62,6822
-4821,64.64,6821
-4820,64.66,6820
-4819,64.68,6819
-4818,64.7,6818
-4817,64.71,6817
-4816,64.73,6816
-4815,64.75,6815
-4814,64.77,6814
-4813,64.78,6813
-4812,64.8,6812
-4811,64.82,6811
-4810,64.84,6810
-4809,64.86,6809
-4808,64.88,6808
-4807,64.91,6807
-4806,64.93,6806
-4805,64.95,6805
-4804,64.98,6804
-4803,65,6803
-4802,65.02,6802
-4801,65.04,6801
-4800,65.06,6800
-4799,65.08,6799
-4798,65.1,6798
-4797,65.11,6797
-4796,65.13,6796
-4795,65.15,6795
-4794,65.16,6794
-4793,65.18,6793
-4792,65.2,6792
-4791,65.21,6791
-4790,65.23,6790
-4789,65.25,6789
-4788,65.27,6788
-4787,65.29,6787
-4786,65.31,6786
-4785,65.33,6785
-4784,65.35,6784
-4783,65.38,6783
-4782,65.4,6782
-4781,65.42,6781
-4780,65.45,6780
-4779,65.47,6779
-4778,65.49,6778
-4777,65.51,6777
-4776,65.53,6776
-4775,65.55,6775
-4774,65.57,6774
-4773,65.59,6773
-4772,65.61,6772
-4771,65.63,6771
-4770,65.65,6770
-4769,65.68,6769
-4768,65.7,6768
-4767,65.73,6767
-4766,65.75,6766
-4765,65.77,6765
-4764,65.79,6764
-4763,65.81,6763
-4762,65.83,6762
-4761,65.85,6761
-4760,65.87,6760
-4759,65.88,6759
-4758,65.89,6758
-4757,65.91,6757
-4756,65.92,6756
-4755,65.94,6755
-4754,65.95,6754
-4753,65.97,6753
-4752,65.99,6752
-4751,66,6751
-4750,66.02,6750
-4749,66.04,6749
-4748,66.06,6748
-4747,66.08,6747
-4746,66.1,6746
-4745,66.12,6745
-4744,66.14,6744
-4743,66.16,6743
-4742,66.19,6742
-4741,66.21,6741
-4740,66.22,6740
-4739,66.24,6739
-4738,66.26,6738
-4737,66.27,6737
-4736,66.29,6736
-4735,66.3,6735
-4734,66.32,6734
-4733,66.33,6733
-4732,66.35,6732
-4731,66.36,6731
-4730,66.38,6730
-4729,66.39,6729
-4728,66.41,6728
-4727,66.43,6727
-4726,66.44,6726
-4725,66.46,6725
-4724,66.47,6724
-4723,66.48,6723
-4722,66.49,6722
-4721,66.51,6721
-4720,66.52,6720
-4719,66.53,6719
-4718,66.54,6718
-4717,66.56,6717
-4716,66.57,6716
-4715,66.59,6715
-4714,66.61,6714
-4713,66.63,6713
-4712,66.65,6712
-4711,66.67,6711
-4710,66.69,6710
-4709,66.71,6709
-4708,66.73,6708
-4707,66.75,6707
-4706,66.77,6706
-4705,66.79,6705
-4704,66.8,6704
-4703,66.82,6703
-4702,66.83,6702
-4701,66.84,6701
-4700,66.85,6700
-4699,66.87,6699
-4698,66.88,6698
-4697,66.89,6697
-4696,66.9,6696
-4695,66.91,6695
-4694,66.92,6694
-4693,66.93,6693
-4692,66.94,6692
-4691,66.95,6691
-4690,66.96,6690
-4689,66.97,6689
-4688,66.98,6688
-4687,66.99,6687
-4686,67,6686
-4685,67.01,6685
-4684,67.02,6684
-4683,67.03,6683
-4682,67.04,6682
-4681,67.05,6681
-4680,67.06,6680
-4679,67.07,6679
-4678,67.08,6678
-4677,67.09,6677
-4676,67.1,6676
-4675,67.11,6675
-4674,67.12,6674
-4673,67.12,6673
-4672,67.13,6672
-4671,67.14,6671
-4670,67.14,6670
-4669,67.15,6669
-4668,67.16,6668
-4667,67.16,6667
-4666,67.16,6666
-4665,67.17,6665
-4664,67.17,6664
-4663,67.18,6663
-4662,67.18,6662
-4661,67.19,6661
-4660,67.2,6660
-4659,67.21,6659
-4658,67.21,6658
-4657,67.22,6657
-4656,67.23,6656
-4655,67.24,6655
-4654,67.25,6654
-4653,67.25,6653
-4652,67.26,6652
-4651,67.26,6651
-4650,67.26,6650
-4649,67.26,6649
-4648,67.27,6648
-4647,67.27,6647
-4646,67.27,6646
-4645,67.27,6645
-4644,67.28,6644
-4643,67.28,6643
-4642,67.28,6642
-4641,67.29,6641
-4640,67.3,6640
-4639,67.3,6639
-4638,67.31,6638
-4637,67.31,6637
-4636,67.32,6636
-4635,67.33,6635
-4634,67.33,6634
-4633,67.34,6633
-4632,67.34,6632
-4631,67.35,6631
-4630,67.35,6630
-4629,67.35,6629
-4628,67.36,6628
-4627,67.36,6627
-4626,67.36,6626
-4625,67.36,6625
-4624,67.37,6624
-4623,67.37,6623
-4622,67.37,6622
-4621,67.37,6621
-4620,67.37,6620
-4619,67.38,6619
-4618,67.38,6618
-4617,67.38,6617
-4616,67.38,6616
-4615,67.39,6615
-4614,67.39,6614
-4613,67.39,6613
-4612,67.4,6612
-4611,67.4,6611
-4610,67.4,6610
-4609,67.41,6609
-4608,67.41,6608
-4607,67.41,6607
-4606,67.41,6606
-4605,67.41,6605
-4604,67.41,6604
-4603,67.41,6603
-4602,67.41,6602
-4601,67.41,6601
-4600,67.41,6600
-4599,67.41,6599
-4598,67.41,6598
-4597,67.41,6597
-4596,67.42,6596
-4595,67.42,6595
-4594,67.42,6594
-4593,67.42,6593
-4592,67.43,6592
-4591,67.43,6591
-4590,67.43,6590
-4589,67.43,6589
-4588,67.43,6588
-4587,67.43,6587
-4586,67.43,6586
-4585,67.43,6585
-4584,67.43,6584
-4583,67.43,6583
-4582,67.43,6582
-4581,67.43,6581
-4580,67.44,6580
-4579,67.44,6579
-4578,67.44,6578
-4577,67.44,6577
-4576,67.45,6576
-4575,67.45,6575
-4574,67.45,6574
-4573,67.45,6573
-4572,67.45,6572
-4571,67.45,6571
-4570,67.45,6570
-4569,67.45,6569
-4568,67.45,6568
-4567,67.45,6567
-4566,67.45,6566
-4565,67.45,6565
-4564,67.45,6564
-4563,67.45,6563
-4562,67.45,6562
-4561,67.45,6561
-4560,67.45,6560
-4559,67.45,6559
-4558,67.45,6558
-4557,67.45,6557
-4556,67.45,6556
-4555,67.45,6555
-4554,67.45,6554
-4553,67.45,6553
-4552,67.45,6552
-4551,67.45,6551
-4550,67.45,6550
-4549,67.45,6549
-4548,67.44,6548
-4547,67.44,6547
-4546,67.44,6546
-4545,67.44,6545
-4544,67.43,6544
-4543,67.43,6543
-4542,67.43,6542
-4541,67.42,6541
-4540,67.42,6540
-4539,67.42,6539
-4538,67.42,6538
-4537,67.41,6537
-4536,67.41,6536
-4535,67.41,6535
-4534,67.41,6534
-4533,67.41,6533
-4532,67.41,6532
-4531,67.41,6531
-4530,67.41,6530
-4529,67.41,6529
-4528,67.41,6528
-4527,67.41,6527
-4526,67.41,6526
-4525,67.41,6525
-4524,67.41,6524
-4523,67.41,6523
-4522,67.41,6522
-4521,67.41,6521
-4520,67.41,6520
-4519,67.41,6519
-4518,67.41,6518
-4517,67.41,6517
-4516,67.4,6516
-4515,67.4,6515
-4514,67.4,6514
-4513,67.39,6513
-4512,67.39,6512
-4511,67.39,6511
-4510,67.39,6510
-4509,67.38,6509
-4508,67.38,6508
-4507,67.38,6507
-4506,67.38,6506
-4505,67.37,6505
-4504,67.37,6504
-4503,67.37,6503
-4502,67.37,6502
-4501,67.36,6501
-4500,67.36,6500
-4499,67.36,6499
-4498,67.36,6498
-4497,67.35,6497
-4496,67.35,6496
-4495,67.35,6495
-4494,67.35,6494
-4493,67.34,6493
-4492,67.34,6492
-4491,67.34,6491
-4490,67.33,6490
-4489,67.33,6489
-4488,67.33,6488
-4487,67.33,6487
-4486,67.33,6486
-4485,67.32,6485
-4484,67.32,6484
-4483,67.32,6483
-4482,67.32,6482
-4481,67.31,6481
-4480,67.31,6480
-4479,67.3,6479
-4478,67.3,6478
-4477,67.29,6477
-4476,67.29,6476
-4475,67.28,6475
-4474,67.28,6474
-4473,67.27,6473
-4472,67.27,6472
-4471,67.27,6471
-4470,67.26,6470
-4469,67.26,6469
-4468,67.26,6468
-4467,67.26,6467
-4466,67.25,6466
-4465,67.25,6465
-4464,67.25,6464
-4463,67.24,6463
-4462,67.24,6462
-4461,67.23,6461
-4460,67.23,6460
-4459,67.22,6459
-4458,67.22,6458
-4457,67.21,6457
-4456,67.21,6456
-4455,67.2,6455
-4454,67.2,6454
-4453,67.19,6453
-4452,67.19,6452
-4451,67.18,6451
-4450,67.18,6450
-4449,67.17,6449
-4448,67.17,6448
-4447,67.16,6447
-4446,67.15,6446
-4445,67.14,6445
-4444,67.14,6444
-4443,67.13,6443
-4442,67.12,6442
-4441,67.11,6441
-4440,67.1,6440
-4439,67.09,6439
-4438,67.08,6438
-4437,67.07,6437
-4436,67.06,6436
-4435,67.05,6435
-4434,67.04,6434
-4433,67.03,6433
-4432,67.02,6432
-4431,67.01,6431
-4430,67,6430
-4429,66.99,6429
-4428,66.98,6428
-4427,66.97,6427
-4426,66.96,6426
-4425,66.95,6425
-4424,66.93,6424
-4423,66.92,6423
-4422,66.91,6422
-4421,66.89,6421
-4420,66.88,6420
-4419,66.86,6419
-4418,66.84,6418
-4417,66.82,6417
-4416,66.8,6416
-4415,66.78,6415
-4414,66.75,6414
-4413,66.73,6413
-4412,66.71,6412
-4411,66.68,6411
-4410,66.66,6410
-4409,66.63,6409
-4408,66.61,6408
-4407,66.59,6407
-4406,66.56,6406
-4405,66.54,6405
-4404,66.51,6404
-4403,66.48,6403
-4402,66.46,6402
-4401,66.43,6401
-4400,66.39,6400
-4399,66.36,6399
-4398,66.33,6398
-4397,66.29,6397
-4396,66.26,6396
-4395,66.23,6395
-4394,66.19,6394
-4393,66.16,6393
-4392,66.12,6392
-4391,66.09,6391
-4390,66.06,6390
-4389,66.02,6389
-4388,65.99,6388
-4387,65.95,6387
-4386,65.91,6386
-4385,65.86,6385
-4384,65.82,6384
-4383,65.77,6383
-4382,65.73,6382
-4381,65.68,6381
-4380,65.64,6380
-4379,65.6,6379
-4378,65.56,6378
-4377,65.53,6377
-4376,65.5,6376
-4375,65.47,6375
-4374,65.44,6374
-4373,65.41,6373
-4372,65.37,6372
-4371,65.34,6371
-4370,65.29,6370
-4369,65.24,6369
-4368,65.19,6368
-4367,65.14,6367
-4366,65.08,6366
-4365,65.03,6365
-4364,64.98,6364
-4363,64.93,6363
-4362,64.89,6362
-4361,64.85,6361
-4360,64.82,6360
-4359,64.79,6359
-4358,64.76,6358
-4357,64.73,6357
-4356,64.69,6356
-4355,64.65,6355
-4354,64.6,6354
-4353,64.54,6353
-4352,64.48,6352
-4351,64.42,6351
-4350,64.35,6350
-4349,64.29,6349
-4348,64.22,6348
-4347,64.16,6347
-4346,64.1,6346
-4345,64.05,6345
-4344,64,6344
-4343,63.95,6343
-4342,63.91,6342
-4341,63.86,6341
-4340,63.82,6340
-4339,63.77,6339
-4338,63.73,6338
-4337,63.69,6337
-4336,63.64,6336
-4335,63.6,6335
-4334,63.56,6334
-4333,63.52,6333
-4332,63.48,6332
-4331,63.45,6331
-4330,63.41,6330
-4329,63.38,6329
-4328,63.35,6328
-4327,63.32,6327
-4326,63.29,6326
-4325,63.26,6325
-4324,63.22,6324
-4323,63.18,6323
-4322,63.14,6322
-4321,63.1,6321
-4320,63.05,6320
-4319,63,6319
-4318,62.95,6318
-4317,62.89,6317
-4316,62.84,6316
-4315,62.78,6315
-4314,62.73,6314
-4313,62.67,6313
-4312,62.62,6312
-4311,62.57,6311
-4310,62.52,6310
-4309,62.48,6309
-4308,62.45,6308
-4307,62.42,6307
-4306,62.4,6306
-4305,62.38,6305
-4304,62.37,6304
-4303,62.35,6303
-4302,62.33,6302
-4301,62.3,6301
-4300,62.27,6300
-4299,62.22,6299
-4298,62.17,6298
-4297,62.11,6297
-4296,62.05,6296
-4295,61.99,6295
-4294,61.93,6294
-4293,61.87,6293
-4292,61.82,6292
-4291,61.78,6291
-4290,61.75,6290
-4289,61.72,6289
-4288,61.69,6288
-4287,61.67,6287
-4286,61.64,6286
-4285,61.62,6285
-4284,61.59,6284
-4283,61.56,6283
-4282,61.53,6282
-4281,61.5,6281
-4280,61.46,6280
-4279,61.43,6279
-4278,61.39,6278
-4277,61.36,6277
-4276,61.33,6276
-4275,61.31,6275
-4274,61.29,6274
-4273,61.27,6273
-4272,61.25,6272
-4271,61.24,6271
-4270,61.22,6270
-4269,61.21,6269
-4268,61.2,6268
-4267,61.18,6267
-4266,61.16,6266
-4265,61.15,6265
-4264,61.13,6264
-4263,61.11,6263
-4262,61.09,6262
-4261,61.07,6261
-4260,61.05,6260
-4259,61.03,6259
-4258,61.01,6258
-4257,60.99,6257
-4256,60.96,6256
-4255,60.94,6255
-4254,60.92,6254
-4253,60.89,6253
-4252,60.86,6252
-4251,60.84,6251
-4250,60.81,6250
-4249,60.78,6249
-4248,60.75,6248
-4247,60.72,6247
-4246,60.69,6246
-4245,60.67,6245
-4244,60.64,6244
-4243,60.62,6243
-4242,60.6,6242
-4241,60.58,6241
-4240,60.56,6240
-4239,60.54,6239
-4238,60.52,6238
-4237,60.5,6237
-4236,60.49,6236
-4235,60.47,6235
-4234,60.46,6234
-4233,60.45,6233
-4232,60.44,6232
-4231,60.43,6231
-4230,60.41,6230
-4229,60.4,6229
-4228,60.39,6228
-4227,60.38,6227
-4226,60.37,6226
-4225,60.35,6225
-4224,60.34,6224
-4223,60.33,6223
-4222,60.31,6222
-4221,60.3,6221
-4220,60.29,6220
-4219,60.27,6219
-4218,60.26,6218
-4217,60.24,6217
-4216,60.22,6216
-4215,60.21,6215
-4214,60.19,6214
-4213,60.18,6213
-4212,60.16,6212
-4211,60.15,6211
-4210,60.13,6210
-4209,60.12,6209
-4208,60.11,6208
-4207,60.1,6207
-4206,60.09,6206
-4205,60.08,6205
-4204,60.08,6204
-4203,60.07,6203
-4202,60.07,6202
-4201,60.07,6201
-4200,60.07,6200
-4199,60.07,6199
-4198,60.07,6198
-4197,60.06,6197
-4196,60.06,6196
-4195,60.05,6195
-4194,60.05,6194
-4193,60.04,6193
-4192,60.04,6192
-4191,60.03,6191
-4190,60.03,6190
-4189,60.02,6189
-4188,60.02,6188
-4187,60.01,6187
-4186,60.01,6186
-4185,60.01,6185
-4184,60,6184
-4183,60,6183
-4182,60,6182
-4181,60.01,6181
-4180,60.01,6180
-4179,60.01,6179
-4178,60.02,6178
-4177,60.03,6177
-4176,60.03,6176
-4175,60.04,6175
-4174,60.05,6174
-4173,60.05,6173
-4172,60.06,6172
-4171,60.07,6171
-4170,60.08,6170
-4169,60.08,6169
-4168,60.09,6168
-4167,60.1,6167
-4166,60.11,6166
-4165,60.12,6165
-4164,60.12,6164
-4163,60.13,6163
-4162,60.14,6162
-4161,60.15,6161
-4160,60.15,6160
-4159,60.16,6159
-4158,60.17,6158
-4157,60.17,6157
-4156,60.18,6156
-4155,60.19,6155
-4154,60.19,6154
-4153,60.2,6153
-4152,60.21,6152
-4151,60.22,6151
-4150,60.23,6150
-4149,60.25,6149
-4148,60.26,6148
-4147,60.28,6147
-4146,60.29,6146
-4145,60.31,6145
-4144,60.33,6144
-4143,60.34,6143
-4142,60.36,6142
-4141,60.37,6141
-4140,60.38,6140
-4139,60.39,6139
-4138,60.41,6138
-4137,60.42,6137
-4136,60.43,6136
-4135,60.44,6135
-4134,60.46,6134
-4133,60.47,6133
-4132,60.49,6132
-4131,60.5,6131
-4130,60.52,6130
-4129,60.53,6129
-4128,60.55,6128
-4127,60.57,6127
-4126,60.58,6126
-4125,60.6,6125
-4124,60.61,6124
-4123,60.63,6123
-4122,60.64,6122
-4121,60.66,6121
-4120,60.67,6120
-4119,60.69,6119
-4118,60.7,6118
-4117,60.71,6117
-4116,60.73,6116
-4115,60.74,6115
-4114,60.76,6114
-4113,60.77,6113
-4112,60.79,6112
-4111,60.81,6111
-4110,60.83,6110
-4109,60.85,6109
-4108,60.87,6108
-4107,60.9,6107
-4106,60.92,6106
-4105,60.94,6105
-4104,60.96,6104
-4103,60.97,6103
-4102,60.99,6102
-4101,61,6101
-4100,61.01,6100
-4099,61.02,6099
-4098,61.03,6098
-4097,61.05,6097
-4096,61.06,6096
-4095,61.07,6095
-4094,61.09,6094
-4093,61.1,6093
-4092,61.12,6092
-4091,61.13,6091
-4090,61.15,6090
-4089,61.16,6089
-4088,61.18,6088
-4087,61.19,6087
-4086,61.21,6086
-4085,61.22,6085
-4084,61.24,6084
-4083,61.25,6083
-4082,61.27,6082
-4081,61.28,6081
-4080,61.3,6080
-4079,61.32,6079
-4078,61.34,6078
-4077,61.36,6077
-4076,61.39,6076
-4075,61.41,6075
-4074,61.43,6074
-4073,61.45,6073
-4072,61.46,6072
-4071,61.48,6071
-4070,61.49,6070
-4069,61.5,6069
-4068,61.51,6068
-4067,61.52,6067
-4066,61.53,6066
-4065,61.54,6065
-4064,61.54,6064
-4063,61.55,6063
-4062,61.56,6062
-4061,61.57,6061
-4060,61.58,6060
-4059,61.6,6059
-4058,61.61,6058
-4057,61.62,6057
-4056,61.63,6056
-4055,61.64,6055
-4054,61.65,6054
-4053,61.65,6053
-4052,61.66,6052
-4051,61.67,6051
-4050,61.68,6050
-4049,61.7,6049
-4048,61.71,6048
-4047,61.72,6047
-4046,61.74,6046
-4045,61.75,6045
-4044,61.76,6044
-4043,61.78,6043
-4042,61.79,6042
-4041,61.8,6041
-4040,61.81,6040
-4039,61.81,6039
-4038,61.82,6038
-4037,61.82,6037
-4036,61.83,6036
-4035,61.83,6035
-4034,61.84,6034
-4033,61.84,6033
-4032,61.85,6032
-4031,61.85,6031
-4030,61.86,6030
-4029,61.87,6029
-4028,61.87,6028
-4027,61.88,6027
-4026,61.89,6026
-4025,61.9,6025
-4024,61.91,6024
-4023,61.92,6023
-4022,61.93,6022
-4021,61.94,6021
-4020,61.96,6020
-4019,61.97,6019
-4018,61.97,6018
-4017,61.98,6017
-4016,61.99,6016
-4015,62,6015
-4014,62,6014
-4013,62,6013
-4012,62.01,6012
-4011,62.01,6011
-4010,62.02,6010
-4009,62.02,6009
-4008,62.03,6008
-4007,62.03,6007
-4006,62.04,6006
-4005,62.05,6005
-4004,62.05,6004
-4003,62.06,6003
-4002,62.06,6002
-4001,62.06,6001
-4000,62.06,6000
-3999,62.07,5999
-3998,62.07,5998
-3997,62.07,5997
-3996,62.06,5996
-3995,62.06,5995
-3994,62.06,5994
-3993,62.06,5993
-3992,62.06,5992
-3991,62.06,5991
-3990,62.06,5990
-3989,62.06,5989
-3988,62.06,5988
-3987,62.06,5987
-3986,62.06,5986
-3985,62.06,5985
-3984,62.07,5984
-3983,62.07,5983
-3982,62.08,5982
-3981,62.09,5981
-3980,62.09,5980
-3979,62.1,5979
-3978,62.1,5978
-3977,62.1,5977
-3976,62.11,5976
-3975,62.11,5975
-3974,62.11,5974
-3973,62.11,5973
-3972,62.1,5972
-3971,62.1,5971
-3970,62.1,5970
-3969,62.1,5969
-3968,62.1,5968
-3967,62.1,5967
-3966,62.09,5966
-3965,62.09,5965
-3964,62.09,5964
-3963,62.08,5963
-3962,62.08,5962
-3961,62.08,5961
-3960,62.07,5960
-3959,62.06,5959
-3958,62.06,5958
-3957,62.05,5957
-3956,62.05,5956
-3955,62.04,5955
-3954,62.04,5954
-3953,62.04,5953
-3952,62.03,5952
-3951,62.03,5951
-3950,62.03,5950
-3949,62.03,5949
-3948,62.03,5948
-3947,62.02,5947
-3946,62.02,5946
-3945,62.01,5945
-3944,62.01,5944
-3943,62,5943
-3942,61.99,5942
-3941,61.98,5941
-3940,61.97,5940
-3939,61.96,5939
-3938,61.95,5938
-3937,61.94,5937
-3936,61.93,5936
-3935,61.92,5935
-3934,61.91,5934
-3933,61.9,5933
-3932,61.89,5932
-3931,61.88,5931
-3930,61.88,5930
-3929,61.87,5929
-3928,61.87,5928
-3927,61.86,5927
-3926,61.86,5926
-3925,61.85,5925
-3924,61.85,5924
-3923,61.84,5923
-3922,61.83,5922
-3921,61.82,5921
-3920,61.81,5920
-3919,61.8,5919
-3918,61.78,5918
-3917,61.77,5917
-3916,61.76,5916
-3915,61.74,5915
-3914,61.73,5914
-3913,61.71,5913
-3912,61.7,5912
-3911,61.68,5911
-3910,61.67,5910
-3909,61.66,5909
-3908,61.65,5908
-3907,61.64,5907
-3906,61.63,5906
-3905,61.63,5905
-3904,61.62,5904
-3903,61.62,5903
-3902,61.62,5902
-3901,61.61,5901
-3900,61.61,5900
-3899,61.6,5899
-3898,61.59,5898
-3897,61.58,5897
-3896,61.57,5896
-3895,61.56,5895
-3894,61.54,5894
-3893,61.53,5893
-3892,61.51,5892
-3891,61.49,5891
-3890,61.47,5890
-3889,61.45,5889
-3888,61.43,5888
-3887,61.41,5887
-3886,61.38,5886
-3885,61.36,5885
-3884,61.33,5884
-3883,61.3,5883
-3882,61.27,5882
-3881,61.24,5881
-3880,61.21,5880
-3879,61.18,5879
-3878,61.15,5878
-3877,61.13,5877
-3876,61.11,5876
-3875,61.09,5875
-3874,61.07,5874
-3873,61.06,5873
-3872,61.05,5872
-3871,61.04,5871
-3870,61.03,5870
-3869,61.02,5869
-3868,61,5868
-3867,60.99,5867
-3866,60.97,5866
-3865,60.95,5865
-3864,60.93,5864
-3863,60.9,5863
-3862,60.88,5862
-3861,60.86,5861
-3860,60.84,5860
-3859,60.82,5859
-3858,60.81,5858
-3857,60.79,5857
-3856,60.78,5856
-3855,60.76,5855
-3854,60.74,5854
-3853,60.72,5853
-3852,60.7,5852
-3851,60.67,5851
-3850,60.64,5850
-3849,60.61,5849
-3848,60.58,5848
-3847,60.54,5847
-3846,60.51,5846
-3845,60.48,5845
-3844,60.45,5844
-3843,60.43,5843
-3842,60.4,5842
-3841,60.38,5841
-3840,60.36,5840
-3839,60.34,5839
-3838,60.33,5838
-3837,60.31,5837
-3836,60.3,5836
-3835,60.28,5835
-3834,60.27,5834
-3833,60.25,5833
-3832,60.24,5832
-3831,60.22,5831
-3830,60.21,5830
-3829,60.19,5829
-3828,60.17,5828
-3827,60.15,5827
-3826,60.13,5826
-3825,60.11,5825
-3824,60.09,5824
-3823,60.07,5823
-3822,60.05,5822
-3821,60.03,5821
-3820,60,5820
-3819,59.98,5819
-3818,59.96,5818
-3817,59.93,5817
-3816,59.91,5816
-3815,59.89,5815
-3814,59.87,5814
-3813,59.84,5813
-3812,59.82,5812
-3811,59.8,5811
-3810,59.78,5810
-3809,59.76,5809
-3808,59.74,5808
-3807,59.72,5807
-3806,59.7,5806
-3805,59.68,5805
-3804,59.66,5804
-3803,59.64,5803
-3802,59.62,5802
-3801,59.6,5801
-3800,59.58,5800
-3799,59.56,5799
-3798,59.54,5798
-3797,59.52,5797
-3796,59.51,5796
-3795,59.49,5795
-3794,59.48,5794
-3793,59.46,5793
-3792,59.45,5792
-3791,59.43,5791
-3790,59.42,5790
-3789,59.4,5789
-3788,59.38,5788
-3787,59.35,5787
-3786,59.33,5786
-3785,59.3,5785
-3784,59.28,5784
-3783,59.26,5783
-3782,59.23,5782
-3781,59.21,5781
-3780,59.2,5780
-3779,59.18,5779
-3778,59.16,5778
-3777,59.15,5777
-3776,59.14,5776
-3775,59.12,5775
-3774,59.11,5774
-3773,59.1,5773
-3772,59.08,5772
-3771,59.07,5771
-3770,59.05,5770
-3769,59.04,5769
-3768,59.02,5768
-3767,59.01,5767
-3766,58.99,5766
-3765,58.97,5765
-3764,58.95,5764
-3763,58.93,5763
-3762,58.91,5762
-3761,58.89,5761
-3760,58.86,5760
-3759,58.84,5759
-3758,58.81,5758
-3757,58.79,5757
-3756,58.76,5756
-3755,58.74,5755
-3754,58.71,5754
-3753,58.69,5753
-3752,58.67,5752
-3751,58.65,5751
-3750,58.63,5750
-3749,58.62,5749
-3748,58.61,5748
-3747,58.6,5747
-3746,58.59,5746
-3745,58.58,5745
-3744,58.57,5744
-3743,58.56,5743
-3742,58.54,5742
-3741,58.52,5741
-3740,58.51,5740
-3739,58.48,5739
-3738,58.46,5738
-3737,58.44,5737
-3736,58.42,5736
-3735,58.4,5735
-3734,58.38,5734
-3733,58.36,5733
-3732,58.34,5732
-3731,58.33,5731
-3730,58.31,5730
-3729,58.3,5729
-3728,58.29,5728
-3727,58.27,5727
-3726,58.26,5726
-3725,58.24,5725
-3724,58.23,5724
-3723,58.21,5723
-3722,58.2,5722
-3721,58.18,5721
-3720,58.17,5720
-3719,58.15,5719
-3718,58.14,5718
-3717,58.12,5717
-3716,58.1,5716
-3715,58.09,5715
-3714,58.07,5714
-3713,58.05,5713
-3712,58.03,5712
-3711,58.01,5711
-3710,57.99,5710
-3709,57.96,5709
-3708,57.94,5708
-3707,57.91,5707
-3706,57.89,5706
-3705,57.87,5705
-3704,57.85,5704
-3703,57.83,5703
-3702,57.81,5702
-3701,57.8,5701
-3700,57.78,5700
-3699,57.77,5699
-3698,57.76,5698
-3697,57.75,5697
-3696,57.74,5696
-3695,57.73,5695
-3694,57.71,5694
-3693,57.69,5693
-3692,57.68,5692
-3691,57.66,5691
-3690,57.64,5690
-3689,57.62,5689
-3688,57.6,5688
-3687,57.58,5687
-3686,57.56,5686
-3685,57.54,5685
-3684,57.52,5684
-3683,57.51,5683
-3682,57.49,5682
-3681,57.47,5681
-3680,57.46,5680
-3679,57.44,5679
-3678,57.43,5678
-3677,57.41,5677
-3676,57.4,5676
-3675,57.38,5675
-3674,57.37,5674
-3673,57.35,5673
-3672,57.34,5672
-3671,57.32,5671
-3670,57.29,5670
-3669,57.27,5669
-3668,57.25,5668
-3667,57.22,5667
-3666,57.2,5666
-3665,57.17,5665
-3664,57.14,5664
-3663,57.11,5663
-3662,57.09,5662
-3661,57.06,5661
-3660,57.03,5660
-3659,57.01,5659
-3658,56.99,5658
-3657,56.97,5657
-3656,56.95,5656
-3655,56.93,5655
-3654,56.92,5654
-3653,56.91,5653
-3652,56.91,5652
-3651,56.9,5651
-3650,56.9,5650
-3649,56.89,5649
-3648,56.89,5648
-3647,56.89,5647
-3646,56.88,5646
-3645,56.88,5645
-3644,56.87,5644
-3643,56.87,5643
-3642,56.86,5642
-3641,56.86,5641
-3640,56.85,5640
-3639,56.84,5639
-3638,56.83,5638
-3637,56.82,5637
-3636,56.81,5636
-3635,56.8,5635
-3634,56.79,5634
-3633,56.77,5633
-3632,56.76,5632
-3631,56.74,5631
-3630,56.73,5630
-3629,56.7,5629
-3628,56.68,5628
-3627,56.65,5627
-3626,56.62,5626
-3625,56.58,5625
-3624,56.54,5624
-3623,56.49,5623
-3622,56.44,5622
-3621,56.39,5621
-3620,56.34,5620
-3619,56.3,5619
-3618,56.26,5618
-3617,56.22,5617
-3616,56.19,5616
-3615,56.17,5615
-3614,56.16,5614
-3613,56.15,5613
-3612,56.15,5612
-3611,56.15,5611
-3610,56.15,5610
-3609,56.15,5609
-3608,56.15,5608
-3607,56.15,5607
-3606,56.15,5606
-3605,56.15,5605
-3604,56.15,5604
-3603,56.14,5603
-3602,56.14,5602
-3601,56.13,5601
-3600,56.13,5600
-3599,56.12,5599
-3598,56.12,5598
-3597,56.11,5597
-3596,56.1,5596
-3595,56.1,5595
-3594,56.1,5594
-3593,56.09,5593
-3592,56.09,5592
-3591,56.09,5591
-3590,56.08,5590
-3589,56.08,5589
-3588,56.07,5588
-3587,56.07,5587
-3586,56.06,5586
-3585,56.04,5585
-3584,56.03,5584
-3583,56.01,5583
-3582,55.99,5582
-3581,55.97,5581
-3580,55.95,5580
-3579,55.93,5579
-3578,55.92,5578
-3577,55.91,5577
-3576,55.9,5576
-3575,55.89,5575
-3574,55.89,5574
-3573,55.89,5573
-3572,55.89,5572
-3571,55.89,5571
-3570,55.89,5570
-3569,55.89,5569
-3568,55.89,5568
-3567,55.89,5567
-3566,55.89,5566
-3565,55.89,5565
-3564,55.89,5564
-3563,55.89,5563
-3562,55.89,5562
-3561,55.89,5561
-3560,55.89,5560
-3559,55.89,5559
-3558,55.89,5558
-3557,55.89,5557
-3556,55.89,5556
-3555,55.89,5555
-3554,55.89,5554
-3553,55.89,5553
-3552,55.89,5552
-3551,55.9,5551
-3550,55.9,5550
-3549,55.9,5549
-3548,55.9,5548
-3547,55.91,5547
-3546,55.91,5546
-3545,55.92,5545
-3544,55.93,5544
-3543,55.94,5543
-3542,55.94,5542
-3541,55.95,5541
-3540,55.96,5540
-3539,55.97,5539
-3538,55.97,5538
-3537,55.98,5537
-3536,55.98,5536
-3535,55.99,5535
-3534,56,5534
-3533,56.01,5533
-3532,56.02,5532
-3531,56.04,5531
-3530,56.06,5530
-3529,56.09,5529
-3528,56.12,5528
-3527,56.15,5527
-3526,56.19,5526
-3525,56.22,5525
-3524,56.25,5524
-3523,56.27,5523
-3522,56.29,5522
-3521,56.31,5521
-3520,56.32,5520
-3519,56.33,5519
-3518,56.34,5518
-3517,56.34,5517
-3516,56.36,5516
-3515,56.37,5515
-3514,56.39,5514
-3513,56.42,5513
-3512,56.45,5512
-3511,56.48,5511
-3510,56.52,5510
-3509,56.55,5509
-3508,56.58,5508
-3507,56.61,5507
-3506,56.64,5506
-3505,56.66,5505
-3504,56.68,5504
-3503,56.7,5503
-3502,56.71,5502
-3501,56.73,5501
-3500,56.74,5500
-3499,56.76,5499
-3498,56.78,5498
-3497,56.8,5497
-3496,56.82,5496
-3495,56.84,5495
-3494,56.87,5494
-3493,56.9,5493
-3492,56.93,5492
-3491,56.97,5491
-3490,57.01,5490
-3489,57.05,5489
-3488,57.09,5488
-3487,57.13,5487
-3486,57.17,5486
-3485,57.22,5485
-3484,57.26,5484
-3483,57.3,5483
-3482,57.34,5482
-3481,57.38,5481
-3480,57.41,5480
-3479,57.44,5479
-3478,57.48,5478
-3477,57.51,5477
-3476,57.53,5476
-3475,57.56,5475
-3474,57.59,5474
-3473,57.61,5473
-3472,57.63,5472
-3471,57.65,5471
-3470,57.68,5470
-3469,57.7,5469
-3468,57.72,5468
-3467,57.74,5467
-3466,57.76,5466
-3465,57.79,5465
-3464,57.81,5464
-3463,57.83,5463
-3462,57.85,5462
-3461,57.88,5461
-3460,57.9,5460
-3459,57.93,5459
-3458,57.95,5458
-3457,57.98,5457
-3456,58,5456
-3455,58.03,5455
-3454,58.05,5454
-3453,58.08,5453
-3452,58.1,5452
-3451,58.13,5451
-3450,58.16,5450
-3449,58.18,5449
-3448,58.21,5448
-3447,58.23,5447
-3446,58.25,5446
-3445,58.27,5445
-3444,58.29,5444
-3443,58.3,5443
-3442,58.32,5442
-3441,58.33,5441
-3440,58.34,5440
-3439,58.35,5439
-3438,58.36,5438
-3437,58.38,5437
-3436,58.39,5436
-3435,58.41,5435
-3434,58.42,5434
-3433,58.44,5433
-3432,58.46,5432
-3431,58.48,5431
-3430,58.5,5430
-3429,58.51,5429
-3428,58.53,5428
-3427,58.55,5427
-3426,58.57,5426
-3425,58.58,5425
-3424,58.6,5424
-3423,58.61,5423
-3422,58.63,5422
-3421,58.64,5421
-3420,58.65,5420
-3419,58.66,5419
-3418,58.68,5418
-3417,58.69,5417
-3416,58.7,5416
-3415,58.71,5415
-3414,58.72,5414
-3413,58.72,5413
-3412,58.73,5412
-3411,58.74,5411
-3410,58.75,5410
-3409,58.76,5409
-3408,58.77,5408
-3407,58.78,5407
-3406,58.79,5406
-3405,58.8,5405
-3404,58.82,5404
-3403,58.84,5403
-3402,58.85,5402
-3401,58.87,5401
-3400,58.89,5400
-3399,58.9,5399
-3398,58.92,5398
-3397,58.93,5397
-3396,58.93,5396
-3395,58.94,5395
-3394,58.94,5394
-3393,58.94,5393
-3392,58.94,5392
-3391,58.94,5391
-3390,58.94,5390
-3389,58.95,5389
-3388,58.95,5388
-3387,58.96,5387
-3386,58.97,5386
-3385,58.99,5385
-3384,59,5384
-3383,59.01,5383
-3382,59.02,5382
-3381,59.03,5381
-3380,59.03,5380
-3379,59.04,5379
-3378,59.04,5378
-3377,59.04,5377
-3376,59.05,5376
-3375,59.05,5375
-3374,59.05,5374
-3373,59.05,5373
-3372,59.05,5372
-3371,59.05,5371
-3370,59.05,5370
-3369,59.05,5369
-3368,59.05,5368
-3367,59.06,5367
-3366,59.06,5366
-3365,59.07,5365
-3364,59.08,5364
-3363,59.08,5363
-3362,59.09,5362
-3361,59.1,5361
-3360,59.11,5360
-3359,59.12,5359
-3358,59.12,5358
-3357,59.13,5357
-3356,59.13,5356
-3355,59.14,5355
-3354,59.14,5354
-3353,59.14,5353
-3352,59.14,5352
-3351,59.15,5351
-3350,59.15,5350
-3349,59.15,5349
-3348,59.15,5348
-3347,59.15,5347
-3346,59.15,5346
-3345,59.16,5345
-3344,59.16,5344
-3343,59.16,5343
-3342,59.17,5342
-3341,59.17,5341
-3340,59.18,5340
-3339,59.18,5339
-3338,59.19,5338
-3337,59.19,5337
-3336,59.2,5336
-3335,59.2,5335
-3334,59.21,5334
-3333,59.21,5333
-3332,59.21,5332
-3331,59.22,5331
-3330,59.22,5330
-3329,59.22,5329
-3328,59.22,5328
-3327,59.22,5327
-3326,59.23,5326
-3325,59.23,5325
-3324,59.23,5324
-3323,59.23,5323
-3322,59.24,5322
-3321,59.24,5321
-3320,59.24,5320
-3319,59.24,5319
-3318,59.25,5318
-3317,59.25,5317
-3316,59.25,5316
-3315,59.26,5315
-3314,59.26,5314
-3313,59.26,5313
-3312,59.26,5312
-3311,59.27,5311
-3310,59.27,5310
-3309,59.27,5309
-3308,59.27,5308
-3307,59.27,5307
-3306,59.28,5306
-3305,59.28,5305
-3304,59.28,5304
-3303,59.29,5303
-3302,59.29,5302
-3301,59.29,5301
-3300,59.29,5300
-3299,59.3,5299
-3298,59.3,5298
-3297,59.3,5297
-3296,59.3,5296
-3295,59.31,5295
-3294,59.31,5294
-3293,59.31,5293
-3292,59.31,5292
-3291,59.31,5291
-3290,59.31,5290
-3289,59.31,5289
-3288,59.31,5288
-3287,59.31,5287
-3286,59.31,5286
-3285,59.31,5285
-3284,59.31,5284
-3283,59.31,5283
-3282,59.32,5282
-3281,59.32,5281
-3280,59.32,5280
-3279,59.33,5279
-3278,59.33,5278
-3277,59.33,5277
-3276,59.34,5276
-3275,59.34,5275
-3274,59.34,5274
-3273,59.34,5273
-3272,59.35,5272
-3271,59.35,5271
-3270,59.35,5270
-3269,59.35,5269
-3268,59.35,5268
-3267,59.35,5267
-3266,59.35,5266
-3265,59.35,5265
-3264,59.35,5264
-3263,59.35,5263
-3262,59.35,5262
-3261,59.35,5261
-3260,59.35,5260
-3259,59.36,5259
-3258,59.36,5258
-3257,59.36,5257
-3256,59.36,5256
-3255,59.37,5255
-3254,59.37,5254
-3253,59.37,5253
-3252,59.38,5252
-3251,59.38,5251
-3250,59.38,5250
-3249,59.38,5249
-3248,59.39,5248
-3247,59.39,5247
-3246,59.39,5246
-3245,59.39,5245
-3244,59.39,5244
-3243,59.39,5243
-3242,59.39,5242
-3241,59.39,5241
-3240,59.39,5240
-3239,59.39,5239
-3238,59.39,5238
-3237,59.39,5237
-3236,59.39,5236
-3235,59.39,5235
-3234,59.39,5234
-3233,59.39,5233
-3232,59.39,5232
-3231,59.39,5231
-3230,59.38,5230
-3229,59.38,5229
-3228,59.38,5228
-3227,59.38,5227
-3226,59.38,5226
-3225,59.38,5225
-3224,59.39,5224
-3223,59.39,5223
-3222,59.4,5222
-3221,59.4,5221
-3220,59.41,5220
-3219,59.41,5219
-3218,59.42,5218
-3217,59.42,5217
-3216,59.43,5216
-3215,59.43,5215
-3214,59.43,5214
-3213,59.43,5213
-3212,59.43,5212
-3211,59.43,5211
-3210,59.43,5210
-3209,59.43,5209
-3208,59.43,5208
-3207,59.43,5207
-3206,59.42,5206
-3205,59.42,5205
-3204,59.43,5204
-3203,59.43,5203
-3202,59.43,5202
-3201,59.43,5201
-3200,59.43,5200
-3199,59.43,5199
-3198,59.43,5198
-3197,59.43,5197
-3196,59.43,5196
-3195,59.43,5195
-3194,59.43,5194
-3193,59.43,5193
-3192,59.43,5192
-3191,59.43,5191
-3190,59.43,5190
-3189,59.43,5189
-3188,59.43,5188
-3187,59.43,5187
-3186,59.43,5186
-3185,59.43,5185
-3184,59.43,5184
-3183,59.43,5183
-3182,59.43,5182
-3181,59.43,5181
-3180,59.43,5180
-3179,59.43,5179
-3178,59.43,5178
-3177,59.43,5177
-3176,59.43,5176
-3175,59.43,5175
-3174,59.43,5174
-3173,59.43,5173
-3172,59.43,5172
-3171,59.43,5171
-3170,59.43,5170
-3169,59.43,5169
-3168,59.43,5168
-3167,59.43,5167
-3166,59.43,5166
-3165,59.43,5165
-3164,59.43,5164
-3163,59.43,5163
-3162,59.43,5162
-3161,59.43,5161
-3160,59.43,5160
-3159,59.42,5159
-3158,59.42,5158
-3157,59.42,5157
-3156,59.42,5156
-3155,59.42,5155
-3154,59.43,5154
-3153,59.43,5153
-3152,59.43,5152
-3151,59.43,5151
-3150,59.43,5150
-3149,59.44,5149
-3148,59.44,5148
-3147,59.44,5147
-3146,59.45,5146
-3145,59.45,5145
-3144,59.45,5144
-3143,59.45,5143
-3142,59.45,5142
-3141,59.45,5141
-3140,59.45,5140
-3139,59.45,5139
-3138,59.45,5138
-3137,59.45,5137
-3136,59.45,5136
-3135,59.45,5135
-3134,59.45,5134
-3133,59.45,5133
-3132,59.45,5132
-3131,59.45,5131
-3130,59.45,5130
-3129,59.45,5129
-3128,59.45,5128
-3127,59.44,5127
-3126,59.44,5126
-3125,59.44,5125
-3124,59.44,5124
-3123,59.44,5123
-3122,59.45,5122
-3121,59.45,5121
-3120,59.45,5120
-3119,59.45,5119
-3118,59.46,5118
-3117,59.46,5117
-3116,59.46,5116
-3115,59.46,5115
-3114,59.47,5114
-3113,59.47,5113
-3112,59.47,5112
-3111,59.47,5111
-3110,59.47,5110
-3109,59.47,5109
-3108,59.47,5108
-3107,59.47,5107
-3106,59.47,5106
-3105,59.47,5105
-3104,59.47,5104
-3103,59.47,5103
-3102,59.47,5102
-3101,59.47,5101
-3100,59.47,5100
-3099,59.47,5099
-3098,59.47,5098
-3097,59.47,5097
-3096,59.47,5096
-3095,59.47,5095
-3094,59.47,5094
-3093,59.47,5093
-3092,59.47,5092
-3091,59.47,5091
-3090,59.47,5090
-3089,59.47,5089
-3088,59.47,5088
-3087,59.47,5087
-3086,59.47,5086
-3085,59.47,5085
-3084,59.47,5084
-3083,59.47,5083
-3082,59.46,5082
-3081,59.46,5081
-3080,59.46,5080
-3079,59.46,5079
-3078,59.45,5078
-3077,59.45,5077
-3076,59.45,5076
-3075,59.45,5075
-3074,59.44,5074
-3073,59.44,5073
-3072,59.44,5072
-3071,59.44,5071
-3070,59.44,5070
-3069,59.44,5069
-3068,59.45,5068
-3067,59.45,5067
-3066,59.45,5066
-3065,59.45,5065
-3064,59.45,5064
-3063,59.45,5063
-3062,59.45,5062
-3061,59.45,5061
-3060,59.45,5060
-3059,59.45,5059
-3058,59.44,5058
-3057,59.44,5057
-3056,59.44,5056
-3055,59.43,5055
-3054,59.43,5054
-3053,59.43,5053
-3052,59.43,5052
-3051,59.43,5051
-3050,59.42,5050
-3049,59.42,5049
-3048,59.42,5048
-3047,59.42,5047
-3046,59.42,5046
-3045,59.43,5045
-3044,59.43,5044
-3043,59.43,5043
-3042,59.43,5042
-3041,59.43,5041
-3040,59.43,5040
-3039,59.43,5039
-3038,59.43,5038
-3037,59.43,5037
-3036,59.43,5036
-3035,59.43,5035
-3034,59.43,5034
-3033,59.43,5033
-3032,59.43,5032
-3031,59.43,5031
-3030,59.43,5030
-3029,59.43,5029
-3028,59.43,5028
-3027,59.43,5027
-3026,59.43,5026
-3025,59.43,5025
-3024,59.43,5024
-3023,59.43,5023
-3022,59.43,5022
-3021,59.43,5021
-3020,59.43,5020
-3019,59.43,5019
-3018,59.43,5018
-3017,59.43,5017
-3016,59.43,5016
-3015,59.43,5015
-3014,59.43,5014
-3013,59.43,5013
-3012,59.43,5012
-3011,59.42,5011
-3010,59.42,5010
-3009,59.42,5009
-3008,59.41,5008
-3007,59.41,5007
-3006,59.41,5006
-3005,59.41,5005
-3004,59.41,5004
-3003,59.41,5003
-3002,59.41,5002
-3001,59.41,5001
-3000,59.41,5000
-2999,59.41,4999
-2998,59.41,4998
-2997,59.41,4997
-2996,59.41,4996
-2995,59.4,4995
-2994,59.4,4994
-2993,59.4,4993
-2992,59.39,4992
-2991,59.39,4991
-2990,59.39,4990
-2989,59.39,4989
-2988,59.39,4988
-2987,59.38,4987
-2986,59.38,4986
-2985,59.38,4985
-2984,59.38,4984
-2983,59.38,4983
-2982,59.39,4982
-2981,59.39,4981
-2980,59.39,4980
-2979,59.39,4979
-2978,59.39,4978
-2977,59.39,4977
-2976,59.39,4976
-2975,59.39,4975
-2974,59.39,4974
-2973,59.39,4973
-2972,59.39,4972
-2971,59.39,4971
-2970,59.39,4970
-2969,59.39,4969
-2968,59.39,4968
-2967,59.39,4967
-2966,59.39,4966
-2965,59.39,4965
-2964,59.38,4964
-2963,59.38,4963
-2962,59.38,4962
-2961,59.38,4961
-2960,59.38,4960
-2959,59.37,4959
-2958,59.37,4958
-2957,59.37,4957
-2956,59.36,4956
-2955,59.36,4955
-2954,59.36,4954
-2953,59.35,4953
-2952,59.35,4952
-2951,59.35,4951
-2950,59.35,4950
-2949,59.35,4949
-2948,59.35,4948
-2947,59.35,4947
-2946,59.35,4946
-2945,59.35,4945
-2944,59.35,4944
-2943,59.35,4943
-2942,59.35,4942
-2941,59.35,4941
-2940,59.34,4940
-2939,59.34,4939
-2938,59.34,4938
-2937,59.34,4937
-2936,59.33,4936
-2935,59.33,4935
-2934,59.33,4934
-2933,59.32,4933
-2932,59.32,4932
-2931,59.32,4931
-2930,59.32,4930
-2929,59.31,4929
-2928,59.31,4928
-2927,59.31,4927
-2926,59.31,4926
-2925,59.3,4925
-2924,59.3,4924
-2923,59.3,4923
-2922,59.29,4922
-2921,59.29,4921
-2920,59.29,4920
-2919,59.29,4919
-2918,59.29,4918
-2917,59.29,4917
-2916,59.29,4916
-2915,59.29,4915
-2914,59.29,4914
-2913,59.29,4913
-2912,59.29,4912
-2911,59.29,4911
-2910,59.29,4910
-2909,59.28,4909
-2908,59.28,4908
-2907,59.27,4907
-2906,59.26,4906
-2905,59.26,4905
-2904,59.25,4904
-2903,59.25,4903
-2902,59.25,4902
-2901,59.24,4901
-2900,59.24,4900
-2899,59.25,4899
-2898,59.25,4898
-2897,59.25,4897
-2896,59.25,4896
-2895,59.25,4895
-2894,59.25,4894
-2893,59.24,4893
-2892,59.24,4892
-2891,59.23,4891
-2890,59.23,4890
-2889,59.22,4889
-2888,59.21,4888
-2887,59.21,4887
-2886,59.2,4886
-2885,59.2,4885
-2884,59.2,4884
-2883,59.2,4883
-2882,59.19,4882
-2881,59.19,4881
-2880,59.19,4880
-2879,59.19,4879
-2878,59.18,4878
-2877,59.18,4877
-2876,59.18,4876
-2875,59.17,4875
-2874,59.17,4874
-2873,59.16,4873
-2872,59.15,4872
-2871,59.15,4871
-2870,59.14,4870
-2869,59.13,4869
-2868,59.13,4868
-2867,59.12,4867
-2866,59.11,4866
-2865,59.1,4865
-2864,59.09,4864
-2863,59.09,4863
-2862,59.08,4862
-2861,59.07,4861
-2860,59.06,4860
-2859,59.06,4859
-2858,59.05,4858
-2857,59.04,4857
-2856,59.03,4856
-2855,59.03,4855
-2854,59.02,4854
-2853,59.01,4853
-2852,59.01,4852
-2851,59,4851
-2850,58.99,4850
-2849,58.98,4849
-2848,58.97,4848
-2847,58.96,4847
-2846,58.95,4846
-2845,58.94,4845
-2844,58.93,4844
-2843,58.92,4843
-2842,58.91,4842
-2841,58.9,4841
-2840,58.89,4840
-2839,58.88,4839
-2838,58.88,4838
-2837,58.87,4837
-2836,58.87,4836
-2835,58.87,4835
-2834,58.86,4834
-2833,58.86,4833
-2832,58.85,4832
-2831,58.84,4831
-2830,58.83,4830
-2829,58.82,4829
-2828,58.81,4828
-2827,58.8,4827
-2826,58.78,4826
-2825,58.77,4825
-2824,58.75,4824
-2823,58.74,4823
-2822,58.72,4822
-2821,58.7,4821
-2820,58.69,4820
-2819,58.67,4819
-2818,58.66,4818
-2817,58.64,4817
-2816,58.63,4816
-2815,58.62,4815
-2814,58.6,4814
-2813,58.59,4813
-2812,58.58,4812
-2811,58.56,4811
-2810,58.55,4810
-2809,58.54,4809
-2808,58.53,4808
-2807,58.52,4807
-2806,58.5,4806
-2805,58.49,4805
-2804,58.48,4804
-2803,58.47,4803
-2802,58.45,4802
-2801,58.44,4801
-2800,58.43,4800
-2799,58.41,4799
-2798,58.39,4798
-2797,58.38,4797
-2796,58.36,4796
-2795,58.34,4795
-2794,58.32,4794
-2793,58.3,4793
-2792,58.28,4792
-2791,58.26,4791
-2790,58.24,4790
-2789,58.22,4789
-2788,58.2,4788
-2787,58.19,4787
-2786,58.17,4786
-2785,58.16,4785
-2784,58.14,4784
-2783,58.13,4783
-2782,58.12,4782
-2781,58.11,4781
-2780,58.1,4780
-2779,58.09,4779
-2778,58.08,4778
-2777,58.07,4777
-2776,58.06,4776
-2775,58.05,4775
-2774,58.03,4774
-2773,58.02,4773
-2772,58,4772
-2771,57.98,4771
-2770,57.97,4770
-2769,57.95,4769
-2768,57.94,4768
-2767,57.92,4767
-2766,57.91,4766
-2765,57.9,4765
-2764,57.89,4764
-2763,57.88,4763
-2762,57.86,4762
-2761,57.85,4761
-2760,57.84,4760
-2759,57.82,4759
-2758,57.8,4758
-2757,57.79,4757
-2756,57.77,4756
-2755,57.76,4755
-2754,57.74,4754
-2753,57.73,4753
-2752,57.72,4752
-2751,57.7,4751
-2750,57.69,4750
-2749,57.69,4749
-2748,57.68,4748
-2747,57.67,4747
-2746,57.66,4746
-2745,57.65,4745
-2744,57.64,4744
-2743,57.63,4743
-2742,57.61,4742
-2741,57.6,4741
-2740,57.59,4740
-2739,57.58,4739
-2738,57.57,4738
-2737,57.57,4737
-2736,57.56,4736
-2735,57.55,4735
-2734,57.55,4734
-2733,57.54,4733
-2732,57.54,4732
-2731,57.54,4731
-2730,57.53,4730
-2729,57.53,4729
-2728,57.52,4728
-2727,57.52,4727
-2726,57.51,4726
-2725,57.51,4725
-2724,57.5,4724
-2723,57.5,4723
-2722,57.49,4722
-2721,57.49,4721
-2720,57.48,4720
-2719,57.48,4719
-2718,57.48,4718
-2717,57.47,4717
-2716,57.47,4716
-2715,57.47,4715
-2714,57.47,4714
-2713,57.47,4713
-2712,57.47,4712
-2711,57.47,4711
-2710,57.47,4710
-2709,57.47,4709
-2708,57.47,4708
-2707,57.47,4707
-2706,57.47,4706
-2705,57.47,4705
-2704,57.47,4704
-2703,57.47,4703
-2702,57.47,4702
-2701,57.47,4701
-2700,57.47,4700
-2699,57.47,4699
-2698,57.47,4698
-2697,57.47,4697
-2696,57.47,4696
-2695,57.47,4695
-2694,57.47,4694
-2693,57.47,4693
-2692,57.47,4692
-2691,57.47,4691
-2690,57.47,4690
-2689,57.47,4689
-2688,57.47,4688
-2687,57.47,4687
-2686,57.47,4686
-2685,57.47,4685
-2684,57.47,4684
-2683,57.47,4683
-2682,57.47,4682
-2681,57.47,4681
-2680,57.47,4680
-2679,57.47,4679
-2678,57.47,4678
-2677,57.47,4677
-2676,57.47,4676
-2675,57.47,4675
-2674,57.47,4674
-2673,57.48,4673
-2672,57.48,4672
-2671,57.49,4671
-2670,57.49,4670
-2669,57.5,4669
-2668,57.5,4668
-2667,57.51,4667
-2666,57.51,4666
-2665,57.52,4665
-2664,57.52,4664
-2663,57.52,4663
-2662,57.53,4662
-2661,57.53,4661
-2660,57.53,4660
-2659,57.53,4659
-2658,57.53,4658
-2657,57.53,4657
-2656,57.53,4656
-2655,57.53,4655
-2654,57.53,4654
-2653,57.53,4653
-2652,57.53,4652
-2651,57.53,4651
-2650,57.53,4650
-2649,57.54,4649
-2648,57.54,4648
-2647,57.55,4647
-2646,57.55,4646
-2645,57.56,4645
-2644,57.57,4644
-2643,57.57,4643
-2642,57.57,4642
-2641,57.58,4641
-2640,57.58,4640
-2639,57.58,4639
-2638,57.58,4638
-2637,57.58,4637
-2636,57.59,4636
-2635,57.59,4635
-2634,57.59,4634
-2633,57.6,4633
-2632,57.6,4632
-2631,57.61,4631
-2630,57.61,4630
-2629,57.62,4629
-2628,57.63,4628
-2627,57.63,4627
-2626,57.64,4626
-2625,57.64,4625
-2624,57.65,4624
-2623,57.65,4623
-2622,57.66,4622
-2621,57.66,4621
-2620,57.67,4620
-2619,57.67,4619
-2618,57.68,4618
-2617,57.68,4617
-2616,57.69,4616
-2615,57.69,4615
-2614,57.7,4614
-2613,57.7,4613
-2612,57.71,4612
-2611,57.71,4611
-2610,57.72,4610
-2609,57.73,4609
-2608,57.74,4608
-2607,57.75,4607
-2606,57.75,4606
-2605,57.76,4605
-2604,57.77,4604
-2603,57.77,4603
-2602,57.78,4602
-2601,57.79,4601
-2600,57.79,4600
-2599,57.79,4599
-2598,57.8,4598
-2597,57.8,4597
-2596,57.81,4596
-2595,57.82,4595
-2594,57.82,4594
-2593,57.83,4593
-2592,57.84,4592
-2591,57.84,4591
-2590,57.85,4590
-2589,57.86,4589
-2588,57.87,4588
-2587,57.88,4587
-2586,57.89,4586
-2585,57.9,4585
-2584,57.91,4584
-2583,57.92,4583
-2582,57.93,4582
-2581,57.94,4581
-2580,57.95,4580
-2579,57.96,4579
-2578,57.97,4578
-2577,57.97,4577
-2576,57.98,4576
-2575,57.99,4575
-2574,58,4574
-2573,58,4573
-2572,58.01,4572
-2571,58.02,4571
-2570,58.03,4570
-2569,58.05,4569
-2568,58.06,4568
-2567,58.07,4567
-2566,58.09,4566
-2565,58.1,4565
-2564,58.12,4564
-2563,58.14,4563
-2562,58.15,4562
-2561,58.17,4561
-2560,58.19,4560
-2559,58.21,4559
-2558,58.22,4558
-2557,58.24,4557
-2556,58.26,4556
-2555,58.28,4555
-2554,58.3,4554
-2553,58.32,4553
-2552,58.34,4552
-2551,58.36,4551
-2550,58.39,4550
-2549,58.41,4549
-2548,58.43,4548
-2547,58.45,4547
-2546,58.47,4546
-2545,58.5,4545
-2544,58.52,4544
-2543,58.55,4543
-2542,58.58,4542
-2541,58.61,4541
-2540,58.64,4540
-2539,58.68,4539
-2538,58.72,4538
-2537,58.76,4537
-2536,58.79,4536
-2535,58.83,4535
-2534,58.86,4534
-2533,58.89,4533
-2532,58.92,4532
-2531,58.95,4531
-2530,58.97,4530
-2529,58.99,4529
-2528,59.02,4528
-2527,59.04,4527
-2526,59.07,4526
-2525,59.1,4525
-2524,59.13,4524
-2523,59.17,4523
-2522,59.2,4522
-2521,59.24,4521
-2520,59.28,4520
-2519,59.31,4519
-2518,59.35,4518
-2517,59.38,4517
-2516,59.41,4516
-2515,59.44,4515
-2514,59.47,4514
-2513,59.49,4513
-2512,59.52,4512
-2511,59.54,4511
-2510,59.56,4510
-2509,59.58,4509
-2508,59.6,4508
-2507,59.62,4507
-2506,59.64,4506
-2505,59.66,4505
-2504,59.69,4504
-2503,59.71,4503
-2502,59.74,4502
-2501,59.77,4501
-2500,59.8,4500
-2499,59.83,4499
-2498,59.87,4498
-2497,59.9,4497
-2496,59.93,4496
-2495,59.96,4495
-2494,59.98,4494
-2493,60.01,4493
-2492,60.02,4492
-2491,60.04,4491
-2490,60.05,4490
-2489,60.05,4489
-2488,60.06,4488
-2487,60.06,4487
-2486,60.06,4486
-2485,60.07,4485
-2484,60.07,4484
-2483,60.06,4483
-2482,60.06,4482
-2481,60.06,4481
-2480,60.05,4480
-2479,60.05,4479
-2478,60.04,4478
-2477,60.04,4477
-2476,60.03,4476
-2475,60.02,4475
-2474,60.02,4474
-2473,60.01,4473
-2472,60.01,4472
-2471,60.01,4471
-2470,60.01,4470
-2469,60.01,4469
-2468,60.01,4468
-2467,60.01,4467
-2466,60.01,4466
-2465,60,4465
-2464,59.99,4464
-2463,59.98,4463
-2462,59.95,4462
-2461,59.91,4461
-2460,59.87,4460
-2459,59.83,4459
-2458,59.79,4458
-2457,59.74,4457
-2456,59.7,4456
-2455,59.67,4455
-2454,59.65,4454
-2453,59.64,4453
-2452,59.63,4452
-2451,59.62,4451
-2450,59.62,4450
-2449,59.61,4449
-2448,59.6,4448
-2447,59.59,4447
-2446,59.57,4446
-2445,59.54,4445
-2444,59.5,4444
-2443,59.47,4443
-2442,59.43,4442
-2441,59.38,4441
-2440,59.34,4440
-2439,59.31,4439
-2438,59.27,4438
-2437,59.24,4437
-2436,59.21,4436
-2435,59.18,4435
-2434,59.16,4434
-2433,59.13,4433
-2432,59.11,4432
-2431,59.08,4431
-2430,59.06,4430
-2429,59.03,4429
-2428,59,4428
-2427,58.98,4427
-2426,58.95,4426
-2425,58.92,4425
-2424,58.9,4424
-2423,58.88,4423
-2422,58.86,4422
-2421,58.85,4421
-2420,58.83,4420
-2419,58.82,4419
-2418,58.8,4418
-2417,58.79,4417
-2416,58.78,4416
-2415,58.76,4415
-2414,58.75,4414
-2413,58.73,4413
-2412,58.71,4412
-2411,58.7,4411
-2410,58.68,4410
-2409,58.67,4409
-2408,58.65,4408
-2407,58.64,4407
-2406,58.63,4406
-2405,58.62,4405
-2404,58.61,4404
-2403,58.59,4403
-2402,58.58,4402
-2401,58.57,4401
-2400,58.55,4400
-2399,58.53,4399
-2398,58.51,4398
-2397,58.49,4397
-2396,58.47,4396
-2395,58.45,4395
-2394,58.42,4394
-2393,58.41,4393
-2392,58.39,4392
-2391,58.38,4391
-2390,58.37,4390
-2389,58.36,4389
-2388,58.35,4388
-2387,58.35,4387
-2386,58.34,4386
-2385,58.34,4385
-2384,58.33,4384
-2383,58.32,4383
-2382,58.31,4382
-2381,58.29,4381
-2380,58.28,4380
-2379,58.26,4379
-2378,58.25,4378
-2377,58.24,4377
-2376,58.23,4376
-2375,58.22,4375
-2374,58.21,4374
-2373,58.2,4373
-2372,58.19,4372
-2371,58.19,4371
-2370,58.18,4370
-2369,58.17,4369
-2368,58.17,4368
-2367,58.16,4367
-2366,58.15,4366
-2365,58.14,4365
-2364,58.13,4364
-2363,58.13,4363
-2362,58.12,4362
-2361,58.11,4361
-2360,58.11,4360
-2359,58.1,4359
-2358,58.09,4358
-2357,58.09,4357
-2356,58.08,4356
-2355,58.08,4355
-2354,58.07,4354
-2353,58.07,4353
-2352,58.07,4352
-2351,58.06,4351
-2350,58.06,4350
-2349,58.05,4349
-2348,58.05,4348
-2347,58.04,4347
-2346,58.04,4346
-2345,58.03,4345
-2344,58.02,4344
-2343,58.02,4343
-2342,58.01,4342
-2341,58.01,4341
-2340,58,4340
-2339,58,4339
-2338,57.99,4338
-2337,57.99,4337
-2336,57.99,4336
-2335,57.98,4335
-2334,57.98,4334
-2333,57.98,4333
-2332,57.98,4332
-2331,57.97,4331
-2330,57.97,4330
-2329,57.97,4329
-2328,57.96,4328
-2327,57.96,4327
-2326,57.95,4326
-2325,57.95,4325
-2324,57.94,4324
-2323,57.94,4323
-2322,57.93,4322
-2321,57.93,4321
-2320,57.92,4320
-2319,57.92,4319
-2318,57.92,4318
-2317,57.91,4317
-2316,57.91,4316
-2315,57.91,4315
-2314,57.91,4314
-2313,57.91,4313
-2312,57.91,4312
-2311,57.91,4311
-2310,57.91,4310
-2309,57.91,4309
-2308,57.91,4308
-2307,57.91,4307
-2306,57.91,4306
-2305,57.91,4305
-2304,57.91,4304
-2303,57.9,4303
-2302,57.9,4302
-2301,57.9,4301
-2300,57.9,4300
-2299,57.89,4299
-2298,57.89,4298
-2297,57.89,4297
-2296,57.88,4296
-2295,57.88,4295
-2294,57.88,4294
-2293,57.88,4293
-2292,57.87,4292
-2291,57.87,4291
-2290,57.87,4290
-2289,57.87,4289
-2288,57.86,4288
-2287,57.86,4287
-2286,57.86,4286
-2285,57.86,4285
-2284,57.85,4284
-2283,57.85,4283
-2282,57.85,4282
-2281,57.85,4281
-2280,57.84,4280
-2279,57.84,4279
-2278,57.84,4278
-2277,57.83,4277
-2276,57.83,4276
-2275,57.83,4275
-2274,57.83,4274
-2273,57.83,4273
-2272,57.83,4272
-2271,57.83,4271
-2270,57.83,4270
-2269,57.83,4269
-2268,57.83,4268
-2267,57.83,4267
-2266,57.83,4266
-2265,57.83,4265
-2264,57.83,4264
-2263,57.82,4263
-2262,57.82,4262
-2261,57.82,4261
-2260,57.81,4260
-2259,57.81,4259
-2258,57.81,4258
-2257,57.8,4257
-2256,57.8,4256
-2255,57.8,4255
-2254,57.8,4254
-2253,57.79,4253
-2252,57.79,4252
-2251,57.79,4251
-2250,57.79,4250
-2249,57.79,4249
-2248,57.79,4248
-2247,57.79,4247
-2246,57.79,4246
-2245,57.79,4245
-2244,57.79,4244
-2243,57.79,4243
-2242,57.79,4242
-2241,57.79,4241
-2240,57.78,4240
-2239,57.78,4239
-2238,57.78,4238
-2237,57.78,4237
-2236,57.77,4236
-2235,57.77,4235
-2234,57.77,4234
-2233,57.76,4233
-2232,57.76,4232
-2231,57.76,4231
-2230,57.75,4230
-2229,57.75,4229
-2228,57.75,4228
-2227,57.75,4227
-2226,57.75,4226
-2225,57.75,4225
-2224,57.75,4224
-2223,57.75,4223
-2222,57.75,4222
-2221,57.75,4221
-2220,57.75,4220
-2219,57.75,4219
-2218,57.75,4218
-2217,57.75,4217
-2216,57.75,4216
-2215,57.75,4215
-2214,57.75,4214
-2213,57.75,4213
-2212,57.75,4212
-2211,57.75,4211
-2210,57.75,4210
-2209,57.75,4209
-2208,57.75,4208
-2207,57.75,4207
-2206,57.75,4206
-2205,57.75,4205
-2204,57.75,4204
-2203,57.75,4203
-2202,57.75,4202
-2201,57.74,4201
-2200,57.74,4200
-2199,57.74,4199
-2198,57.73,4198
-2197,57.73,4197
-2196,57.73,4196
-2195,57.73,4195
-2194,57.73,4194
-2193,57.73,4193
-2192,57.73,4192
-2191,57.73,4191
-2190,57.73,4190
-2189,57.73,4189
-2188,57.73,4188
-2187,57.73,4187
-2186,57.73,4186
-2185,57.72,4185
-2184,57.72,4184
-2183,57.72,4183
-2182,57.71,4182
-2181,57.71,4181
-2180,57.71,4180
-2179,57.71,4179
-2178,57.71,4178
-2177,57.71,4177
-2176,57.71,4176
-2175,57.71,4175
-2174,57.71,4174
-2173,57.71,4173
-2172,57.71,4172
-2171,57.71,4171
-2170,57.71,4170
-2169,57.71,4169
-2168,57.71,4168
-2167,57.71,4167
-2166,57.71,4166
-2165,57.71,4165
-2164,57.71,4164
-2163,57.71,4163
-2162,57.71,4162
-2161,57.71,4161
-2160,57.71,4160
-2159,57.71,4159
-2158,57.71,4158
-2157,57.71,4157
-2156,57.71,4156
-2155,57.71,4155
-2154,57.71,4154
-2153,57.71,4153
-2152,57.71,4152
-2151,57.71,4151
-2150,57.71,4150
-2149,57.71,4149
-2148,57.71,4148
-2147,57.71,4147
-2146,57.71,4146
-2145,57.71,4145
-2144,57.71,4144
-2143,57.71,4143
-2142,57.71,4142
-2141,57.71,4141
-2140,57.71,4140
-2139,57.71,4139
-2138,57.7,4138
-2137,57.7,4137
-2136,57.7,4136
-2135,57.7,4135
-2134,57.69,4134
-2133,57.69,4133
-2132,57.69,4132
-2131,57.68,4131
-2130,57.68,4130
-2129,57.68,4129
-2128,57.68,4128
-2127,57.67,4127
-2126,57.67,4126
-2125,57.67,4125
-2124,57.67,4124
-2123,57.67,4123
-2122,57.67,4122
-2121,57.67,4121
-2120,57.67,4120
-2119,57.67,4119
-2118,57.67,4118
-2117,57.67,4117
-2116,57.67,4116
-2115,57.67,4115
-2114,57.67,4114
-2113,57.67,4113
-2112,57.67,4112
-2111,57.67,4111
-2110,57.67,4110
-2109,57.67,4109
-2108,57.67,4108
-2107,57.67,4107
-2106,57.67,4106
-2105,57.67,4105
-2104,57.67,4104
-2103,57.67,4103
-2102,57.67,4102
-2101,57.67,4101
-2100,57.67,4100
-2099,57.67,4099
-2098,57.67,4098
-2097,57.67,4097
-2096,57.67,4096
-2095,57.67,4095
-2094,57.67,4094
-2093,57.67,4093
-2092,57.67,4092
-2091,57.67,4091
-2090,57.67,4090
-2089,57.67,4089
-2088,57.67,4088
-2087,57.67,4087
-2086,57.67,4086
-2085,57.67,4085
-2084,57.67,4084
-2083,57.66,4083
-2082,57.66,4082
-2081,57.66,4081
-2080,57.65,4080
-2079,57.65,4079
-2078,57.65,4078
-2077,57.65,4077
-2076,57.65,4076
-2075,57.65,4075
-2074,57.65,4074
-2073,57.65,4073
-2072,57.65,4072
-2071,57.65,4071
-2070,57.65,4070
-2069,57.65,4069
-2068,57.65,4068
-2067,57.65,4067
-2066,57.65,4066
-2065,57.65,4065
-2064,57.65,4064
-2063,57.65,4063
-2062,57.65,4062
-2061,57.65,4061
-2060,57.65,4060
-2059,57.65,4059
-2058,57.65,4058
-2057,57.65,4057
-2056,57.65,4056
-2055,57.65,4055
-2054,57.65,4054
-2053,57.65,4053
-2052,57.65,4052
-2051,57.65,4051
-2050,57.65,4050
-2049,57.65,4049
-2048,57.65,4048
-2047,57.65,4047
-2046,57.65,4046
-2045,57.65,4045
-2044,57.65,4044
-2043,57.65,4043
-2042,57.65,4042
-2041,57.65,4041
-2040,57.65,4040
-2039,57.65,4039
-2038,57.65,4038
-2037,57.65,4037
-2036,57.65,4036
-2035,57.65,4035
-2034,57.65,4034
-2033,57.65,4033
-2032,57.65,4032
-2031,57.65,4031
-2030,57.65,4030
-2029,57.65,4029
-2028,57.65,4028
-2027,57.65,4027
-2026,57.65,4026
-2025,57.65,4025
-2024,57.65,4024
-2023,57.65,4023
-2022,57.65,4022
-2021,57.65,4021
-2020,57.65,4020
-2019,57.65,4019
-2018,57.65,4018
-2017,57.65,4017
-2016,57.65,4016
-2015,57.65,4015
-2014,57.65,4014
-2013,57.65,4013
-2012,57.65,4012
-2011,57.65,4011
-2010,57.65,4010
-2009,57.65,4009
-2008,57.65,4008
-2007,57.65,4007
-2006,57.65,4006
-2005,57.65,4005
-2004,57.65,4004
-2003,57.65,4003
-2002,57.65,4002
-2001,57.65,4001
-2000,57.65,4000
-1999,57.65,3999
-1998,57.65,3998
-1997,57.65,3997
-1996,57.65,3996
-1995,57.65,3995
-1994,57.65,3994
-1993,57.65,3993
-1992,57.65,3992
-1991,57.65,3991
-1990,57.65,3990
-1989,57.66,3989
-1988,57.66,3988
-1987,57.66,3987
-1986,57.66,3986
-1985,57.67,3985
-1984,57.67,3984
-1983,57.67,3983
-1982,57.67,3982
-1981,57.67,3981
-1980,57.67,3980
-1979,57.67,3979
-1978,57.67,3978
-1977,57.67,3977
-1976,57.67,3976
-1975,57.67,3975
-1974,57.67,3974
-1973,57.67,3973
-1972,57.67,3972
-1971,57.67,3971
-1970,57.67,3970
-1969,57.67,3969
-1968,57.67,3968
-1967,57.67,3967
-1966,57.67,3966
-1965,57.67,3965
-1964,57.67,3964
-1963,57.67,3963
-1962,57.67,3962
-1961,57.67,3961
-1960,57.67,3960
-1959,57.67,3959
-1958,57.67,3958
-1957,57.67,3957
-1956,57.67,3956
-1955,57.67,3955
-1954,57.67,3954
-1953,57.67,3953
-1952,57.67,3952
-1951,57.67,3951
-1950,57.67,3950
-1949,57.67,3949
-1948,57.67,3948
-1947,57.67,3947
-1946,57.67,3946
-1945,57.67,3945
-1944,57.67,3944
-1943,57.67,3943
-1942,57.67,3942
-1941,57.68,3941
-1940,57.68,3940
-1939,57.68,3939
-1938,57.68,3938
-1937,57.69,3937
-1936,57.69,3936
-1935,57.69,3935
-1934,57.7,3934
-1933,57.7,3933
-1932,57.7,3932
-1931,57.71,3931
-1930,57.71,3930
-1929,57.71,3929
-1928,57.71,3928
-1927,57.71,3927
-1926,57.71,3926
-1925,57.71,3925
-1924,57.71,3924
-1923,57.71,3923
-1922,57.71,3922
-1921,57.71,3921
-1920,57.71,3920
-1919,57.71,3919
-1918,57.71,3918
-1917,57.71,3917
-1916,57.71,3916
-1915,57.71,3915
-1914,57.71,3914
-1913,57.71,3913
-1912,57.71,3912
-1911,57.71,3911
-1910,57.71,3910
-1909,57.71,3909
-1908,57.71,3908
-1907,57.71,3907
-1906,57.71,3906
-1905,57.71,3905
-1904,57.71,3904
-1903,57.71,3903
-1902,57.71,3902
-1901,57.71,3901
-1900,57.71,3900
-1899,57.71,3899
-1898,57.71,3898
-1897,57.71,3897
-1896,57.71,3896
-1895,57.71,3895
-1894,57.72,3894
-1893,57.72,3893
-1892,57.72,3892
-1891,57.73,3891
-1890,57.73,3890
-1889,57.73,3889
-1888,57.73,3888
-1887,57.73,3887
-1886,57.73,3886
-1885,57.73,3885
-1884,57.73,3884
-1883,57.73,3883
-1882,57.73,3882
-1881,57.73,3881
-1880,57.73,3880
-1879,57.73,3879
-1878,57.73,3878
-1877,57.73,3877
-1876,57.73,3876
-1875,57.73,3875
-1874,57.73,3874
-1873,57.73,3873
-1872,57.73,3872
-1871,57.73,3871
-1870,57.74,3870
-1869,57.74,3869
-1868,57.74,3868
-1867,57.75,3867
-1866,57.75,3866
-1865,57.75,3865
-1864,57.75,3864
-1863,57.76,3863
-1862,57.76,3862
-1861,57.76,3861
-1860,57.76,3860
-1859,57.77,3859
-1858,57.77,3858
-1857,57.77,3857
-1856,57.77,3856
-1855,57.78,3855
-1854,57.78,3854
-1853,57.78,3853
-1852,57.78,3852
-1851,57.79,3851
-1850,57.79,3850
-1849,57.79,3849
-1848,57.79,3848
-1847,57.8,3847
-1846,57.8,3846
-1845,57.8,3845
-1844,57.8,3844
-1843,57.81,3843
-1842,57.81,3842
-1841,57.81,3841
-1840,57.82,3840
-1839,57.82,3839
-1838,57.82,3838
-1837,57.82,3837
-1836,57.83,3836
-1835,57.83,3835
-1834,57.83,3834
-1833,57.83,3833
-1832,57.83,3832
-1831,57.83,3831
-1830,57.83,3830
-1829,57.83,3829
-1828,57.83,3828
-1827,57.83,3827
-1826,57.83,3826
-1825,57.83,3825
-1824,57.83,3824
-1823,57.84,3823
-1822,57.84,3822
-1821,57.84,3821
-1820,57.85,3820
-1819,57.85,3819
-1818,57.85,3818
-1817,57.85,3817
-1816,57.86,3816
-1815,57.86,3815
-1814,57.86,3814
-1813,57.86,3813
-1812,57.87,3812
-1811,57.87,3811
-1810,57.87,3810
-1809,57.87,3809
-1808,57.88,3808
-1807,57.88,3807
-1806,57.88,3806
-1805,57.88,3805
-1804,57.89,3804
-1803,57.89,3803
-1802,57.89,3802
-1801,57.89,3801
-1800,57.9,3800
-1799,57.9,3799
-1798,57.9,3798
-1797,57.9,3797
-1796,57.91,3796
-1795,57.91,3795
-1794,57.91,3794
-1793,57.91,3793
-1792,57.92,3792
-1791,57.92,3791
-1790,57.92,3790
-1789,57.92,3789
-1788,57.93,3788
-1787,57.93,3787
-1786,57.93,3786
-1785,57.94,3785
-1784,57.94,3784
-1783,57.95,3783
-1782,57.95,3782
-1781,57.96,3781
-1780,57.97,3780
-1779,57.97,3779
-1778,57.98,3778
-1777,57.98,3777
-1776,57.99,3776
-1775,57.99,3775
-1774,58,3774
-1773,58,3773
-1772,58.01,3772
-1771,58.01,3771
-1770,58.01,3770
-1769,58.02,3769
-1768,58.02,3768
-1767,58.02,3767
-1766,58.02,3766
-1765,58.03,3765
-1764,58.03,3764
-1763,58.03,3763
-1762,58.03,3762
-1761,58.03,3761
-1760,58.03,3760
-1759,58.04,3759
-1758,58.04,3758
-1757,58.04,3757
-1756,58.05,3756
-1755,58.05,3755
-1754,58.06,3754
-1753,58.07,3753
-1752,58.08,3752
-1751,58.09,3751
-1750,58.09,3750
-1749,58.1,3749
-1748,58.11,3748
-1747,58.12,3747
-1746,58.12,3746
-1745,58.13,3745
-1744,58.13,3744
-1743,58.14,3743
-1742,58.14,3742
-1741,58.15,3741
-1740,58.15,3740
-1739,58.15,3739
-1738,58.16,3738
-1737,58.16,3737
-1736,58.17,3736
-1735,58.17,3735
-1734,58.18,3734
-1733,58.18,3733
-1732,58.19,3732
-1731,58.2,3731
-1730,58.21,3730
-1729,58.22,3729
-1728,58.23,3728
-1727,58.24,3727
-1726,58.25,3726
-1725,58.26,3725
-1724,58.27,3724
-1723,58.28,3723
-1722,58.29,3722
-1721,58.3,3721
-1720,58.31,3720
-1719,58.32,3719
-1718,58.32,3718
-1717,58.33,3717
-1716,58.33,3716
-1715,58.33,3715
-1714,58.34,3714
-1713,58.34,3713
-1712,58.35,3712
-1711,58.35,3711
-1710,58.36,3710
-1709,58.37,3709
-1708,58.38,3708
-1707,58.39,3707
-1706,58.4,3706
-1705,58.42,3705
-1704,58.44,3704
-1703,58.45,3703
-1702,58.47,3702
-1701,58.49,3701
-1700,58.5,3700
-1699,58.52,3699
-1698,58.53,3698
-1697,58.55,3697
-1696,58.56,3696
-1695,58.58,3695
-1694,58.59,3694
-1693,58.61,3693
-1692,58.63,3692
-1691,58.64,3691
-1690,58.66,3690
-1689,58.68,3689
-1688,58.7,3688
-1687,58.71,3687
-1686,58.73,3686
-1685,58.75,3685
-1684,58.77,3684
-1683,58.79,3683
-1682,58.81,3682
-1681,58.83,3681
-1680,58.85,3680
-1679,58.87,3679
-1678,58.9,3678
-1677,58.92,3677
-1676,58.94,3676
-1675,58.96,3675
-1674,58.98,3674
-1673,59,3673
-1672,59.03,3672
-1671,59.06,3671
-1670,59.09,3670
-1669,59.13,3669
-1668,59.17,3668
-1667,59.21,3667
-1666,59.26,3666
-1665,59.31,3665
-1664,59.36,3664
-1663,59.41,3663
-1662,59.45,3662
-1661,59.5,3661
-1660,59.54,3660
-1659,59.58,3659
-1658,59.62,3658
-1657,59.66,3657
-1656,59.7,3656
-1655,59.74,3655
-1654,59.78,3654
-1653,59.82,3653
-1652,59.86,3652
-1651,59.9,3651
-1650,59.95,3650
-1649,59.99,3649
-1648,60.04,3648
-1647,60.09,3647
-1646,60.14,3646
-1645,60.2,3645
-1644,60.26,3644
-1643,60.32,3643
-1642,60.38,3642
-1641,60.44,3641
-1640,60.5,3640
-1639,60.56,3639
-1638,60.62,3638
-1637,60.67,3637
-1636,60.73,3636
-1635,60.78,3635
-1634,60.83,3634
-1633,60.88,3633
-1632,60.93,3632
-1631,60.97,3631
-1630,61.02,3630
-1629,61.06,3629
-1628,61.1,3628
-1627,61.14,3627
-1626,61.19,3626
-1625,61.23,3625
-1624,61.28,3624
-1623,61.33,3623
-1622,61.39,3622
-1621,61.45,3621
-1620,61.51,3620
-1619,61.58,3619
-1618,61.64,3618
-1617,61.71,3617
-1616,61.77,3616
-1615,61.84,3615
-1614,61.9,3614
-1613,61.95,3613
-1612,62.01,3612
-1611,62.05,3611
-1610,62.1,3610
-1609,62.14,3609
-1608,62.17,3608
-1607,62.19,3607
-1606,62.22,3606
-1605,62.23,3605
-1604,62.24,3604
-1603,62.25,3603
-1602,62.26,3602
-1601,62.27,3601
-1600,62.28,3600
-1599,62.3,3599
-1598,62.32,3598
-1597,62.34,3597
-1596,62.37,3596
-1595,62.4,3595
-1594,62.44,3594
-1593,62.47,3593
-1592,62.49,3592
-1591,62.52,3591
-1590,62.54,3590
-1589,62.56,3589
-1588,62.58,3588
-1587,62.59,3587
-1586,62.61,3586
-1585,62.62,3585
-1584,62.63,3584
-1583,62.64,3583
-1582,62.66,3582
-1581,62.67,3581
-1580,62.69,3580
-1579,62.7,3579
-1578,62.72,3578
-1577,62.73,3577
-1576,62.75,3576
-1575,62.76,3575
-1574,62.78,3574
-1573,62.79,3573
-1572,62.81,3572
-1571,62.82,3571
-1570,62.83,3570
-1569,62.85,3569
-1568,62.85,3568
-1567,62.86,3567
-1566,62.87,3566
-1565,62.88,3565
-1564,62.88,3564
-1563,62.89,3563
-1562,62.9,3562
-1561,62.91,3561
-1560,62.92,3560
-1559,62.93,3559
-1558,62.94,3558
-1557,62.95,3557
-1556,62.97,3556
-1555,62.98,3555
-1554,63,3554
-1553,63.01,3553
-1552,63.02,3552
-1551,63.02,3551
-1550,63.03,3550
-1549,63.03,3549
-1548,63.03,3548
-1547,63.03,3547
-1546,63.03,3546
-1545,63.04,3545
-1544,63.04,3544
-1543,63.04,3543
-1542,63.05,3542
-1541,63.06,3541
-1540,63.07,3540
-1539,63.07,3539
-1538,63.08,3538
-1537,63.09,3537
-1536,63.1,3536
-1535,63.11,3535
-1534,63.11,3534
-1533,63.12,3533
-1532,63.12,3532
-1531,63.13,3531
-1530,63.13,3530
-1529,63.14,3529
-1528,63.14,3528
-1527,63.15,3527
-1526,63.15,3526
-1525,63.16,3525
-1524,63.16,3524
-1523,63.17,3523
-1522,63.17,3522
-1521,63.18,3521
-1520,63.18,3520
-1519,63.18,3519
-1518,63.19,3518
-1517,63.19,3517
-1516,63.19,3516
-1515,63.19,3515
-1514,63.19,3514
-1513,63.2,3513
-1512,63.2,3512
-1511,63.21,3511
-1510,63.21,3510
-1509,63.22,3509
-1508,63.22,3508
-1507,63.23,3507
-1506,63.23,3506
-1505,63.24,3505
-1504,63.24,3504
-1503,63.24,3503
-1502,63.25,3502
-1501,63.25,3501
-1500,63.25,3500
-1499,63.25,3499
-1498,63.26,3498
-1497,63.26,3497
-1496,63.26,3496
-1495,63.26,3495
-1494,63.27,3494
-1493,63.27,3493
-1492,63.27,3492
-1491,63.27,3491
-1490,63.28,3490
-1489,63.28,3489
-1488,63.28,3488
-1487,63.28,3487
-1486,63.29,3486
-1485,63.29,3485
-1484,63.29,3484
-1483,63.29,3483
-1482,63.3,3482
-1481,63.3,3481
-1480,63.3,3480
-1479,63.3,3479
-1478,63.31,3478
-1477,63.31,3477
-1476,63.31,3476
-1475,63.31,3475
-1474,63.32,3474
-1473,63.32,3473
-1472,63.32,3472
-1471,63.32,3471
-1470,63.33,3470
-1469,63.33,3469
-1468,63.33,3468
-1467,63.33,3467
-1466,63.34,3466
-1465,63.34,3465
-1464,63.34,3464
-1463,63.35,3463
-1462,63.35,3462
-1461,63.35,3461
-1460,63.35,3460
-1459,63.36,3459
-1458,63.36,3458
-1457,63.36,3457
-1456,63.36,3456
-1455,63.36,3455
-1454,63.36,3454
-1453,63.36,3453
-1452,63.36,3452
-1451,63.36,3451
-1450,63.36,3450
-1449,63.36,3449
-1448,63.36,3448
-1447,63.36,3447
-1446,63.37,3446
-1445,63.37,3445
-1444,63.37,3444
-1443,63.38,3443
-1442,63.38,3442
-1441,63.38,3441
-1440,63.38,3440
-1439,63.38,3439
-1438,63.38,3438
-1437,63.38,3437
-1436,63.38,3436
-1435,63.38,3435
-1434,63.38,3434
-1433,63.38,3433
-1432,63.38,3432
-1431,63.38,3431
-1430,63.38,3430
-1429,63.38,3429
-1428,63.38,3428
-1427,63.38,3427
-1426,63.38,3426
-1425,63.38,3425
-1424,63.38,3424
-1423,63.39,3423
-1422,63.39,3422
-1421,63.39,3421
-1420,63.39,3420
-1419,63.4,3419
-1418,63.4,3418
-1417,63.4,3417
-1416,63.4,3416
-1415,63.4,3415
-1414,63.4,3414
-1413,63.4,3413
-1412,63.4,3412
-1411,63.4,3411
-1410,63.4,3410
-1409,63.4,3409
-1408,63.4,3408
-1407,63.4,3407
-1406,63.4,3406
-1405,63.4,3405
-1404,63.4,3404
-1403,63.4,3403
-1402,63.4,3402
-1401,63.4,3401
-1400,63.4,3400
-1399,63.41,3399
-1398,63.41,3398
-1397,63.41,3397
-1396,63.42,3396
-1395,63.42,3395
-1394,63.42,3394
-1393,63.42,3393
-1392,63.42,3392
-1391,63.42,3391
-1390,63.42,3390
-1389,63.42,3389
-1388,63.42,3388
-1387,63.42,3387
-1386,63.42,3386
-1385,63.42,3385
-1384,63.42,3384
-1383,63.42,3383
-1382,63.42,3382
-1381,63.42,3381
-1380,63.42,3380
-1379,63.42,3379
-1378,63.42,3378
-1377,63.42,3377
-1376,63.42,3376
-1375,63.42,3375
-1374,63.42,3374
-1373,63.42,3373
-1372,63.42,3372
-1371,63.42,3371
-1370,63.42,3370
-1369,63.42,3369
-1368,63.42,3368
-1367,63.42,3367
-1366,63.42,3366
-1365,63.42,3365
-1364,63.42,3364
-1363,63.42,3363
-1362,63.42,3362
-1361,63.42,3361
-1360,63.42,3360
-1359,63.42,3359
-1358,63.42,3358
-1357,63.42,3357
-1356,63.42,3356
-1355,63.42,3355
-1354,63.42,3354
-1353,63.42,3353
-1352,63.42,3352
-1351,63.42,3351
-1350,63.42,3350
-1349,63.42,3349
-1348,63.42,3348
-1347,63.42,3347
-1346,63.42,3346
-1345,63.42,3345
-1344,63.42,3344
-1343,63.42,3343
-1342,63.42,3342
-1341,63.42,3341
-1340,63.42,3340
-1339,63.42,3339
-1338,63.42,3338
-1337,63.42,3337
-1336,63.42,3336
-1335,63.42,3335
-1334,63.42,3334
-1333,63.42,3333
-1332,63.42,3332
-1331,63.42,3331
-1330,63.42,3330
-1329,63.42,3329
-1328,63.42,3328
-1327,63.42,3327
-1326,63.42,3326
-1325,63.42,3325
-1324,63.42,3324
-1323,63.42,3323
-1322,63.42,3322
-1321,63.42,3321
-1320,63.42,3320
-1319,63.42,3319
-1318,63.42,3318
-1317,63.42,3317
-1316,63.42,3316
-1315,63.42,3315
-1314,63.42,3314
-1313,63.42,3313
-1312,63.42,3312
-1311,63.42,3311
-1310,63.42,3310
-1309,63.42,3309
-1308,63.42,3308
-1307,63.42,3307
-1306,63.42,3306
-1305,63.42,3305
-1304,63.42,3304
-1303,63.42,3303
-1302,63.42,3302
-1301,63.42,3301
-1300,63.42,3300
-1299,63.42,3299
-1298,63.42,3298
-1297,63.42,3297
-1296,63.42,3296
-1295,63.42,3295
-1294,63.42,3294
-1293,63.42,3293
-1292,63.42,3292
-1291,63.42,3291
-1290,63.42,3290
-1289,63.42,3289
-1288,63.42,3288
-1287,63.42,3287
-1286,63.42,3286
-1285,63.42,3285
-1284,63.42,3284
-1283,63.42,3283
-1282,63.42,3282
-1281,63.42,3281
-1280,63.42,3280
-1279,63.42,3279
-1278,63.42,3278
-1277,63.42,3277
-1276,63.42,3276
-1275,63.42,3275
-1274,63.42,3274
-1273,63.42,3273
-1272,63.42,3272
-1271,63.42,3271
-1270,63.42,3270
-1269,63.42,3269
-1268,63.42,3268
-1267,63.41,3267
-1266,63.41,3266
-1265,63.41,3265
-1264,63.41,3264
-1263,63.4,3263
-1262,63.4,3262
-1261,63.4,3261
-1260,63.39,3260
-1259,63.39,3259
-1258,63.39,3258
-1257,63.38,3257
-1256,63.38,3256
-1255,63.38,3255
-1254,63.38,3254
-1253,63.38,3253
-1252,63.38,3252
-1251,63.38,3251
-1250,63.38,3250
-1249,63.38,3249
-1248,63.38,3248
-1247,63.38,3247
-1246,63.38,3246
-1245,63.38,3245
-1244,63.38,3244
-1243,63.37,3243
-1242,63.37,3242
-1241,63.37,3241
-1240,63.36,3240
-1239,63.36,3239
-1238,63.36,3238
-1237,63.36,3237
-1236,63.36,3236
-1235,63.36,3235
-1234,63.36,3234
-1233,63.36,3233
-1232,63.36,3232
-1231,63.36,3231
-1230,63.36,3230
-1229,63.36,3229
-1228,63.35,3228
-1227,63.34,3227
-1226,63.34,3226
-1225,63.33,3225
-1224,63.33,3224
-1223,63.32,3223
-1222,63.32,3222
-1221,63.32,3221
-1220,63.32,3220
-1219,63.32,3219
-1218,63.32,3218
-1217,63.32,3217
-1216,63.32,3216
-1215,63.32,3215
-1214,63.32,3214
-1213,63.32,3213
-1212,63.31,3212
-1211,63.31,3211
-1210,63.3,3210
-1209,63.29,3209
-1208,63.29,3208
-1207,63.28,3207
-1206,63.28,3206
-1205,63.27,3205
-1204,63.27,3204
-1203,63.27,3203
-1202,63.26,3202
-1201,63.26,3201
-1200,63.26,3200
-1199,63.26,3199
-1198,63.26,3198
-1197,63.26,3197
-1196,63.26,3196
-1195,63.25,3195
-1194,63.25,3194
-1193,63.25,3193
-1192,63.25,3192
-1191,63.24,3191
-1190,63.24,3190
-1189,63.23,3189
-1188,63.22,3188
-1187,63.21,3187
-1186,63.2,3186
-1185,63.2,3185
-1184,63.19,3184
-1183,63.18,3183
-1182,63.17,3182
-1181,63.17,3181
-1180,63.16,3180
-1179,63.16,3179
-1178,63.15,3178
-1177,63.15,3177
-1176,63.14,3176
-1175,63.14,3175
-1174,63.13,3174
-1173,63.13,3173
-1172,63.12,3172
-1171,63.12,3171
-1170,63.11,3170
-1169,63.11,3169
-1168,63.1,3168
-1167,63.1,3167
-1166,63.09,3166
-1165,63.09,3165
-1164,63.08,3164
-1163,63.08,3163
-1162,63.07,3162
-1161,63.07,3161
-1160,63.06,3160
-1159,63.06,3159
-1158,63.05,3158
-1157,63.05,3157
-1156,63.04,3156
-1155,63.04,3155
-1154,63.03,3154
-1153,63.03,3153
-1152,63.02,3152
-1151,63.02,3151
-1150,63.01,3150
-1149,63,3149
-1148,63,3148
-1147,62.99,3147
-1146,62.98,3146
-1145,62.97,3145
-1144,62.96,3144
-1143,62.95,3143
-1142,62.94,3142
-1141,62.93,3141
-1140,62.92,3140
-1139,62.91,3139
-1138,62.89,3138
-1137,62.88,3137
-1136,62.86,3136
-1135,62.85,3135
-1134,62.84,3134
-1133,62.82,3133
-1132,62.81,3132
-1131,62.79,3131
-1130,62.78,3130
-1129,62.77,3129
-1128,62.76,3128
-1127,62.75,3127
-1126,62.75,3126
-1125,62.74,3125
-1124,62.74,3124
-1123,62.74,3123
-1122,62.73,3122
-1121,62.73,3121
-1120,62.72,3120
-1119,62.71,3119
-1118,62.7,3118
-1117,62.69,3117
-1116,62.67,3116
-1115,62.66,3115
-1114,62.64,3114
-1113,62.62,3113
-1112,62.6,3112
-1111,62.58,3111
-1110,62.55,3110
-1109,62.53,3109
-1108,62.51,3108
-1107,62.48,3107
-1106,62.46,3106
-1105,62.43,3105
-1104,62.41,3104
-1103,62.39,3103
-1102,62.37,3102
-1101,62.35,3101
-1100,62.33,3100
-1099,62.31,3099
-1098,62.29,3098
-1097,62.27,3097
-1096,62.25,3096
-1095,62.23,3095
-1094,62.21,3094
-1093,62.2,3093
-1092,62.18,3092
-1091,62.15,3091
-1090,62.13,3090
-1089,62.11,3089
-1088,62.09,3088
-1087,62.06,3087
-1086,62.04,3086
-1085,62.02,3085
-1084,61.99,3084
-1083,61.96,3083
-1082,61.94,3082
-1081,61.91,3081
-1080,61.88,3080
-1079,61.85,3079
-1078,61.83,3078
-1077,61.8,3077
-1076,61.77,3076
-1075,61.74,3075
-1074,61.7,3074
-1073,61.67,3073
-1072,61.63,3072
-1071,61.59,3071
-1070,61.55,3070
-1069,61.51,3069
-1068,61.47,3068
-1067,61.43,3067
-1066,61.39,3066
-1065,61.35,3065
-1064,61.31,3064
-1063,61.27,3063
-1062,61.24,3062
-1061,61.21,3061
-1060,61.17,3060
-1059,61.14,3059
-1058,61.11,3058
-1057,61.08,3057
-1056,61.05,3056
-1055,61.01,3055
-1054,60.98,3054
-1053,60.95,3053
-1052,60.92,3052
-1051,60.88,3051
-1050,60.85,3050
-1049,60.81,3049
-1048,60.78,3048
-1047,60.74,3047
-1046,60.71,3046
-1045,60.67,3045
-1044,60.64,3044
-1043,60.62,3043
-1042,60.59,3042
-1041,60.58,3041
-1040,60.56,3040
-1039,60.55,3039
-1038,60.54,3038
-1037,60.52,3037
-1036,60.5,3036
-1035,60.47,3035
-1034,60.43,3034
-1033,60.37,3033
-1032,60.3,3032
-1031,60.23,3031
-1030,60.15,3030
-1029,60.06,3029
-1028,59.98,3028
-1027,59.91,3027
-1026,59.84,3026
-1025,59.79,3025
-1024,59.75,3024
-1023,59.71,3023
-1022,59.69,3022
-1021,59.67,3021
-1020,59.66,3020
-1019,59.64,3019
-1018,59.63,3018
-1017,59.61,3017
-1016,59.59,3016
-1015,59.56,3015
-1014,59.54,3014
-1013,59.5,3013
-1012,59.47,3012
-1011,59.43,3011
-1010,59.38,3010
-1009,59.34,3009
-1008,59.29,3008
-1007,59.24,3007
-1006,59.18,3006
-1005,59.13,3005
-1004,59.07,3004
-1003,59.01,3003
-1002,58.96,3002
-1001,58.9,3001
-1000,58.85,3000
-999,58.8,2999
-998,58.74,2998
-997,58.69,2997
-996,58.65,2996
-995,58.6,2995
-994,58.55,2994
-993,58.51,2993
-992,58.47,2992
-991,58.43,2991
-990,58.39,2990
-989,58.35,2989
-988,58.32,2988
-987,58.29,2987
-986,58.25,2986
-985,58.22,2985
-984,58.19,2984
-983,58.17,2983
-982,58.14,2982
-981,58.12,2981
-980,58.1,2980
-979,58.08,2979
-978,58.06,2978
-977,58.04,2977
-976,58.03,2976
-975,58.01,2975
-974,58,2974
-973,57.98,2973
-972,57.97,2972
-971,57.95,2971
-970,57.94,2970
-969,57.92,2969
-968,57.9,2968
-967,57.87,2967
-966,57.85,2966
-965,57.83,2965
-964,57.8,2964
-963,57.77,2963
-962,57.74,2962
-961,57.71,2961
-960,57.68,2960
-959,57.65,2959
-958,57.62,2958
-957,57.6,2957
-956,57.57,2956
-955,57.55,2955
-954,57.53,2954
-953,57.51,2953
-952,57.5,2952
-951,57.49,2951
-950,57.48,2950
-949,57.48,2949
-948,57.47,2948
-947,57.47,2947
-946,57.47,2946
-945,57.46,2945
-944,57.46,2944
-943,57.46,2943
-942,57.46,2942
-941,57.45,2941
-940,57.45,2940
-939,57.45,2939
-938,57.45,2938
-937,57.44,2937
-936,57.44,2936
-935,57.44,2935
-934,57.44,2934
-933,57.43,2933
-932,57.43,2932
-931,57.43,2931
-930,57.43,2930
-929,57.43,2929
-928,57.43,2928
-927,57.43,2927
-926,57.43,2926
-925,57.43,2925
-924,57.43,2924
-923,57.43,2923
-922,57.43,2922
-921,57.44,2921
-920,57.44,2920
-919,57.44,2919
-918,57.44,2918
-917,57.44,2917
-916,57.43,2916
-915,57.43,2915
-914,57.42,2914
-913,57.4,2913
-912,57.39,2912
-911,57.38,2911
-910,57.37,2910
-909,57.36,2909
-908,57.35,2908
-907,57.35,2907
-906,57.34,2906
-905,57.34,2905
-904,57.34,2904
-903,57.35,2903
-902,57.35,2902
-901,57.35,2901
-900,57.35,2900
-899,57.35,2899
-898,57.35,2898
-897,57.34,2897
-896,57.34,2896
-895,57.34,2895
-894,57.33,2894
-893,57.33,2893
-892,57.33,2892
-891,57.33,2891
-890,57.33,2890
-889,57.34,2889
-888,57.34,2888
-887,57.34,2887
-886,57.35,2886
-885,57.35,2885
-884,57.35,2884
-883,57.35,2883
-882,57.35,2882
-881,57.35,2881
-880,57.35,2880
-879,57.35,2879
-878,57.35,2878
-877,57.35,2877
-876,57.35,2876
-875,57.35,2875
-874,57.35,2874
-873,57.35,2873
-872,57.35,2872
-871,57.35,2871
-870,57.35,2870
-869,57.35,2869
-868,57.35,2868
-867,57.35,2867
-866,57.34,2866
-865,57.34,2865
-864,57.34,2864
-863,57.33,2863
-862,57.33,2862
-861,57.33,2861
-860,57.33,2860
-859,57.33,2859
-858,57.33,2858
-857,57.33,2857
-856,57.33,2856
-855,57.33,2855
-854,57.33,2854
-853,57.33,2853
-852,57.33,2852
-851,57.33,2851
-850,57.33,2850
-849,57.33,2849
-848,57.33,2848
-847,57.33,2847
-846,57.33,2846
-845,57.33,2845
-844,57.33,2844
-843,57.33,2843
-842,57.34,2842
-841,57.34,2841
-840,57.34,2840
-839,57.35,2839
-838,57.35,2838
-837,57.35,2837
-836,57.35,2836
-835,57.35,2835
-834,57.35,2834
-833,57.35,2833
-832,57.35,2832
-831,57.35,2831
-830,57.35,2830
-829,57.35,2829
-828,57.35,2828
-827,57.35,2827
-826,57.35,2826
-825,57.35,2825
-824,57.35,2824
-823,57.35,2823
-822,57.35,2822
-821,57.35,2821
-820,57.35,2820
-819,57.35,2819
-818,57.35,2818
-817,57.35,2817
-816,57.35,2816
-815,57.35,2815
-814,57.35,2814
-813,57.35,2813
-812,57.35,2812
-811,57.35,2811
-810,57.35,2810
-809,57.35,2809
-808,57.35,2808
-807,57.35,2807
-806,57.35,2806
-805,57.35,2805
-804,57.35,2804
-803,57.35,2803
-802,57.35,2802
-801,57.35,2801
-800,57.35,2800
-799,57.35,2799
-798,57.35,2798
-797,57.35,2797
-796,57.35,2796
-795,57.35,2795
-794,57.35,2794
-793,57.35,2793
-792,57.35,2792
-791,57.35,2791
-790,57.35,2790
-789,57.35,2789
-788,57.35,2788
-787,57.36,2787
-786,57.36,2786
-785,57.36,2785
-784,57.37,2784
-783,57.37,2783
-782,57.37,2782
-781,57.37,2781
-780,57.37,2780
-779,57.37,2779
-778,57.37,2778
-777,57.37,2777
-776,57.37,2776
-775,57.37,2775
-774,57.37,2774
-773,57.37,2773
-772,57.37,2772
-771,57.37,2771
-770,57.37,2770
-769,57.37,2769
-768,57.37,2768
-767,57.37,2767
-766,57.37,2766
-765,57.37,2765
-764,57.37,2764
-763,57.37,2763
-762,57.37,2762
-761,57.37,2761
-760,57.37,2760
-759,57.37,2759
-758,57.37,2758
-757,57.37,2757
-756,57.38,2756
-755,57.38,2755
-754,57.38,2754
-753,57.39,2753
-752,57.39,2752
-751,57.39,2751
-750,57.39,2750
-749,57.39,2749
-748,57.39,2748
-747,57.39,2747
-746,57.39,2746
-745,57.39,2745
-744,57.39,2744
-743,57.39,2743
-742,57.39,2742
-741,57.39,2741
-740,57.39,2740
-739,57.39,2739
-738,57.39,2738
-737,57.39,2737
-736,57.39,2736
-735,57.39,2735
-734,57.39,2734
-733,57.39,2733
-732,57.38,2732
-731,57.38,2731
-730,57.38,2730
-729,57.38,2729
-728,57.39,2728
-727,57.39,2727
-726,57.4,2726
-725,57.41,2725
-724,57.42,2724
-723,57.43,2723
-722,57.43,2722
-721,57.44,2721
-720,57.45,2720
-719,57.45,2719
-718,57.45,2718
-717,57.45,2717
-716,57.45,2716
-715,57.45,2715
-714,57.45,2714
-713,57.45,2713
-712,57.45,2712
-711,57.45,2711
-710,57.46,2710
-709,57.46,2709
-708,57.47,2708
-707,57.47,2707
-706,57.48,2706
-705,57.48,2705
-704,57.49,2704
-703,57.49,2703
-702,57.49,2702
-701,57.49,2701
-700,57.49,2700
-699,57.49,2699
-698,57.49,2698
-697,57.49,2697
-696,57.49,2696
-695,57.49,2695
-694,57.49,2694
-693,57.49,2693
-692,57.5,2692
-691,57.5,2691
-690,57.5,2690
-689,57.51,2689
-688,57.51,2688
-687,57.51,2687
-686,57.52,2686
-685,57.52,2685
-684,57.52,2684
-683,57.52,2683
-682,57.53,2682
-681,57.53,2681
-680,57.53,2680
-679,57.53,2679
-678,57.54,2678
-677,57.54,2677
-676,57.54,2676
-675,57.54,2675
-674,57.55,2674
-673,57.55,2673
-672,57.55,2672
-671,57.55,2671
-670,57.55,2670
-669,57.55,2669
-668,57.55,2668
-667,57.55,2667
-666,57.55,2666
-665,57.55,2665
-664,57.55,2664
-663,57.55,2663
-662,57.55,2662
-661,57.55,2661
-660,57.56,2660
-659,57.56,2659
-658,57.56,2658
-657,57.57,2657
-656,57.57,2656
-655,57.58,2655
-654,57.58,2654
-653,57.59,2653
-652,57.6,2652
-651,57.6,2651
-650,57.61,2650
-649,57.61,2649
-648,57.61,2648
-647,57.61,2647
-646,57.61,2646
-645,57.61,2645
-644,57.61,2644
-643,57.61,2643
-642,57.61,2642
-641,57.61,2641
-640,57.61,2640
-639,57.61,2639
-638,57.62,2638
-637,57.62,2637
-636,57.62,2636
-635,57.62,2635
-634,57.63,2634
-633,57.63,2633
-632,57.63,2632
-631,57.63,2631
-630,57.64,2630
-629,57.64,2629
-628,57.64,2628
-627,57.64,2627
-626,57.65,2626
-625,57.65,2625
-624,57.66,2624
-623,57.66,2623
-622,57.67,2622
-621,57.68,2621
-620,57.69,2620
-619,57.7,2619
-618,57.7,2618
-617,57.71,2617
-616,57.72,2616
-615,57.73,2615
-614,57.74,2614
-613,57.74,2613
-612,57.75,2612
-611,57.76,2611
-610,57.77,2610
-609,57.77,2609
-608,57.78,2608
-607,57.79,2607
-606,57.79,2606
-605,57.8,2605
-604,57.81,2604
-603,57.82,2603
-602,57.83,2602
-601,57.84,2601
-600,57.85,2600
-599,57.86,2599
-598,57.87,2598
-597,57.89,2597
-596,57.91,2596
-595,57.94,2595
-594,57.97,2594
-593,58,2593
-592,58.04,2592
-591,58.08,2591
-590,58.12,2590
-589,58.16,2589
-588,58.2,2588
-587,58.24,2587
-586,58.27,2586
-585,58.3,2585
-584,58.32,2584
-583,58.34,2583
-582,58.35,2582
-581,58.37,2581
-580,58.38,2580
-579,58.4,2579
-578,58.41,2578
-577,58.43,2577
-576,58.45,2576
-575,58.47,2575
-574,58.49,2574
-573,58.51,2573
-572,58.53,2572
-571,58.55,2571
-570,58.57,2570
-569,58.6,2569
-568,58.62,2568
-567,58.64,2567
-566,58.66,2566
-565,58.69,2565
-564,58.72,2564
-563,58.75,2563
-562,58.79,2562
-561,58.83,2561
-560,58.87,2560
-559,58.92,2559
-558,58.97,2558
-557,59.02,2557
-556,59.06,2556
-555,59.11,2555
-554,59.15,2554
-553,59.19,2553
-552,59.23,2552
-551,59.27,2551
-550,59.3,2550
-549,59.33,2549
-548,59.37,2548
-547,59.4,2547
-546,59.43,2546
-545,59.46,2545
-544,59.5,2544
-543,59.53,2543
-542,59.56,2542
-541,59.59,2541
-540,59.62,2540
-539,59.64,2539
-538,59.67,2538
-537,59.69,2537
-536,59.71,2536
-535,59.73,2535
-534,59.75,2534
-533,59.77,2533
-532,59.79,2532
-531,59.81,2531
-530,59.82,2530
-529,59.84,2529
-528,59.86,2528
-527,59.88,2527
-526,59.9,2526
-525,59.92,2525
-524,59.95,2524
-523,59.97,2523
-522,60,2522
-521,60.02,2521
-520,60.05,2520
-519,60.08,2519
-518,60.1,2518
-517,60.13,2517
-516,60.15,2516
-515,60.17,2515
-514,60.19,2514
-513,60.21,2513
-512,60.23,2512
-511,60.24,2511
-510,60.26,2510
-509,60.27,2509
-508,60.28,2508
-507,60.29,2507
-506,60.3,2506
-505,60.31,2505
-504,60.32,2504
-503,60.33,2503
-502,60.34,2502
-501,60.35,2501
-500,60.36,2500
-499,60.37,2499
-498,60.38,2498
-497,60.39,2497
-496,60.4,2496
-495,60.41,2495
-494,60.42,2494
-493,60.43,2493
-492,60.44,2492
-491,60.45,2491
-490,60.46,2490
-489,60.46,2489
-488,60.47,2488
-487,60.47,2487
-486,60.48,2486
-485,60.48,2485
-484,60.48,2484
-483,60.49,2483
-482,60.49,2482
-481,60.49,2481
-480,60.49,2480
-479,60.49,2479
-478,60.5,2478
-477,60.5,2477
-476,60.5,2476
-475,60.51,2475
-474,60.52,2474
-473,60.52,2473
-472,60.53,2472
-471,60.53,2471
-470,60.54,2470
-469,60.54,2469
-468,60.54,2468
-467,60.54,2467
-466,60.54,2466
-465,60.54,2465
-464,60.54,2464
-463,60.53,2463
-462,60.53,2462
-461,60.53,2461
-460,60.52,2460
-459,60.52,2459
-458,60.52,2458
-457,60.51,2457
-456,60.51,2456
-455,60.51,2455
-454,60.51,2454
-453,60.5,2453
-452,60.5,2452
-451,60.5,2451
-450,60.5,2450
-449,60.5,2449
-448,60.5,2448
-447,60.49,2447
-446,60.49,2446
-445,60.49,2445
-444,60.48,2444
-443,60.47,2443
-442,60.46,2442
-441,60.46,2441
-440,60.45,2440
-439,60.44,2439
-438,60.43,2438
-437,60.43,2437
-436,60.42,2436
-435,60.41,2435
-434,60.41,2434
-433,60.4,2433
-432,60.4,2432
-431,60.4,2431
-430,60.39,2430
-429,60.38,2429
-428,60.38,2428
-427,60.37,2427
-426,60.36,2426
-425,60.35,2425
-424,60.35,2424
-423,60.34,2423
-422,60.33,2422
-421,60.32,2421
-420,60.32,2420
-419,60.31,2419
-418,60.31,2418
-417,60.3,2417
-416,60.3,2416
-415,60.29,2415
-414,60.29,2414
-413,60.28,2413
-412,60.28,2412
-411,60.27,2411
-410,60.26,2410
-409,60.25,2409
-408,60.24,2408
-407,60.24,2407
-406,60.23,2406
-405,60.22,2405
-404,60.22,2404
-403,60.21,2403
-402,60.21,2402
-401,60.2,2401
-400,60.2,2400
-399,60.19,2399
-398,60.19,2398
-397,60.18,2397
-396,60.18,2396
-395,60.17,2395
-394,60.16,2394
-393,60.15,2393
-392,60.15,2392
-391,60.14,2391
-390,60.13,2390
-389,60.12,2389
-388,60.11,2388
-387,60.1,2387
-386,60.09,2386
-385,60.08,2385
-384,60.07,2384
-383,60.06,2383
-382,60.05,2382
-381,60.04,2381
-380,60.03,2380
-379,60.02,2379
-378,60.01,2378
-377,60.01,2377
-376,60,2376
-375,59.99,2375
-374,59.98,2374
-373,59.98,2373
-372,59.97,2372
-371,59.96,2371
-370,59.95,2370
-369,59.95,2369
-368,59.94,2368
-367,59.93,2367
-366,59.92,2366
-365,59.92,2365
-364,59.91,2364
-363,59.9,2363
-362,59.89,2362
-361,59.88,2361
-360,59.88,2360
-359,59.87,2359
-358,59.86,2358
-357,59.86,2357
-356,59.85,2356
-355,59.84,2355
-354,59.83,2354
-353,59.83,2353
-352,59.82,2352
-351,59.81,2351
-350,59.8,2350
-349,59.79,2349
-348,59.78,2348
-347,59.77,2347
-346,59.76,2346
-345,59.75,2345
-344,59.74,2344
-343,59.73,2343
-342,59.72,2342
-341,59.71,2341
-340,59.7,2340
-339,59.69,2339
-338,59.69,2338
-337,59.68,2337
-336,59.67,2336
-335,59.67,2335
-334,59.66,2334
-333,59.66,2333
-332,59.65,2332
-331,59.65,2331
-330,59.64,2330
-329,59.64,2329
-328,59.63,2328
-327,59.63,2327
-326,59.62,2326
-325,59.61,2325
-324,59.61,2324
-323,59.6,2323
-322,59.59,2322
-321,59.58,2321
-320,59.57,2320
-319,59.56,2319
-318,59.55,2318
-317,59.54,2317
-316,59.53,2316
-315,59.52,2315
-314,59.51,2314
-313,59.5,2313
-312,59.49,2312
-311,59.48,2311
-310,59.48,2310
-309,59.47,2309
-308,59.47,2308
-307,59.46,2307
-306,59.46,2306
-305,59.45,2305
-304,59.45,2304
-303,59.44,2303
-302,59.44,2302
-301,59.44,2301
-300,59.43,2300
-299,59.43,2299
-298,59.42,2298
-297,59.42,2297
-296,59.41,2296
-295,59.4,2295
-294,59.39,2294
-293,59.39,2293
-292,59.38,2292
-291,59.37,2291
-290,59.36,2290
-289,59.36,2289
-288,59.35,2288
-287,59.34,2287
-286,59.34,2286
-285,59.33,2285
-284,59.33,2284
-283,59.32,2283
-282,59.32,2282
-281,59.31,2281
-280,59.31,2280
-279,59.3,2279
-278,59.3,2278
-277,59.29,2277
-276,59.29,2276
-275,59.28,2275
-274,59.28,2274
-273,59.27,2273
-272,59.27,2272
-271,59.26,2271
-270,59.26,2270
-269,59.25,2269
-268,59.25,2268
-267,59.24,2267
-266,59.24,2266
-265,59.23,2265
-264,59.23,2264
-263,59.22,2263
-262,59.22,2262
-261,59.21,2261
-260,59.21,2260
-259,59.2,2259
-258,59.2,2258
-257,59.19,2257
-256,59.19,2256
-255,59.18,2255
-254,59.18,2254
-253,59.17,2253
-252,59.17,2252
-251,59.16,2251
-250,59.15,2250
-249,59.15,2249
-248,59.14,2248
-247,59.14,2247
-246,59.13,2246
-245,59.13,2245
-244,59.12,2244
-243,59.12,2243
-242,59.11,2242
-241,59.11,2241
-240,59.1,2240
-239,59.1,2239
-238,59.1,2238
-237,59.1,2237
-236,59.09,2236
-235,59.09,2235
-234,59.09,2234
-233,59.09,2233
-232,59.08,2232
-231,59.08,2231
-230,59.08,2230
-229,59.07,2229
-228,59.07,2228
-227,59.06,2227
-226,59.05,2226
-225,59.05,2225
-224,59.04,2224
-223,59.03,2223
-222,59.03,2222
-221,59.02,2221
-220,59.02,2220
-219,59.01,2219
-218,59.01,2218
-217,59.01,2217
-216,59.01,2216
-215,59.01,2215
-214,59.01,2214
-213,59.01,2213
-212,59.01,2212
-211,59.01,2211
-210,59.01,2210
-209,59.01,2209
-208,59,2208
-207,59,2207
-206,58.99,2206
-205,58.99,2205
-204,58.98,2204
-203,58.98,2203
-202,58.97,2202
-201,58.97,2201
-200,58.96,2200
-199,58.96,2199
-198,58.96,2198
-197,58.95,2197
-196,58.95,2196
-195,58.95,2195
-194,58.95,2194
-193,58.95,2193
-192,58.94,2192
-191,58.94,2191
-190,58.94,2190
-189,58.94,2189
-188,58.93,2188
-187,58.93,2187
-186,58.93,2186
-185,58.93,2185
-184,58.92,2184
-183,58.92,2183
-182,58.92,2182
-181,58.91,2181
-180,58.91,2180
-179,58.91,2179
-178,58.91,2178
-177,58.91,2177
-176,58.9,2176
-175,58.9,2175
-174,58.9,2174
-173,58.9,2173
-172,58.89,2172
-171,58.89,2171
-170,58.89,2170
-169,58.88,2169
-168,58.88,2168
-167,58.88,2167
-166,58.88,2166
-165,58.87,2165
-164,58.87,2164
-163,58.87,2163
-162,58.87,2162
-161,58.87,2161
-160,58.87,2160
-159,58.87,2159
-158,58.87,2158
-157,58.87,2157
-156,58.87,2156
-155,58.87,2155
-154,58.87,2154
-153,58.87,2153
-152,58.86,2152
-151,58.86,2151
-150,58.86,2150
-149,58.86,2149
-148,58.85,2148
-147,58.85,2147
-146,58.85,2146
-145,58.84,2145
-144,58.84,2144
-143,58.84,2143
-142,58.83,2142
-141,58.83,2141
-140,58.83,2140
-139,58.83,2139
-138,58.83,2138
-137,58.83,2137
-136,58.83,2136
-135,58.83,2135
-134,58.83,2134
-133,58.83,2133
-132,58.83,2132
-131,58.83,2131
-130,58.83,2130
-129,58.82,2129
-128,58.82,2128
-127,58.82,2127
-126,58.81,2126
-125,58.81,2125
-124,58.81,2124
-123,58.81,2123
-122,58.81,2122
-121,58.81,2121
-120,58.81,2120
-119,58.81,2119
-118,58.81,2118
-117,58.81,2117
-116,58.81,2116
-115,58.81,2115
-114,58.81,2114
-113,58.8,2113
-112,58.8,2112
-111,58.8,2111
-110,58.79,2110
-109,58.79,2109
-108,58.79,2108
-107,58.79,2107
-106,58.79,2106
-105,58.78,2105
-104,58.78,2104
-103,58.78,2103
-102,58.79,2102
-101,58.79,2101
-100,58.79,2100
-99,58.79,2099
-98,58.79,2098
-97,58.79,2097
-96,58.79,2096
-95,58.79,2095
-94,58.79,2094
-93,58.79,2093
-92,58.79,2092
-91,58.79,2091
-90,58.79,2090
-89,58.78,2089
-88,58.78,2088
-87,58.78,2087
-86,58.77,2086
-85,58.77,2085
-84,58.77,2084
-83,58.77,2083
-82,58.76,2082
-81,58.76,2081
-80,58.76,2080
-79,58.75,2079
-78,58.75,2078
-77,58.75,2077
-76,58.75,2076
-75,58.75,2075
-74,58.75,2074
-73,58.75,2073
-72,58.75,2072
-71,58.75,2071
-70,58.75,2070
-69,58.75,2069
-68,58.75,2068
-67,58.75,2067
-66,58.75,2066
-65,58.75,2065
-64,58.75,2064
-63,58.75,2063
-62,58.75,2062
-61,58.75,2061
-60,58.75,2060
-59,58.75,2059
-58,58.75,2058
-57,58.75,2057
-56,58.75,2056
-55,58.75,2055
-54,58.75,2054
-53,58.75,2053
-52,58.75,2052
-51,58.75,2051
-50,58.75,2050
-49,58.75,2049
-48,58.75,2048
-47,58.75,2047
-46,58.75,2046
-45,58.75,2045
-44,58.75,2044
-43,58.75,2043
-42,58.75,2042
-41,58.75,2041
-40,58.75,2040
-39,58.75,2039
-38,58.75,2038
-37,58.75,2037
-36,58.75,2036
-35,58.74,2035
-34,58.74,2034
-33,58.74,2033
-32,58.74,2032
-31,58.73,2031
-30,58.73,2030
-29,58.73,2029
-28,58.73,2028
-27,58.73,2027
-26,58.72,2026
-25,58.72,2025
-24,58.73,2024
-23,58.73,2023
-22,58.73,2022
-21,58.73,2021
-20,58.73,2020
-19,58.73,2019
-18,58.73,2018
-17,58.73,2017
-16,58.73,2016
-15,58.73,2015
-14,58.73,2014
-13,58.73,2013
-12,58.73,2012
-11,58.72,2011
-10,58.72,2010
-9,58.72,2009
-8,58.71,2008
-7,58.71,2007
-6,58.71,2006
-5,58.71,2005
-4,58.71,2004
-3,58.71,2003
-2,58.71,2002
-1,58.71,2001
0,58.71,2000
1,58.71,1999
2,58.71,1998
3,58.71,1997
4,58.71,1996
5,58.71,1995
6,58.71,1994
7,58.71,1993
8,58.71,1992
9,58.71,1991
10,58.71,1990
11,58.71,1989
12,58.71,1988
13,58.71,1987
14,58.71,1986
15,58.71,1985
16,58.71,1984
17,58.71,1983
18,58.71,1982
19,58.71,1981
20,58.71,1980
21,58.71,1979
22,58.71,1978
23,58.71,1977
24,58.71,1976
25,58.71,1975
26,58.71,1974
27,58.71,1973
28,58.71,1972
29,58.71,1971
30,58.71,1970
31,58.71,1969
32,58.71,1968
33,58.71,1967
34,58.71,1966
35,58.7,1965
36,58.7,1964
37,58.69,1963
38,58.69,1962
39,58.68,1961
40,58.68,1960
41,58.67,1959
42,58.67,1958
43,58.67,1957
44,58.66,1956
45,58.66,1955
46,58.66,1954
47,58.66,1953
48,58.67,1952
49,58.67,1951
50,58.67,1950
51,58.67,1949
52,58.67,1948
53,58.67,1947
54,58.67,1946
55,58.67,1945
56,58.67,1944
57,58.67,1943
58,58.67,1942
59,58.67,1941
60,58.67,1940
61,58.67,1939
62,58.67,1938
63,58.67,1937
64,58.67,1936
65,58.67,1935
66,58.67,1934
67,58.67,1933
68,58.67,1932
69,58.67,1931
70,58.67,1930
71,58.67,1929
72,58.67,1928
73,58.67,1927
74,58.67,1926
75,58.67,1925
76,58.67,1924
77,58.67,1923
78,58.67,1922
79,58.67,1921
80,58.67,1920
81,58.67,1919
82,58.67,1918
83,58.67,1917
84,58.67,1916
85,58.67,1915
86,58.67,1914
87,58.67,1913
88,58.67,1912
89,58.67,1911
90,58.67,1910
91,58.67,1909
92,58.67,1908
93,58.67,1907
94,58.67,1906
95,58.67,1905
96,58.67,1904
97,58.67,1903
98,58.67,1902
99,58.67,1901
100,58.67,1900
101,58.67,1899
102,58.67,1898
103,58.67,1897
104,58.67,1896
105,58.67,1895
106,58.67,1894
107,58.67,1893
108,58.67,1892
109,58.67,1891
110,58.67,1890
111,58.67,1889
112,58.67,1888
113,58.67,1887
114,58.67,1886
115,58.67,1885
116,58.67,1884
117,58.67,1883
118,58.67,1882
119,58.67,1881
120,58.67,1880
121,58.67,1879
122,58.67,1878
123,58.67,1877
124,58.67,1876
125,58.67,1875
126,58.67,1874
127,58.67,1873
128,58.67,1872
129,58.67,1871
130,58.67,1870
131,58.67,1869
132,58.67,1868
133,58.67,1867
134,58.67,1866
135,58.67,1865
136,58.67,1864
137,58.67,1863
138,58.67,1862
139,58.67,1861
140,58.67,1860
141,58.67,1859
142,58.67,1858
143,58.67,1857
144,58.67,1856
145,58.67,1855
146,58.66,1854
147,58.66,1853
148,58.66,1852
149,58.65,1851
150,58.65,1850
151,58.65,1849
152,58.65,1848
153,58.65,1847
154,58.65,1846
155,58.65,1845
156,58.65,1844
157,58.65,1843
158,58.65,1842
159,58.65,1841
160,58.65,1840
161,58.65,1839
162,58.65,1838
163,58.65,1837
164,58.65,1836
165,58.65,1835
166,58.65,1834
167,58.65,1833
168,58.65,1832
169,58.65,1831
170,58.65,1830
171,58.65,1829
172,58.65,1828
173,58.65,1827
174,58.65,1826
175,58.65,1825
176,58.65,1824
177,58.65,1823
178,58.65,1822
179,58.65,1821
180,58.65,1820
181,58.65,1819
182,58.65,1818
183,58.65,1817
184,58.65,1816
185,58.65,1815
186,58.65,1814
187,58.65,1813
188,58.65,1812
189,58.65,1811
190,58.65,1810
191,58.65,1809
192,58.65,1808
193,58.65,1807
194,58.65,1806
195,58.65,1805
196,58.65,1804
197,58.65,1803
198,58.65,1802
199,58.65,1801
200,58.65,1800
201,58.64,1799
202,58.64,1798
203,58.64,1797
204,58.63,1796
205,58.63,1795
206,58.63,1794
207,58.63,1793
208,58.63,1792
209,58.63,1791
210,58.63,1790
211,58.63,1789
212,58.63,1788
213,58.63,1787
214,58.63,1786
215,58.63,1785
216,58.63,1784
217,58.63,1783
218,58.63,1782
219,58.63,1781
220,58.63,1780
221,58.63,1779
222,58.63,1778
223,58.63,1777
224,58.63,1776
225,58.63,1775
226,58.63,1774
227,58.63,1773
228,58.63,1772
229,58.63,1771
230,58.63,1770
231,58.63,1769
232,58.63,1768
233,58.63,1767
234,58.64,1766
235,58.64,1765
236,58.64,1764
237,58.64,1763
238,58.65,1762
239,58.65,1761
240,58.65,1760
241,58.65,1759
242,58.65,1758
243,58.65,1757
244,58.65,1756
245,58.65,1755
246,58.65,1754
247,58.65,1753
248,58.65,1752
249,58.65,1751
250,58.65,1750
251,58.65,1749
252,58.65,1748
253,58.65,1747
254,58.65,1746
255,58.65,1745
256,58.65,1744
257,58.65,1743
258,58.65,1742
259,58.65,1741
260,58.65,1740
261,58.65,1739
262,58.65,1738
263,58.65,1737
264,58.65,1736
265,58.65,1735
266,58.65,1734
267,58.65,1733
268,58.65,1732
269,58.65,1731
270,58.65,1730
271,58.65,1729
272,58.65,1728
273,58.66,1727
274,58.66,1726
275,58.66,1725
276,58.66,1724
277,58.67,1723
278,58.67,1722
279,58.67,1721
280,58.67,1720
281,58.67,1719
282,58.67,1718
283,58.67,1717
284,58.67,1716
285,58.67,1715
286,58.67,1714
287,58.67,1713
288,58.67,1712
289,58.67,1711
290,58.67,1710
291,58.67,1709
292,58.67,1708
293,58.67,1707
294,58.67,1706
295,58.67,1705
296,58.67,1704
297,58.67,1703
298,58.67,1702
299,58.67,1701
300,58.67,1700
301,58.67,1699
302,58.67,1698
303,58.67,1697
304,58.67,1696
305,58.67,1695
306,58.67,1694
307,58.67,1693
308,58.67,1692
309,58.67,1691
310,58.67,1690
311,58.67,1689
312,58.67,1688
313,58.67,1687
314,58.67,1686
315,58.67,1685
316,58.67,1684
317,58.67,1683
318,58.67,1682
319,58.67,1681
320,58.67,1680
321,58.67,1679
322,58.67,1678
323,58.67,1677
324,58.67,1676
325,58.67,1675
326,58.67,1674
327,58.67,1673
328,58.67,1672
329,58.67,1671
330,58.67,1670
331,58.67,1669
332,58.67,1668
333,58.67,1667
334,58.67,1666
335,58.67,1665
336,58.67,1664
337,58.67,1663
338,58.67,1662
339,58.67,1661
340,58.67,1660
341,58.67,1659
342,58.67,1658
343,58.67,1657
344,58.67,1656
345,58.67,1655
346,58.67,1654
347,58.67,1653
348,58.67,1652
349,58.67,1651
350,58.67,1650
351,58.67,1649
352,58.67,1648
353,58.67,1647
354,58.67,1646
355,58.67,1645
356,58.67,1644
357,58.67,1643
358,58.67,1642
359,58.67,1641
360,58.67,1640
361,58.67,1639
362,58.67,1638
363,58.67,1637
364,58.67,1636
365,58.67,1635
366,58.67,1634
367,58.67,1633
368,58.67,1632
369,58.67,1631
370,58.67,1630
371,58.67,1629
372,58.67,1628
373,58.67,1627
374,58.67,1626
375,58.67,1625
376,58.67,1624
377,58.67,1623
378,58.67,1622
379,58.67,1621
380,58.67,1620
381,58.67,1619
382,58.67,1618
383,58.67,1617
384,58.68,1616
385,58.68,1615
386,58.68,1614
387,58.69,1613
388,58.69,1612
389,58.69,1611
390,58.7,1610
391,58.7,1609
392,58.7,1608
393,58.7,1607
394,58.71,1606
395,58.71,1605
396,58.71,1604
397,58.71,1603
398,58.71,1602
399,58.71,1601
400,58.71,1600
401,58.71,1599
402,58.71,1598
403,58.71,1597
404,58.71,1596
405,58.71,1595
406,58.71,1594
407,58.71,1593
408,58.71,1592
409,58.71,1591
410,58.71,1590
411,58.71,1589
412,58.71,1588
413,58.71,1587
414,58.71,1586
415,58.71,1585
416,58.71,1584
417,58.71,1583
418,58.71,1582
419,58.71,1581
420,58.71,1580
421,58.71,1579
422,58.71,1578
423,58.71,1577
424,58.71,1576
425,58.71,1575
426,58.71,1574
427,58.71,1573
428,58.71,1572
429,58.71,1571
430,58.71,1570
431,58.72,1569
432,58.72,1568
433,58.72,1567
434,58.73,1566
435,58.73,1565
436,58.73,1564
437,58.73,1563
438,58.74,1562
439,58.74,1561
440,58.74,1560
441,58.75,1559
442,58.75,1558
443,58.75,1557
444,58.75,1556
445,58.75,1555
446,58.75,1554
447,58.75,1553
448,58.75,1552
449,58.75,1551
450,58.75,1550
451,58.75,1549
452,58.75,1548
453,58.75,1547
454,58.75,1546
455,58.75,1545
456,58.75,1544
457,58.75,1543
458,58.75,1542
459,58.75,1541
460,58.75,1540
461,58.75,1539
462,58.75,1538
463,58.75,1537
464,58.75,1536
465,58.75,1535
466,58.75,1534
467,58.75,1533
468,58.75,1532
469,58.75,1531
470,58.75,1530
471,58.75,1529
472,58.75,1528
473,58.75,1527
474,58.75,1526
475,58.75,1525
476,58.75,1524
477,58.75,1523
478,58.75,1522
479,58.75,1521
480,58.75,1520
481,58.75,1519
482,58.75,1518
483,58.75,1517
484,58.75,1516
485,58.75,1515
486,58.75,1514
487,58.75,1513
488,58.75,1512
489,58.75,1511
490,58.75,1510
491,58.75,1509
492,58.75,1508
493,58.75,1507
494,58.76,1506
495,58.76,1505
496,58.76,1504
497,58.77,1503
498,58.77,1502
499,58.77,1501
500,58.78,1500
501,58.78,1499
502,58.78,1498
503,58.78,1497
504,58.79,1496
505,58.79,1495
506,58.79,1494
507,58.79,1493
508,58.79,1492
509,58.79,1491
510,58.79,1490
511,58.79,1489
512,58.79,1488
513,58.79,1487
514,58.79,1486
515,58.79,1485
516,58.79,1484
517,58.79,1483
518,58.8,1482
519,58.8,1481
520,58.8,1480
521,58.81,1479
522,58.81,1478
523,58.81,1477
524,58.82,1476
525,58.82,1475
526,58.82,1474
527,58.82,1473
528,58.83,1472
529,58.83,1471
530,58.83,1470
531,58.83,1469
532,58.83,1468
533,58.83,1467
534,58.83,1466
535,58.83,1465
536,58.83,1464
537,58.83,1463
538,58.83,1462
539,58.83,1461
540,58.83,1460
541,58.84,1459
542,58.84,1458
543,58.84,1457
544,58.85,1456
545,58.85,1455
546,58.85,1454
547,58.85,1453
548,58.86,1452
549,58.86,1451
550,58.86,1450
551,58.86,1449
552,58.87,1448
553,58.87,1447
554,58.87,1446
555,58.87,1445
556,58.87,1444
557,58.87,1443
558,58.87,1442
559,58.87,1441
560,58.87,1440
561,58.87,1439
562,58.86,1438
563,58.86,1437
564,58.86,1436
565,58.86,1435
566,58.86,1434
567,58.86,1433
568,58.87,1432
569,58.87,1431
570,58.88,1430
571,58.88,1429
572,58.89,1428
573,58.89,1427
574,58.9,1426
575,58.9,1425
576,58.91,1424
577,58.91,1423
578,58.91,1422
579,58.91,1421
580,58.91,1420
581,58.91,1419
582,58.91,1418
583,58.91,1417
584,58.91,1416
585,58.91,1415
586,58.91,1414
587,58.91,1413
588,58.91,1412
589,58.91,1411
590,58.91,1410
591,58.91,1409
592,58.91,1408
593,58.91,1407
594,58.91,1406
595,58.91,1405
596,58.91,1404
597,58.92,1403
598,58.92,1402
599,58.92,1401
600,58.93,1400
601,58.94,1399
602,58.94,1398
603,58.95,1397
604,58.95,1396
605,58.96,1395
606,58.96,1394
607,58.97,1393
608,58.97,1392
609,58.97,1391
610,58.97,1390
611,58.97,1389
612,58.97,1388
613,58.96,1387
614,58.96,1386
615,58.97,1385
616,58.97,1384
617,58.97,1383
618,58.98,1382
619,58.99,1381
620,58.99,1380
621,59,1379
622,59,1378
623,59.01,1377
624,59.01,1376
625,59.01,1375
626,59.01,1374
627,59.01,1373
628,59.01,1372
629,59.01,1371
630,59.01,1370
631,59.01,1369
632,59.01,1368
633,59.01,1367
634,59.02,1366
635,59.02,1365
636,59.03,1364
637,59.04,1363
638,59.04,1362
639,59.05,1361
640,59.05,1360
641,59.06,1359
642,59.06,1358
643,59.06,1357
644,59.06,1356
645,59.06,1355
646,59.07,1354
647,59.07,1353
648,59.07,1352
649,59.07,1351
650,59.07,1350
651,59.07,1349
652,59.08,1348
653,59.08,1347
654,59.08,1346
655,59.09,1345
656,59.09,1344
657,59.1,1343
658,59.11,1342
659,59.11,1341
660,59.12,1340
661,59.12,1339
662,59.13,1338
663,59.13,1337
664,59.13,1336
665,59.13,1335
666,59.14,1334
667,59.14,1333
668,59.14,1332
669,59.14,1331
670,59.15,1330
671,59.15,1329
672,59.15,1328
673,59.16,1327
674,59.17,1326
675,59.17,1325
676,59.18,1324
677,59.18,1323
678,59.19,1322
679,59.19,1321
680,59.19,1320
681,59.19,1319
682,59.2,1318
683,59.2,1317
684,59.2,1316
685,59.2,1315
686,59.21,1314
687,59.21,1313
688,59.22,1312
689,59.22,1311
690,59.23,1310
691,59.23,1309
692,59.24,1308
693,59.24,1307
694,59.25,1306
695,59.25,1305
696,59.25,1304
697,59.26,1303
698,59.26,1302
699,59.26,1301
700,59.26,1300
701,59.26,1299
702,59.27,1298
703,59.27,1297
704,59.28,1296
705,59.28,1295
706,59.29,1294
707,59.29,1293
708,59.3,1292
709,59.3,1291
710,59.31,1290
711,59.32,1289
712,59.32,1288
713,59.33,1287
714,59.34,1286
715,59.35,1285
716,59.36,1284
717,59.36,1283
718,59.37,1282
719,59.38,1281
720,59.39,1280
721,59.4,1279
722,59.41,1278
723,59.41,1277
724,59.42,1276
725,59.43,1275
726,59.43,1274
727,59.43,1273
728,59.44,1272
729,59.44,1271
730,59.44,1270
731,59.44,1269
732,59.44,1268
733,59.45,1267
734,59.45,1266
735,59.45,1265
736,59.46,1264
737,59.46,1263
738,59.47,1262
739,59.47,1261
740,59.48,1260
741,59.49,1259
742,59.5,1258
743,59.51,1257
744,59.52,1256
745,59.53,1255
746,59.54,1254
747,59.55,1253
748,59.56,1252
749,59.57,1251
750,59.58,1250
751,59.59,1249
752,59.6,1248
753,59.6,1247
754,59.61,1246
755,59.62,1245
756,59.62,1244
757,59.63,1243
758,59.63,1242
759,59.64,1241
760,59.64,1240
761,59.65,1239
762,59.65,1238
763,59.66,1237
764,59.66,1236
765,59.67,1235
766,59.68,1234
767,59.68,1233
768,59.69,1232
769,59.7,1231
770,59.71,1230
771,59.72,1229
772,59.72,1228
773,59.73,1227
774,59.74,1226
775,59.75,1225
776,59.75,1224
777,59.76,1223
778,59.77,1222
779,59.78,1221
780,59.78,1220
781,59.79,1219
782,59.8,1218
783,59.81,1217
784,59.83,1216
785,59.84,1215
786,59.85,1214
787,59.86,1213
788,59.87,1212
789,59.87,1211
790,59.88,1210
791,59.89,1209
792,59.9,1208
793,59.9,1207
794,59.91,1206
795,59.92,1205
796,59.93,1204
797,59.94,1203
798,59.95,1202
799,59.96,1201
800,59.97,1200
801,59.98,1199
802,59.99,1198
803,60,1197
804,60.01,1196
805,60.02,1195
806,60.03,1194
807,60.04,1193
808,60.05,1192
809,60.06,1191
810,60.07,1190
811,60.08,1189
812,60.09,1188
813,60.1,1187
814,60.11,1186
815,60.12,1185
816,60.13,1184
817,60.14,1183
818,60.15,1182
819,60.16,1181
820,60.17,1180
821,60.18,1179
822,60.19,1178
823,60.19,1177
824,60.2,1176
825,60.21,1175
826,60.22,1174
827,60.22,1173
828,60.23,1172
829,60.24,1171
830,60.25,1170
831,60.26,1169
832,60.27,1168
833,60.28,1167
834,60.29,1166
835,60.3,1165
836,60.32,1164
837,60.33,1163
838,60.35,1162
839,60.37,1161
840,60.38,1160
841,60.4,1159
842,60.41,1158
843,60.42,1157
844,60.44,1156
845,60.45,1155
846,60.46,1154
847,60.47,1153
848,60.48,1152
849,60.49,1151
850,60.5,1150
851,60.51,1149
852,60.52,1148
853,60.53,1147
854,60.54,1146
855,60.56,1145
856,60.57,1144
857,60.58,1143
858,60.6,1142
859,60.61,1141
860,60.62,1140
861,60.63,1139
862,60.64,1138
863,60.65,1137
864,60.66,1136
865,60.67,1135
866,60.68,1134
867,60.69,1133
868,60.7,1132
869,60.71,1131
870,60.73,1130
871,60.74,1129
872,60.75,1128
873,60.77,1127
874,60.78,1126
875,60.79,1125
876,60.81,1124
877,60.82,1123
878,60.83,1122
879,60.84,1121
880,60.86,1120
881,60.87,1119
882,60.88,1118
883,60.89,1117
884,60.9,1116
885,60.91,1115
886,60.92,1114
887,60.93,1113
888,60.94,1112
889,60.95,1111
890,60.96,1110
891,60.97,1109
892,60.98,1108
893,60.99,1107
894,61,1106
895,61.01,1105
896,61.02,1104
897,61.03,1103
898,61.04,1102
899,61.06,1101
900,61.07,1100
901,61.08,1099
902,61.09,1098
903,61.11,1097
904,61.12,1096
905,61.13,1095
906,61.15,1094
907,61.16,1093
908,61.17,1092
909,61.19,1091
910,61.2,1090
911,61.21,1089
912,61.22,1088
913,61.24,1087
914,61.25,1086
915,61.26,1085
916,61.27,1084
917,61.28,1083
918,61.29,1082
919,61.3,1081
920,61.31,1080
921,61.32,1079
922,61.33,1078
923,61.33,1077
924,61.34,1076
925,61.35,1075
926,61.35,1074
927,61.36,1073
928,61.37,1072
929,61.38,1071
930,61.39,1070
931,61.4,1069
932,61.41,1068
933,61.43,1067
934,61.44,1066
935,61.45,1065
936,61.47,1064
937,61.48,1063
938,61.49,1062
939,61.51,1061
940,61.52,1060
941,61.53,1059
942,61.55,1058
943,61.56,1057
944,61.57,1056
945,61.58,1055
946,61.59,1054
947,61.6,1053
948,61.61,1052
949,61.62,1051
950,61.63,1050
951,61.64,1049
952,61.65,1048
953,61.66,1047
954,61.67,1046
955,61.68,1045
956,61.69,1044
957,61.7,1043
958,61.71,1042
959,61.72,1041
960,61.73,1040
961,61.74,1039
962,61.76,1038
963,61.77,1037
964,61.78,1036
965,61.79,1035
966,61.8,1034
967,61.81,1033
968,61.82,1032
969,61.83,1031
970,61.84,1030
971,61.84,1029
972,61.85,1028
973,61.86,1027
974,61.87,1026
975,61.89,1025
976,61.9,1024
977,61.91,1023
978,61.92,1022
979,61.93,1021
980,61.95,1020
981,61.96,1019
982,61.97,1018
983,61.99,1017
984,62,1016
985,62.01,1015
986,62.02,1014
987,62.03,1013
988,62.04,1012
989,62.05,1011
990,62.06,1010
991,62.07,1009
992,62.08,1008
993,62.09,1007
994,62.1,1006
995,62.11,1005
996,62.13,1004
997,62.14,1003
998,62.15,1002
999,62.17,1001
1000,62.18,1000
1001,62.2,999
1002,62.21,998
1003,62.22,997
1004,62.24,996
1005,62.26,995
1006,62.27,994
1007,62.29,993
1008,62.3,992
1009,62.32,991
1010,62.34,990
1011,62.35,989
1012,62.37,988
1013,62.39,987
1014,62.4,986
1015,62.41,985
1016,62.42,984
1017,62.43,983
1018,62.44,982
1019,62.45,981
1020,62.46,980
1021,62.46,979
1022,62.47,978
1023,62.48,977
1024,62.48,976
1025,62.49,975
1026,62.5,974
1027,62.52,973
1028,62.53,972
1029,62.54,971
1030,62.56,970
1031,62.57,969
1032,62.59,968
1033,62.61,967
1034,62.63,966
1035,62.64,965
1036,62.66,964
1037,62.68,963
1038,62.7,962
1039,62.72,961
1040,62.74,960
1041,62.76,959
1042,62.78,958
1043,62.8,957
1044,62.81,956
1045,62.83,955
1046,62.84,954
1047,62.86,953
1048,62.87,952
1049,62.88,951
1050,62.89,950
1051,62.9,949
1052,62.91,948
1053,62.91,947
1054,62.92,946
1055,62.92,945
1056,62.92,944
1057,62.92,943
1058,62.92,942
1059,62.93,941
1060,62.93,940
1061,62.94,939
1062,62.95,938
1063,62.96,937
1064,62.98,936
1065,63,935
1066,63.03,934
1067,63.05,933
1068,63.08,932
1069,63.11,931
1070,63.13,930
1071,63.16,929
1072,63.18,928
1073,63.2,927
1074,63.22,926
1075,63.24,925
1076,63.26,924
1077,63.28,923
1078,63.29,922
1079,63.31,921
1080,63.32,920
1081,63.33,919
1082,63.35,918
1083,63.36,917
1084,63.37,916
1085,63.39,915
1086,63.4,914
1087,63.42,913
1088,63.43,912
1089,63.45,911
1090,63.46,910
1091,63.48,909
1092,63.5,908
1093,63.52,907
1094,63.53,906
1095,63.55,905
1096,63.57,904
1097,63.59,903
1098,63.61,902
1099,63.63,901
1100,63.65,900
1101,63.66,899
1102,63.68,898
1103,63.69,897
1104,63.7,896
1105,63.71,895
1106,63.72,894
1107,63.73,893
1108,63.74,892
1109,63.75,891
1110,63.76,890
1111,63.77,889
1112,63.78,888
1113,63.79,887
1114,63.81,886
1115,63.82,885
1116,63.83,884
1117,63.85,883
1118,63.86,882
1119,63.88,881
1120,63.89,880
1121,63.9,879
1122,63.92,878
1123,63.93,877
1124,63.95,876
1125,63.97,875
1126,63.98,874
1127,64,873
1128,64.02,872
1129,64.04,871
1130,64.06,870
1131,64.08,869
1132,64.09,868
1133,64.11,867
1134,64.13,866
1135,64.14,865
1136,64.15,864
1137,64.17,863
1138,64.18,862
1139,64.19,861
1140,64.2,860
1141,64.21,859
1142,64.23,858
1143,64.24,857
1144,64.25,856
1145,64.26,855
1146,64.28,854
1147,64.29,853
1148,64.3,852
1149,64.31,851
1150,64.33,850
1151,64.34,849
1152,64.35,848
1153,64.36,847
1154,64.37,846
1155,64.39,845
1156,64.4,844
1157,64.42,843
1158,64.43,842
1159,64.45,841
1160,64.47,840
1161,64.5,839
1162,64.52,838
1163,64.54,837
1164,64.56,836
1165,64.58,835
1166,64.6,834
1167,64.61,833
1168,64.63,832
1169,64.64,831
1170,64.66,830
1171,64.67,829
1172,64.69,828
1173,64.7,827
1174,64.71,826
1175,64.73,825
1176,64.74,824
1177,64.76,823
1178,64.78,822
1179,64.79,821
1180,64.81,820
1181,64.82,819
1182,64.84,818
1183,64.86,817
1184,64.87,816
1185,64.89,815
1186,64.91,814
1187,64.93,813
1188,64.95,812
1189,64.97,811
1190,64.99,810
1191,65.01,809
1192,65.03,808
1193,65.06,807
1194,65.08,806
1195,65.11,805
1196,65.13,804
1197,65.15,803
1198,65.18,802
1199,65.2,801
1200,65.22,800
1201,65.25,799
1202,65.27,798
1203,65.29,797
1204,65.31,796
1205,65.33,795
1206,65.35,794
1207,65.37,793
1208,65.39,792
1209,65.41,791
1210,65.43,790
1211,65.45,789
1212,65.48,788
1213,65.5,787
1214,65.52,786
1215,65.54,785
1216,65.57,784
1217,65.59,783
1218,65.61,782
1219,65.64,781
1220,65.66,780
1221,65.68,779
1222,65.7,778
1223,65.73,777
1224,65.75,776
1225,65.77,775
1226,65.79,774
1227,65.82,773
1228,65.84,772
1229,65.87,771
1230,65.89,770
1231,65.92,769
1232,65.94,768
1233,65.97,767
1234,65.99,766
1235,66.01,765
1236,66.02,764
1237,66.03,763
1238,66.04,762
1239,66.05,761
1240,66.05,760
1241,66.06,759
1242,66.07,758
1243,66.09,757
1244,66.11,756
1245,66.13,755
1246,66.16,754
1247,66.19,753
1248,66.22,752
1249,66.25,751
1250,66.28,750
1251,66.31,749
1252,66.33,748
1253,66.36,747
1254,66.38,746
1255,66.4,745
1256,66.42,744
1257,66.43,743
1258,66.45,742
1259,66.47,741
1260,66.49,740
1261,66.51,739
1262,66.53,738
1263,66.55,737
1264,66.57,736
1265,66.59,735
1266,66.61,734
1267,66.63,733
1268,66.65,732
1269,66.67,731
1270,66.69,730
1271,66.7,729
1272,66.72,728
1273,66.73,727
1274,66.74,726
1275,66.75,725
1276,66.77,724
1277,66.78,723
1278,66.79,722
1279,66.8,721
1280,66.81,720
1281,66.82,719
1282,66.83,718
1283,66.84,717
1284,66.85,716
1285,66.86,715
1286,66.87,714
1287,66.88,713
1288,66.9,712
1289,66.91,711
1290,66.93,710
1291,66.94,709
1292,66.95,708
1293,66.97,707
1294,66.98,706
1295,66.99,705
1296,67.01,704
1297,67.02,703
1298,67.03,702
1299,67.04,701
1300,67.05,700
1301,67.06,699
1302,67.06,698
1303,67.07,697
1304,67.08,696
1305,67.08,695
1306,67.09,694
1307,67.1,693
1308,67.1,692
1309,67.11,691
1310,67.12,690
1311,67.13,689
1312,67.13,688
1313,67.14,687
1314,67.15,686
1315,67.16,685
1316,67.17,684
1317,67.18,683
1318,67.18,682
1319,67.19,681
1320,67.2,680
1321,67.21,679
1322,67.21,678
1323,67.22,677
1324,67.22,676
1325,67.23,675
1326,67.23,674
1327,67.24,673
1328,67.24,672
1329,67.25,671
1330,67.25,670
1331,67.26,669
1332,67.26,668
1333,67.27,667
1334,67.27,666
1335,67.28,665
1336,67.28,664
1337,67.29,663
1338,67.29,662
1339,67.3,661
1340,67.3,660
1341,67.3,659
1342,67.3,658
1343,67.3,657
1344,67.31,656
1345,67.31,655
1346,67.31,654
1347,67.32,653
1348,67.32,652
1349,67.33,651
1350,67.33,650
1351,67.34,649
1352,67.34,648
1353,67.35,647
1354,67.35,646
1355,67.36,645
1356,67.36,644
1357,67.37,643
1358,67.37,642
1359,67.38,641
1360,67.38,640
1361,67.39,639
1362,67.4,638
1363,67.4,637
1364,67.41,636
1365,67.41,635
1366,67.42,634
1367,67.42,633
1368,67.43,632
1369,67.43,631
1370,67.43,630
1371,67.43,629
1372,67.43,628
1373,67.43,627
1374,67.43,626
1375,67.43,625
1376,67.43,624
1377,67.43,623
1378,67.43,622
1379,67.44,621
1380,67.44,620
1381,67.45,619
1382,67.46,618
1383,67.46,617
1384,67.47,616
1385,67.47,615
1386,67.48,614
1387,67.48,613
1388,67.48,612
1389,67.48,611
1390,67.49,610
1391,67.49,609
1392,67.49,608
1393,67.49,607
1394,67.49,606
1395,67.49,605
1396,67.5,604
1397,67.5,603
1398,67.5,602
1399,67.5,601
1400,67.51,600
1401,67.51,599
1402,67.52,598
1403,67.53,597
1404,67.53,596
1405,67.54,595
1406,67.54,594
1407,67.55,593
1408,67.55,592
1409,67.55,591
1410,67.55,590
1411,67.55,589
1412,67.55,588
1413,67.55,587
1414,67.55,586
1415,67.55,585
1416,67.55,584
1417,67.55,583
1418,67.56,582
1419,67.56,581
1420,67.57,580
1421,67.57,579
1422,67.58,578
1423,67.59,577
1424,67.59,576
1425,67.6,575
1426,67.6,574
1427,67.6,573
1428,67.6,572
1429,67.61,571
1430,67.61,570
1431,67.61,569
1432,67.61,568
1433,67.61,567
1434,67.61,566
1435,67.61,565
1436,67.61,564
1437,67.61,563
1438,67.61,562
1439,67.61,561
1440,67.61,560
1441,67.61,559
1442,67.61,558
1443,67.61,557
1444,67.61,556
1445,67.61,555
1446,67.61,554
1447,67.61,553
1448,67.61,552
1449,67.62,551
1450,67.62,550
1451,67.63,549
1452,67.63,548
1453,67.64,547
1454,67.64,546
1455,67.65,545
1456,67.65,544
1457,67.65,543
1458,67.65,542
1459,67.65,541
1460,67.65,540
1461,67.65,539
1462,67.65,538
1463,67.65,537
1464,67.65,536
1465,67.65,535
1466,67.65,534
1467,67.65,533
1468,67.65,532
1469,67.65,531
1470,67.65,530
1471,67.65,529
1472,67.65,528
1473,67.66,527
1474,67.66,526
1475,67.66,525
1476,67.66,524
1477,67.67,523
1478,67.67,522
1479,67.67,521
1480,67.67,520
1481,67.67,519
1482,67.67,518
1483,67.67,517
1484,67.67,516
1485,67.67,515
1486,67.67,514
1487,67.67,513
1488,67.67,512
1489,67.67,511
1490,67.68,510
1491,67.68,509
1492,67.68,508
1493,67.69,507
1494,67.69,506
1495,67.69,505
1496,67.69,504
1497,67.69,503
1498,67.69,502
1499,67.69,501
1500,67.69,500
1501,67.69,499
1502,67.69,498
1503,67.69,497
1504,67.69,496
1505,67.69,495
1506,67.69,494
1507,67.69,493
1508,67.69,492
1509,67.69,491
1510,67.69,490
1511,67.69,489
1512,67.69,488
1513,67.69,487
1514,67.69,486
1515,67.69,485
1516,67.69,484
1517,67.69,483
1518,67.69,482
1519,67.69,481
1520,67.69,480
1521,67.69,479
1522,67.69,478
1523,67.69,477
1524,67.69,476
1525,67.69,475
1526,67.69,474
1527,67.69,473
1528,67.69,472
1529,67.69,471
1530,67.69,470
1531,67.69,469
1532,67.69,468
1533,67.69,467
1534,67.69,466
1535,67.69,465
1536,67.69,464
1537,67.69,463
1538,67.69,462
1539,67.69,461
1540,67.69,460
1541,67.69,459
1542,67.69,458
1543,67.69,457
1544,67.69,456
1545,67.69,455
1546,67.69,454
1547,67.69,453
1548,67.69,452
1549,67.69,451
1550,67.69,450
1551,67.69,449
1552,67.68,448
1553,67.68,447
1554,67.68,446
1555,67.68,445
1556,67.67,444
1557,67.67,443
1558,67.67,442
1559,67.67,441
1560,67.67,440
1561,67.67,439
1562,67.67,438
1563,67.67,437
1564,67.67,436
1565,67.67,435
1566,67.67,434
1567,67.67,433
1568,67.67,432
1569,67.67,431
1570,67.67,430
1571,67.67,429
1572,67.67,428
1573,67.67,427
1574,67.67,426
1575,67.67,425
1576,67.66,424
1577,67.66,423
1578,67.66,422
1579,67.66,421
1580,67.65,420
1581,67.65,419
1582,67.65,418
1583,67.65,417
1584,67.64,416
1585,67.64,415
1586,67.64,414
1587,67.64,413
1588,67.63,412
1589,67.63,411
1590,67.63,410
1591,67.62,409
1592,67.62,408
1593,67.62,407
1594,67.62,406
1595,67.61,405
1596,67.61,404
1597,67.61,403
1598,67.61,402
1599,67.61,401
1600,67.61,400
1601,67.61,399
1602,67.61,398
1603,67.61,397
1604,67.61,396
1605,67.61,395
1606,67.61,394
1607,67.61,393
1608,67.6,392
1609,67.6,391
1610,67.6,390
1611,67.6,389
1612,67.59,388
1613,67.59,387
1614,67.58,386
1615,67.58,385
1616,67.57,384
1617,67.57,383
1618,67.56,382
1619,67.56,381
1620,67.55,380
1621,67.55,379
1622,67.54,378
1623,67.53,377
1624,67.53,376
1625,67.52,375
1626,67.52,374
1627,67.51,373
1628,67.51,372
1629,67.51,371
1630,67.51,370
1631,67.5,369
1632,67.5,368
1633,67.5,367
1634,67.5,366
1635,67.49,365
1636,67.49,364
1637,67.49,363
1638,67.48,362
1639,67.48,361
1640,67.47,360
1641,67.47,359
1642,67.46,358
1643,67.45,357
1644,67.45,356
1645,67.44,355
1646,67.44,354
1647,67.44,353
1648,67.43,352
1649,67.43,351
1650,67.42,350
1651,67.41,349
1652,67.41,348
1653,67.4,347
1654,67.39,346
1655,67.38,345
1656,67.38,344
1657,67.37,343
1658,67.36,342
1659,67.35,341
1660,67.35,340
1661,67.34,339
1662,67.34,338
1663,67.33,337
1664,67.33,336
1665,67.32,335
1666,67.32,334
1667,67.31,333
1668,67.31,332
1669,67.3,331
1670,67.29,330
1671,67.28,329
1672,67.27,328
1673,67.27,327
1674,67.26,326
1675,67.25,325
1676,67.25,324
1677,67.24,323
1678,67.24,322
1679,67.23,321
1680,67.23,320
1681,67.22,319
1682,67.22,318
1683,67.21,317
1684,67.2,316
1685,67.19,315
1686,67.18,314
1687,67.17,313
1688,67.16,312
1689,67.14,311
1690,67.13,310
1691,67.11,309
1692,67.09,308
1693,67.08,307
1694,67.06,306
1695,67.04,305
1696,67.03,304
1697,67.01,303
1698,67,302
1699,66.99,301
1700,66.98,300
1701,66.97,299
1702,66.96,298
1703,66.95,297
1704,66.94,296
1705,66.93,295
1706,66.92,294
1707,66.91,293
1708,66.89,292
1709,66.88,291
1710,66.86,290
1711,66.85,289
1712,66.83,288
1713,66.81,287
1714,66.8,286
1715,66.78,285
1716,66.77,284
1717,66.76,283
1718,66.74,282
1719,66.73,281
1720,66.72,280
1721,66.7,279
1722,66.68,278
1723,66.66,277
1724,66.63,276
1725,66.6,275
1726,66.58,274
1727,66.55,273
1728,66.52,272
1729,66.5,271
1730,66.48,270
1731,66.46,269
1732,66.44,268
1733,66.43,267
1734,66.41,266
1735,66.4,265
1736,66.39,264
1737,66.37,263
1738,66.35,262
1739,66.33,261
1740,66.31,260
1741,66.29,259
1742,66.26,258
1743,66.23,257
1744,66.2,256
1745,66.18,255
1746,66.15,254
1747,66.12,253
1748,66.1,252
1749,66.07,251
1750,66.04,250
1751,66.02,249
1752,65.99,248
1753,65.96,247
1754,65.92,246
1755,65.89,245
1756,65.85,244
1757,65.82,243
1758,65.78,242
1759,65.75,241
1760,65.72,240
1761,65.69,239
1762,65.66,238
1763,65.64,237
1764,65.62,236
1765,65.6,235
1766,65.59,234
1767,65.57,233
1768,65.55,232
1769,65.52,231
1770,65.5,230
1771,65.47,229
1772,65.44,228
1773,65.4,227
1774,65.37,226
1775,65.33,225
1776,65.3,224
1777,65.26,223
1778,65.23,222
1779,65.2,221
1780,65.18,220
1781,65.15,219
1782,65.12,218
1783,65.1,217
1784,65.07,216
1785,65.04,215
1786,65.01,214
1787,64.97,213
1788,64.93,212
1789,64.89,211
1790,64.85,210
1791,64.81,209
1792,64.76,208
1793,64.71,207
1794,64.67,206
1795,64.62,205
1796,64.57,204
1797,64.52,203
1798,64.47,202
1799,64.42,201
1800,64.37,200
1801,64.33,199
1802,64.29,198
1803,64.25,197
1804,64.21,196
1805,64.17,195
1806,64.14,194
1807,64.1,193
1808,64.07,192
1809,64.03,191
1810,64,190
1811,63.97,189
1812,63.93,188
1813,63.9,187
1814,63.87,186
1815,63.83,185
1816,63.8,184
1817,63.77,183
1818,63.73,182
1819,63.7,181
1820,63.67,180
1821,63.63,179
1822,63.6,178
1823,63.57,177
1824,63.53,176
1825,63.5,175
1826,63.46,174
1827,63.43,173
1828,63.39,172
1829,63.35,171
1830,63.32,170
1831,63.28,169
1832,63.24,168
1833,63.21,167
1834,63.17,166
1835,63.13,165
1836,63.09,164
1837,63.05,163
1838,63.01,162
1839,62.97,161
1840,62.92,160
1841,62.88,159
1842,62.83,158
1843,62.79,157
1844,62.74,156
1845,62.7,155
1846,62.66,154
1847,62.61,153
1848,62.58,152
1849,62.54,151
1850,62.51,150
1851,62.48,149
1852,62.46,148
1853,62.44,147
1854,62.41,146
1855,62.39,145
1856,62.38,144
1857,62.36,143
1858,62.34,142
1859,62.33,141
1860,62.31,140
1861,62.29,139
1862,62.27,138
1863,62.25,137
1864,62.23,136
1865,62.21,135
1866,62.18,134
1867,62.15,133
1868,62.13,132
1869,62.1,131
1870,62.07,130
1871,62.04,129
1872,62.01,128
1873,61.99,127
1874,61.96,126
1875,61.93,125
1876,61.91,124
1877,61.88,123
1878,61.86,122
1879,61.84,121
1880,61.81,120
1881,61.79,119
1882,61.77,118
1883,61.74,117
1884,61.72,116
1885,61.69,115
1886,61.67,114
1887,61.65,113
