"Estimate","Est.Error","Q2.5","Q97.5","year_bp","elev_obs"
62.3199512893131,1.03994645541375,60.2862087290475,64.3161863524831,0,63.972
63.5367809178978,1.03454833055893,61.4992684666142,65.5562761815289,1,62.921
62.8843192171579,1.02989686932503,60.8493182352024,64.9147158487455,2,63.648
63.3389876173927,1.04063445122225,61.3155570919883,65.3971982718264,3,63.5
63.271428307306,1.00875482393643,61.2846999723254,65.2473108252885,4,64.262
63.8586811483219,1.03337199884978,61.8159568878797,65.9012849746356,5,64.811
64.3001401846321,1.0296829242092,62.2913171680395,66.280661050272,6,65.487
64.8436062447409,1.04267706375264,62.8030214813117,66.8564228123501,7,65.762
65.1100131726312,1.02900750797696,63.1128785365965,67.1405502930403,8,62.387
62.6828906257576,1.03403566423068,60.6144429357388,64.7063386508051,9,63.744
63.3943170277198,1.03170729093875,61.3789619126064,65.4069864252019,10,64.038
63.6769068606531,1.02825940836829,61.641725617082,65.676917130581,11,60.011
60.7717453346717,1.02193860826861,58.7650672583418,62.7838565750085,12,61.239
61.3878052332061,1.04135644732146,59.399319645689,63.4103865467277,13,60.647
61.0009899714819,1.02918157391166,58.9542770900954,63.003047119129,14,61.411
61.5233581121289,1.0246689829521,59.5061272368456,63.5362515860452,15,60.548
60.9170931083849,1.03603153791314,58.9095331658079,62.9588003419185,16,61.891
61.8559968505983,1.0418848209798,59.8307262980299,63.9005267854041,17,63.348
63.0076919371511,1.03134454518419,61.0135883491636,65.0028865459784,18,63.328
63.131106062093,1.03215527316033,61.0694715849148,65.1397517920793,19,64.268
63.8212754002179,1.01254244201817,61.8334770220627,65.8377901247476,20,64.685
64.1991878592141,1.0331337626059,62.1987628869727,66.2384809410436,21,65.734
65.0184617276187,1.02674791432925,63.0085154447504,67.0235016211887,22,66.733
65.8268318679668,1.02199937348321,63.8265172926382,67.8414003156996,23,64.476
64.2526028983319,1.03075488344336,62.2102143068621,66.2893904716598,24,63.729
63.5442521758941,1.04247555360087,61.5230674820948,65.6354215812023,25,64.36
63.9366183985068,1.04072406978338,61.8922746764632,65.9582066153008,26,63.77
63.5521731883182,1.03423633393438,61.5224215924723,65.5562761657796,27,64.179
63.8090407254386,1.03979185917761,61.7489776165829,65.8531351804288,28,61.302
61.7413386327636,1.02905998867004,59.6925083811246,63.7370477442703,29,61.121
61.379939630566,1.01717353699936,59.3877320927559,63.3705523911269,30,62.505
62.3441312736896,1.034543210285,60.3177835815382,64.3911980774941,31,62.562
62.4866471150426,1.0169708992295,60.4704341315821,64.4861014497381,32,62.611
62.5359129993243,1.03161327182398,60.5129198454676,64.5732483273387,33,61.565
61.7954854469441,1.03522272283363,59.7935881842352,63.8498096565162,34,62.674
62.5273353823486,1.0335466732334,60.4487411017863,64.5256787751348,35,62.584
62.5180915718513,1.03385062151708,60.493714721802,64.5282134742975,36,63.688
63.3482309159424,1.0426484382155,61.3200031880723,65.4252963844946,37,60.422
61.0498220437351,1.02954113660513,59.0331740793981,63.0535304079825,38,61.896
61.8814146511389,1.0179542502844,59.8716561121942,63.8945526749937,39,60.876
61.2360610813713,1.03689248259277,59.2051788465039,63.2508206521728,40,61.643
61.7074597276911,1.04414464260229,59.6875731501623,63.7136793515019,41,61.27
61.4868908271205,1.01785192955846,59.4839558414263,63.4758355744361,42,62.541
62.4023276841555,1.01705628674129,60.4067114733028,64.3837576009801,43,61.963
62.0630320720935,1.02222360206112,60.0635264600504,64.0896502459341,44,60.081
60.6611198866533,1.02514246427146,58.6357547517762,62.6815816160457,45,61.341
61.4307147609153,1.03269211547277,59.3880943690191,63.482658309041,46,61.972
61.9582321839701,1.03421502887641,59.9496957806299,63.9813256393646,47,63.052
62.8234946754095,1.04161300075465,60.8083368106483,64.830490080078,48,61.574
61.8126715978804,1.01791090941453,59.828642776545,63.8066100008699,49,61.414
61.5907603842737,1.03408150878241,59.5507775915018,63.6138026653199,50,60.317
60.7795473802306,1.03675371031605,58.7425803151147,62.829272195707,51,61.099
61.2463303561527,1.01982027005677,59.2434019791251,63.2596999825819,52,61.874
61.8757606072116,1.03703731565409,59.8754916391258,63.9128593640706,53,61.46
61.6485883409772,1.0322484337685,59.6401421114378,63.701022141329,54,59.017
59.8251532653296,1.0116966977866,57.8359052307951,61.8260817962312,55,60.303
60.5613102702685,1.02933796851405,58.5229678675054,62.5766373993451,56,61.543
61.5586756188719,1.02437019658417,59.5301341967568,63.5642424057991,57,62.204
62.1562216688869,1.0316926548698,60.1314423531824,64.1778477919427,58,63.55
63.1967035563409,1.02574754261073,61.2068659054002,65.1714087140875,59,64.437
63.9467869298091,1.03470984032033,61.9559637368173,65.9643838766159,60,64.618
64.1604216011963,1.02926444961613,62.1407926290459,66.2039884658964,61,64.852
64.3470416500619,1.0259629195131,62.3655928470269,66.3832767925205,62,64.848
64.403811381539,1.02337882715056,62.3654516795874,66.3927297992061,63,64.953
64.4629295239099,1.02977935432626,62.4322641951627,66.4633706249093,64,64.772
64.344084133314,1.02478972472882,62.3225557183532,66.3454542211118,65,62.793
62.8769480240586,1.0223995223233,60.834501999864,64.8505201618575,66,62.899
62.8240481912732,1.03909815121611,60.7936282948716,64.8720689400801,67,63.734
63.3820735738198,1.02388270347008,61.3494680910833,65.3697998396752,68,62.664
62.6727073687329,1.0340750303814,60.631935497742,64.7044624969745,69,61.28
61.5945142377722,1.03507938585777,59.5780232086073,63.6029734027572,70,60.552
60.954648433181,1.01819519670156,58.9666535910169,62.9604782040248,71,58.136
59.1263184940372,1.03117567267645,57.0975035973011,61.149182073735,72,59.547
59.9569672686785,1.03543191080881,57.9437257984608,62.0097209250599,73,60.58
60.8019796794466,1.03019618328234,58.8073244769719,62.803975238014,74,59.43
60.0484351669595,1.01881067721276,58.0724886476073,62.0047550945401,75,59.59
60.0777207420246,1.04151956011108,58.0532178178813,62.069561420061,76,58.931
59.589336422112,1.03971116933592,57.5611482524103,61.6375785782916,77,60.566
60.7363208057542,1.03285196247404,58.71028206991,62.7370688811972,78,61.808
61.76797419215,1.02750264141775,59.7764759011637,63.78262881412,79,62.164
62.1353182840707,1.01778619681529,60.1541163873784,64.1369013211752,80,61.915
62.0040690211505,1.01773583281751,60.038910420167,63.9531740976119,81,61.855
61.9413989173468,1.02423878885404,59.8898989155397,63.9218311318961,82,63.279
62.9721362033968,1.02585670308731,60.9224559845754,64.9762780239885,83,63.639
63.3594376008602,1.03875065697977,61.2727397894188,65.339649402498,84,63.75
63.4616700576343,1.02695511262224,61.4619703627893,65.4936976973979,85,63.852
63.5634457959594,1.02514386699363,61.5482352275188,65.6148963594208,86,63.997
63.6702150956852,1.02638883895863,61.6577621247885,65.7094795453435,87,64.296
63.9053699654307,1.04126042004647,61.8853902226902,65.9620671368241,88,65.26
64.6495115379953,1.02550383550211,62.6923978935416,66.6930536550458,89,65.598
64.9655050449627,1.01900622115707,62.9708938655692,66.9596676787599,90,65.697
65.0660741559787,1.03741708792192,63.0371606449348,67.1392485481377,91,65.214
64.7228658436953,1.02666431935492,62.7628467087742,66.7000676277318,92,63.84
63.6847621363246,1.03909128664924,61.698881615446,65.7149511059457,93,63.991
63.6806107490628,1.04368038921613,61.6568716676425,65.7173187381159,94,64.782
64.2719293727635,1.0363767295586,62.2223159581663,66.2916659281691,95,64.565
64.1694262928839,1.04018982027834,62.1558244336679,66.2240082868991,96,64.833
64.363930229134,1.03869988140794,62.3122585534562,66.3889039241085,97,65.078
64.5215628512226,1.03388515622502,62.5152447151446,66.5330809461573,98,65.337
64.7443292329602,1.0476302105616,62.7265405385807,66.7904121668349,99,64.262
63.9789027229252,1.0294896116117,62.0249903373799,66.020301751048,100,62.693
62.7624008645185,1.04947578618872,60.7504345501959,64.7771715263005,101,61.023
61.4105032920264,1.02195078053686,59.4409988600344,63.3854008918411,102,61.65
61.7501515859295,1.03396132873336,59.701932221004,63.8130043742657,103,61.846
61.929355550492,1.02077829928914,59.89725332251,63.9033478787299,104,62.719
62.5477389312753,1.03041149294941,60.5450215583556,64.5638380464057,105,61.002
61.3843261494355,1.01777663918315,59.3667277395997,63.3690306298187,106,60.939
61.2062079926638,1.02032409240253,59.243891748922,63.2375550356166,107,62.157
62.0629237684198,1.04081226925413,60.0096360237369,64.1107411489462,108,63.137
62.8676831497661,1.03107634846302,60.8554801652925,64.8808269649906,109,63.602
63.2993311764561,1.03553771714974,61.2221896572578,65.3329299073093,110,63.993
63.6403543976483,1.03335964898521,61.6690988272566,65.724914449531,111,63.527
63.3237057735988,1.05027184800892,61.2758782148801,65.3540811358789,112,64.056
63.6992570869858,1.02543339963332,61.6803969178611,65.6918288806551,113,64.295
63.9032240738368,1.03229307556265,61.886707543571,65.9226779502767,114,65.071
64.4987996742077,1.03782860766882,62.4769382482942,66.5176122774571,115,64.455
64.0876204339939,1.03609201785045,62.0871621670702,66.1236059117469,116,63.678
63.4893840015037,1.01964102773032,61.5078041234253,65.4601592532883,117,63.891
63.5951783117604,1.03986494176003,61.5850794925286,65.6546607827698,118,63.749
63.5011707541217,1.00448098300505,61.5461438523453,65.4728517382045,119,64.11
63.7637822571042,1.02260571809826,61.754184585723,65.7500271569111,120,63.857
63.5928841599426,1.03967676732861,61.6009384488638,65.6486521139129,121,64.057
63.7104253499898,1.01631676227822,61.7690188892757,65.7152785290025,122,61.313
61.7127021506984,1.03021493360193,59.665279542424,63.7219837513262,123,62.587
62.4777644923714,1.02549880952009,60.4172695543933,64.4660026789628,124,63.248
63.0123869030157,1.01996141028312,60.93738888248,64.9487759604956,125,63.424
63.2037772113423,1.0207232858292,61.2389928493759,65.205057312172,126,63.288
63.108027765099,1.01597642224559,61.1195575962309,65.140982751529,127,63.992
63.6440066573152,1.0309105035506,61.6492578779094,65.6658705028097,128,61.496
61.8378163051944,1.01341259157238,59.8914073223291,63.8533887385593,129,62.736
62.5686791036804,1.02872780895745,60.5582631134859,64.5918784058445,130,62.595
62.5527795628343,1.04154792007927,60.4743061469065,64.585169790659,131,63.35
63.0874084593364,1.04007848995603,61.0573792906646,65.1173114633729,132,62.952
62.8593750885395,1.03927115728897,60.7971011416177,64.8799279844314,133,63.666
63.3703889009249,1.02050021809289,61.3537950412395,65.3665784160439,134,63.376
63.1884715097901,1.02547084672037,61.1697861886325,65.1915846191525,135,64.487
64.0044568038981,1.02855281359639,62.0090915023134,65.9944934670068,136,65.457
64.7880010267349,1.02153597243813,62.7766965478266,66.8368989282535,137,65.651
65.0074697661482,1.03891506331306,62.9901187471428,67.0285331587502,138,62.972
63.0695653766701,1.01944271404454,61.0477986400032,65.0793087107563,139,62.688
62.6663996054295,1.03677323844495,60.6386554997679,64.7290253675596,140,61.466
61.7260650004518,1.02516488451509,59.6854787961921,63.7415803226228,141,61.345
61.5337163522677,1.02461517583776,59.5115773400893,63.537661817322,142,62.853
62.6447632052642,1.04399128090011,60.5516048861625,64.676968861163,143,63.433
63.1761179481087,1.03180148342116,61.1441192413357,65.1903928796559,144,61.984
62.1719543985666,1.0240334876753,60.196160452577,64.1796267404773,145,61.803
61.9383956225208,1.02753873212313,59.939364195303,63.9609211431798,146,61.154
61.4189785586831,1.05333749958158,59.3377003656759,63.4397481093954,147,61.448
61.5719080149633,1.02933482726179,59.5533468999873,63.6077490411632,148,62.14
62.1173956907946,1.02346417408296,60.0751605906609,64.0983616902617,149,63.19
62.9370041198206,1.03276425709389,60.8683017051074,64.943232761521,150,64.234
63.7864018436067,1.03784636409834,61.7309920870154,65.8240742697939,151,64.184
63.8415143818394,1.03586609056326,61.7649923827697,65.8632206992457,152,64.245
63.8921974708185,1.01255151443666,61.8947999887367,65.849014021354,153,63.161
63.1098450519789,1.03845039111487,61.0920857653226,65.1549650910156,154,61.497
61.8142998925041,1.02809451508539,59.7987979372655,63.8790908032725,155,61.896
61.972837975401,1.02823997401923,59.9939611857669,63.9798850292372,156,60.889
61.2546458131612,1.03382510764796,59.1902144417638,63.251847836226,157,61.179
61.3819667156371,1.02879950288808,59.3962248527529,63.4129631238131,158,60.609
60.964392794061,1.03249642005346,58.9172477921792,63.0017085738559,159,60.629
60.9556848166065,1.03827028203903,58.9271852655428,62.9975522251432,160,60.509
60.8514236510985,1.02066333115419,58.899010465668,62.9060784737128,161,61.406
61.4834962987986,1.03251149127069,59.4694608779168,63.5071417266582,162,62.863
62.6502327103379,1.02780304377559,60.6236919472792,64.6284254849136,163,63.978
63.5510287241905,1.02706028489999,61.53129645392,65.5402334652709,164,64.04
63.708511338578,1.03389545389929,61.6589926028216,65.7324413184882,165,64.877
64.3531898647332,1.02239613182484,62.3272344248905,66.3532096195341,166,65.03
64.5256433770427,1.02075975207975,62.5174514264644,66.5534296331218,167,65.008
64.5001335549575,1.03612304959642,62.4629485902082,66.5166695428763,168,63.959
63.7772280853521,1.02540986168846,61.7620434605704,65.7576512766429,169,63.828
63.5794943384862,1.04704181674665,61.4853895066325,65.6139043640734,170,64.252
63.8823704074462,1.04368456608634,61.8077440132872,65.9354706058972,171,64.734
64.2447371978789,1.03319830116602,62.2382152945019,66.2637370135812,172,65.663
64.9787869846334,1.02327738830281,62.9853937727447,66.9568597457644,173,65.889
65.1984563501496,1.02802303303313,63.2046988491964,67.2464486175222,174,64.871
64.49095193782,1.03961288703993,62.4439724522953,66.5038310776604,175,64.824
64.3805111809804,1.00734654515615,62.4334639935383,66.3799821837338,176,63.881
63.6629270302937,1.02952154870384,61.6421612946913,65.7103811730697,177,64.721
64.2399378609852,1.02742752925603,62.2423839695908,66.2663055670629,178,63.716
63.5496365835474,1.02650579742709,61.5086310384066,65.5867615190418,179,64.261
63.9039066601034,1.03512993931317,61.8467393411445,65.8814059824588,180,63.766
63.548447100117,1.02597522243229,61.5470360795054,65.5699418592899,181,60
60.7704898044135,1.02879898386863,58.7396113304281,62.7790691967762,182,61.07
61.2481462055344,1.03630370687007,59.2273480840484,63.282448718098,183,61.989
61.9558021454741,1.03849567447995,59.8871582792422,63.9580027931985,184,62.914
62.7212452253655,1.01866593036974,60.7310538236021,64.6880738850685,185,62.613
62.5748761671742,1.039717511842,60.5444031699044,64.6793249151997,186,63.61
63.3030820091282,1.03128527254342,61.2994624448898,65.3003682482363,187,63.458
63.2522864410262,1.03400525647028,61.2106951808445,65.2821101138956,188,63.169
63.065189725626,1.02121851622977,61.0807457031583,65.0835476597493,189,62.855
62.8170119425499,1.02602656912816,60.8076336897629,64.7772955560316,190,61.913
62.1009635631131,1.02576808606985,60.1093274924903,64.1072176046063,191,61.633
61.8023476285159,1.03478336813385,59.7913740795227,63.8354761386848,192,61.158
61.4266750473595,1.02345823847238,59.420525472249,63.4269478010585,193,61.768
61.8572467597101,1.03994574403236,59.7774488194867,63.874863843132,194,62.717
62.553948746993,1.03428590483125,60.5290247359791,64.5700269383106,195,61.481
61.735234236195,1.02877660900529,59.6862369937316,63.752508418418,196,61.304
61.5226999848939,1.02490213381856,59.5139871641355,63.4852251387848,197,62.576
62.4384623560357,1.01852075441381,60.4512997434186,64.4026054705075,198,62.738
62.6389694806674,1.04315659761093,60.5792765993857,64.6974988688285,199,63.911
63.5491013930649,1.02511504781527,61.547487931308,65.5638583024149,200,64.551
64.0852196765399,1.03708786657873,62.0305723352141,66.1048061349643,201,64.856
64.3481977219556,1.025921178798,62.3518165314908,66.3684736477746,202,63.888
63.6907105707976,1.00524497179656,61.7053733245866,65.6281305434851,203,64.534
64.0929547191508,1.02508769366807,62.0542285431728,66.0754691238115,204,64.454
64.0706517457036,1.04044860240863,62.0116163647586,66.0949713181223,205,63.834
63.6356592649456,1.01488608185838,61.6882467293346,65.6067623485271,206,64.87
64.3392450900149,1.02445874664253,62.3518250847835,66.3822965174056,207,64.149
63.8950542701405,1.03505058401851,61.8945277278549,65.8987744223354,208,64.269
63.9344552358648,1.04855386670972,61.8377781799053,65.9698924664352,209,63.59
63.4376549316908,1.01983702175022,61.4383255973252,65.4447936902895,210,63.664
63.4270593637671,1.02988428834295,61.4108703987426,65.407906214754,211,64.521
64.0624656690529,1.04252597042762,62.0382941291809,66.1290420318093,212,65.468
64.838034458787,1.03667217883479,62.793085866836,66.8615603487332,213,65.919
65.2477804810706,1.02740788932547,63.2316003763601,67.2089420543851,214,64.964
64.578535861665,1.03843412402451,62.5126699705148,66.5920354912125,215,64.737
64.3362601548378,1.03285252595652,62.298345629577,66.377708513156,216,64.13
63.8934873566198,1.03036205953357,61.871567559016,65.9173414653313,217,62.863
62.9045177020942,1.03388174795569,60.907305588371,64.9096318313805,218,63.698
63.4116637325347,1.01429918726559,61.444364240091,65.4427933040075,219,62.777
62.7967281028495,1.03323692329825,60.7579055975731,64.8090079522349,220,62.931
62.8556176391367,1.04716258721786,60.7878260298331,64.895701174659,221,62.681
62.6690101841938,1.01508535465629,60.6603685683477,64.630792236771,222,60.138
60.7838302108213,1.03161177641561,58.7924283171585,62.828561921996,223,60.358
60.7560487853832,1.02664689312299,58.7091418956744,62.7549939003172,224,61.391
61.4976763055272,1.01320678895898,59.5354543569779,63.4727956925569,225,61.336
61.527047288796,1.01875175619086,59.5490824642146,63.5546003956321,226,61.269
61.5031125959641,1.01954854232474,59.5053694201745,63.4630112008648,227,60.979
61.2726721478878,1.03163527852144,59.2534091310595,63.3246202428548,228,60.721
61.064084819917,1.03039424080602,59.0551261548952,63.0895267676877,229,62.494
62.3289004348251,1.03667809147851,60.2776739145024,64.3965299123191,230,63.578
63.2878944691831,1.02606478270402,61.3303630045693,65.3107642402661,231,63.259
63.1358052646139,1.02141931160498,61.1659366710394,65.0954423781403,232,63.409
63.2192359732963,1.02915619867252,61.2146188329382,65.2706708014307,233,63.556
63.3581721533127,1.01675449320445,61.3798372811259,65.3833256214033,234,63.923
63.6288670869176,1.02953625069542,61.6278576348668,65.6782262151569,235,62.468
62.5720447405242,1.02967290724277,60.5091915966502,64.6389178102798,236,63.226
63.0397032070937,1.03770600483391,60.9812184678525,65.1083016261454,237,63.068
62.9706402037985,1.03497422670255,60.9440738809637,64.9996756706127,238,63.106
62.9845488584966,1.03426103685938,60.9511872294403,65.0250788185413,239,62.853
62.7891771955804,1.04216597768491,60.7822654081151,64.7904849551683,240,59.671
60.4407463069443,1.03190121804419,58.3927456405043,62.4303582204225,241,60.934
61.1177619433396,1.02449085460939,59.1129807358849,63.1449439048035,242,60.816
61.1184608128589,1.02310816630603,59.1053185446045,63.0745604066547,243,61.174
61.3843023958304,1.03191766938673,59.397142261976,63.3837295314005,244,61.536
61.6481317169791,1.04164455629315,59.6137608008202,63.6767656025751,245,61.108
61.3881467966517,1.03705721576468,59.3915991911599,63.4622900309915,246,60.238
60.7241618548748,1.05077440428969,58.6293046813653,62.7325862787554,247,60.619
60.9311859748173,1.04042624081696,58.9308409671736,62.9948840916865,248,59.659
60.2584113148404,1.02338800080509,58.2903899452557,62.2525652462914,249,60.372
60.6917265900039,1.01810382194586,58.7113213631234,62.6869653586217,250,61.752
61.7544587136625,1.03480452914798,59.7233672416173,63.8191663461201,251,62
62.036357099432,1.02423858834193,60.0215343104673,64.0346841697772,252,63
62.8006070513098,1.01390626738121,60.7999099426032,64.7479719630309,253,63.505
63.2660946528046,1.03086846239562,61.2518072340836,65.2930277317409,254,64.182
63.7941125129262,1.02344927557959,61.7743762649127,65.8081351845826,255,64.802
64.3138270993331,1.03322305817724,62.2614173945638,66.3163750536598,256,65.102
64.5955675278114,1.0227977333168,62.5701254820084,66.6255716128033,257,64.977
64.5263507252147,1.03919839146259,62.492098966431,66.615771296053,258,65.921
65.1957202465508,1.02162228127892,63.2540965481816,67.1741745684682,259,65.736
65.1497846835063,1.03498150364076,63.1327268729274,67.1722879608281,260,64.942
64.5758162777956,1.0299538629098,62.5287765159629,66.5912268179962,261,63.726
63.6196353788859,1.03433267556909,61.6097462629501,65.6167135112514,262,63.877
63.6231275644297,1.02323995685981,61.5829188737852,65.6102911814491,263,63.186
63.1113623552646,1.03406612856634,61.0784516516108,65.131784735683,264,63.236
63.097055670662,1.04492243786792,61.0075211487858,65.1147626547833,265,63.02
62.9477606035943,1.02442896575192,60.9650906455109,64.9465472726638,266,61.511
61.817051938414,1.03356221066718,59.7848621732477,63.8272809613123,267,62.955
62.7592392196951,1.03556618892353,60.741898527979,64.8556937513962,268,61.141
61.5150942163677,1.03859581792386,59.4639081131929,63.5468916070861,269,62.419
62.3256357372429,1.03094956635322,60.2709953514915,64.3689226424969,270,63.033
62.8680143672974,1.02410381562696,60.8277198618091,64.8513997854684,271,64.044
63.6494296286284,1.03341738929231,61.6477784728379,65.6794095753283,272,63.217
63.1233326571023,1.02681711401874,61.0926644463278,65.1388698439276,273,64.236
63.830721942136,1.04109329223995,61.7724760570275,65.8547198831406,274,64.103
63.793291214498,1.02798023652172,61.7664384974242,65.779871852673,275,64.212
63.8754367485669,1.0387611154902,61.8635090276734,65.9058638728108,276,62.317
62.5146558891222,1.01896694194221,60.4564981390456,64.5110172768397,277,63.585
63.2779157748638,1.02290684199576,61.2517637198758,65.2679999616083,278,64.411
63.9633709260156,1.01714615182909,61.9782775233508,65.9772542326742,279,63.747
63.5475736518891,1.02621684107702,61.5685884433074,65.5656423489353,280,63.569
63.3790741677117,1.0002609941531,61.4069241724913,65.334084611097,281,62.91
62.8771128549974,1.03506511767992,60.8276374134596,64.9351161461272,282,63.455
63.2438326449336,1.02590060410355,61.2387748960096,65.2513908623299,283,61.476
61.8342539332994,1.03785720606279,59.8050361550715,63.8651217684823,284,62.059
62.0954862524256,1.03015650379284,60.0389922811404,64.120328799576,285,63.408
63.1068245133272,1.02091173196275,61.1280094101408,65.1138722419302,286,62.653
62.6545161118699,1.03609890701721,60.6753144534733,64.7032164663699,287,62.569
62.5627346848676,1.03320045348416,60.5429358124703,64.6190054495369,288,61.937
62.0701907314198,1.03461313860842,60.0361859003865,64.096250671474,289,61.292
61.5619868795615,1.03461141758759,59.5182873281065,63.585459668566,290,61.305
61.506691459212,1.04594534472321,59.4693188405348,63.5677968201662,291,61.387
61.5751624833735,1.03200009639005,59.5636716958771,63.5788722715178,292,61.103
61.344868586287,1.02645708979886,59.3364287791663,63.3551977712271,293,61.46
61.625193928372,1.0256969234362,59.6659438409167,63.6415558419395,294,61.24
61.4920332178218,1.0180626071083,59.5199261074133,63.5060738522344,295,60.421
60.858664903388,1.04299624985606,58.8279355817939,62.9286435242314,296,61.984
61.9307920197756,1.0065823136404,59.9662496194063,63.8677595190946,297,61.437
61.6547878584734,1.0276658967007,59.657453724052,63.6607055359545,298,62.521
62.4218088482739,1.02972510775354,60.3937236561267,64.4213932937277,299,63.452
63.1629290683114,1.02732195464,61.166631806104,65.1788337501194,300,64.216
63.7929972587554,1.03626619922542,61.7678753451507,65.8005464707004,301,64.284
63.9042807840597,1.02995365404947,61.8987803769081,65.9553043088638,302,63.867
63.6598259601129,1.02798175826011,61.59985745237,65.6110949875783,303,64.901
64.3572939890424,1.0149293198372,62.347104184157,66.3064967954385,304,63.414
63.3391773114422,1.0383657466041,61.2865847897595,65.3536441360576,305,64.473
64.0245877752038,1.04056881705938,62.0203893741504,66.1071506054134,306,63.937
63.695785739668,1.04897347426313,61.5815471946875,65.7265725797784,307,63.591
63.4055158874874,1.03326422662588,61.3323527237087,65.4172307363038,308,64.326
63.9264164917693,1.037603227808,61.8676227936609,65.9345467790763,309,63.902
63.6490879117915,1.03838932054964,61.6349324770723,65.6866367973919,310,63.218
63.1262638367775,1.03038655119518,61.13064786574,65.1446632275044,311,63.581
63.3411753834191,1.03415789471648,61.3369213092685,65.3937954347582,312,63.556
63.3525278900437,1.04157573106901,61.288001717967,65.3750833754379,313,63.535
63.3365351365707,1.03294881970067,61.2511890655884,65.3524652131189,314,62.451
62.5386812375464,1.04006655993838,60.5349880566164,64.5838507486496,315,63.432
63.1888562609977,1.0188726670657,61.2084800566829,65.1638847545402,316,64.167
63.7600069195225,1.03753901222804,61.7584325898007,65.7957075052455,317,64.595
64.1743193317553,1.02871710510122,62.1973713821177,66.2151883359224,318,64.638
64.2163842261933,1.04062643489168,62.1630226724649,66.2542056544496,319,63.701
63.5519764066919,1.03470251711721,61.5356956799648,65.6232129768247,320,64.543
64.0759767694956,1.03319048716498,62.0718409053568,66.1299918819673,321,64.508
64.1387983581848,1.04556503926432,62.0580930184934,66.1746436705642,322,65.022
64.4869591385025,1.039600638175,62.4731584068055,66.5414200331174,323,65.174
64.6533580438378,1.02439475639958,62.6065993800334,66.6968406442133,324,64.208
63.9490758714799,1.03850490819774,61.9596552045749,65.9920350823966,325,64.662
64.2292891598803,1.02224942503217,62.2004438001267,66.2261794657209,326,63.44
63.3738839860552,1.03390977760611,61.3931827024499,65.4255490233482,327,63.127
63.0400228369905,1.02580837936935,61.0281175430996,65.0387698274549,328,62.723
62.6834186758625,1.03801168003965,60.65471707318,64.7380138092417,329,61.929
62.0893573304754,1.03234283192915,60.0753611138203,64.1193960024773,330,63.039
62.8321365632583,1.04200368589321,60.7787715360279,64.9018726699286,331,63.757
63.4260583455739,1.02391276660293,61.4176868161685,65.4294917729602,332,62.083
62.2689422200533,1.01917508790322,60.2545644582481,64.2997711575939,333,62.475
62.4718893598943,1.01605636618049,60.4805453019655,64.513521032992,334,61.261
61.5707135991258,1.04184872741723,59.520419978875,63.5859111498015,335,59.129
59.9380432032518,1.03621380225273,57.935792743385,61.9977306829902,336,60.766
60.949512454949,1.03244221298832,58.8717512795049,62.9455626901668,337,61.354
61.5023756994386,1.02650517735857,59.4406656630329,63.5227095308322,338,61.462
61.6075975661478,1.04058094447949,59.5420423031256,63.671696162492,339,62.237
62.2080817008126,1.02187421786036,60.2077787658605,64.1856201146927,340,62.776
62.6496793953088,1.04157030092892,60.6191086302583,64.6943916567075,341,63.483
63.2074438118034,1.03270558194357,61.2332323717276,65.2220526543774,342,63.19
63.062742218172,1.02724647129273,61.0416881172566,65.0759128904375,343,63.947
63.6231751376367,1.04324728030272,61.6054081108274,65.6993363259557,344,64.071
63.7507598793389,1.03193968470624,61.7345141832093,65.7761238289605,345,62.278
62.4520940677915,1.02101665932285,60.4444826989341,64.4721935911634,346,60.813
61.2519530651309,1.014606743965,59.2389501902131,63.2856471269338,347,61.024
61.2869405776528,1.02169149819318,59.2931285207175,63.2763617186459,348,61.627
61.7352175885954,1.04015984408828,59.6773620708371,63.7624933912874,349,62.21
62.1956190302888,1.0206263945372,60.2311641663366,64.1931260450206,350,60.226
60.772145631678,1.01951675905874,58.7973434642572,62.7301915650635,351,61.837
61.8383019194914,1.01937640072773,59.7961567655527,63.8084357498933,352,63.345
63.0511807445429,1.03270905515795,61.0257947445442,65.1262663569242,353,64.219
63.7998223948568,1.03605018148861,61.7790304616659,65.8636256442017,354,64.786
64.2828426921568,1.03012294667889,62.2936475949634,66.3173962754681,355,63.988
63.7751692270457,1.02105664808514,61.7774622574574,65.7957654134891,356,64.522
64.0997638922733,1.03836371131509,62.0499527830269,66.0975231889604,357,62.413
62.5740910950781,1.02985238619686,60.5734677356028,64.5872607729434,358,62.409
62.4424420791578,1.03150704987491,60.4263808040448,64.4093558195218,359,62.563
62.4996805399145,1.02375641489685,60.5274181029842,64.5133641666832,360,62.979
62.8507369185029,1.04785991297633,60.8154662271948,64.8868113665889,361,63.901
63.5509944920427,1.02598491733946,61.5147555185121,65.5453912614096,362,63.463
63.3130893027383,1.0196075543352,61.3014452460975,65.2657940652856,363,63.697
63.4637153799115,1.0370532699859,61.4291474503452,65.507895711592,364,62.538
62.6315546399634,1.02616172889354,60.5867207424415,64.6406848767466,365,61.881
62.0603325421232,1.02894634336031,60.0205306284503,64.0530515668585,366,59.49
60.2403713770408,1.03417059214282,58.2117164011483,62.2906466401824,367,59.996
60.4019079219827,1.01647968383792,58.382940153707,62.4116383212751,368,59.905
60.3822372076242,1.02889962850986,58.3867857072415,62.3782087634755,369,61.297
61.3733533852723,1.02162705095812,59.3995592104876,63.3792436595927,370,61.801
61.8514282102796,1.02010599475525,59.8251959229837,63.8497352349039,371,59.531
60.2456404228778,1.03227093853075,58.1979623699211,62.2814006863137,372,60.492
60.788657329538,1.0450408867412,58.7371202476842,62.8273651716846,373,59.144
59.847057205733,1.02041316219904,57.8368289896891,61.8639093053279,374,60.053
60.4228456960054,1.02362637166151,58.4375438015839,62.455773081954,375,61.624
61.6356188456473,1.02552329293616,59.6713842741259,63.6220298707303,376,61.52
61.6933465677394,1.0405152942532,59.653932375791,63.7427050908508,377,62.201
62.1870861511065,1.01832988485517,60.2220098348535,64.1978037529594,378,61.825
61.960686596136,1.03079082252859,59.9324367209992,63.9904324866409,379,61.821
61.9375898224942,1.02784821093629,59.9728971398879,63.9701415337441,380,62.912
62.7328117104134,1.03675425475659,60.7090364311546,64.7582593210363,381,61.737
61.95270523856,1.02629670446578,59.9574490713993,63.9972187435937,382,62.484
62.4297782216169,1.03509850513354,60.4090203166055,64.4348551210588,383,62.023
62.1237469053337,1.04013861281565,60.0586046550263,64.1687846056494,384,62.98
62.8004158551887,1.02378665093368,60.7775667104227,64.8147159272167,385,63.939
63.5673070443665,1.03692946028255,61.5657735035839,65.5765586936431,386,63.672
63.4595465078903,1.01963470467184,61.5004726185195,65.4841966984044,387,63.904
63.6079243405641,1.03080551169963,61.6041622788207,65.606148919857,388,64.908
64.3816621734903,1.03976947424535,62.3209073126041,66.3777028319495,389,64.193
63.9311676587787,1.02895950740763,61.945015915,65.9447123204999,390,64.116
63.8411863509209,1.02710153532217,61.8228830166471,65.8186291067614,391,64.307
63.9620777354783,1.04289975743398,61.9207233653836,65.9942257147393,392,63.283
63.2126292083024,1.02126167630456,61.2185273769884,65.2002395755077,393,64.631
64.1423231627257,1.03417426402621,62.1191542894142,66.2112625357222,394,65.129
64.5884246868291,1.03553178402268,62.5095714460499,66.6078653908024,395,65.359
64.79631732493,1.03238606985499,62.7425132168865,66.821648271387,396,64.638
64.3287001144285,1.02357365197497,62.3221564260242,66.3352268089628,397,64.926
64.4410799007842,1.04656616979975,62.3761648752007,66.4649045167804,398,64.197
63.9459400942135,1.01521440203136,61.958432798476,65.9158968267905,399,64.925
64.394502690951,1.02721228882772,62.3624318131211,66.3986197572833,400,65.079
64.5925362620978,1.03544052110793,62.57059279795,66.6317383370534,401,64.778
64.39072753079,1.03981857334269,62.370928235169,66.4159680321874,402,63.934
63.7610004934327,1.03651986714489,61.7187110324606,65.8204550415981,403,63.881
63.6520249217911,1.03550936632095,61.6404465781548,65.6651561493074,404,63.909
63.6663506504775,1.03896040419334,61.6149708611638,65.7001411831974,405,62.655
62.7400624224941,1.04066731238296,60.7296289279554,64.7819818311775,406,63.677
63.4025724538633,1.02786576668506,61.3835373625757,65.4193183001562,407,62.49
62.5752025551295,1.02137538356595,60.5701974690717,64.5983648907209,408,62.452
62.5011595747579,1.02177488935376,60.5141174571728,64.5087897266425,409,63.682
63.3659985048209,1.02059100454792,61.3732365968298,65.3749786807157,410,62.397
62.5389363457784,1.02495496605831,60.5561285650438,64.5525181853568,411,63.654
63.3543884877883,1.04258316796367,61.2882242525722,65.4046997266625,412,63.353
63.235799676434,1.03757822498034,61.1613071997857,65.2737528709997,413,63.345
63.2016513730451,1.0251194927947,61.1921030725762,65.2035270959425,414,64.45
64.0022920018152,1.03525577876146,61.9457223003656,66.0309248674166,415,63.761
63.5942481208752,1.02354973643402,61.575698194403,65.5633042048671,416,64.802
64.3097910983901,1.03080267200762,62.2882490167278,66.2903319184218,417,63.315
63.2755183372751,1.03227265711148,61.2709603219431,65.3296145821002,418,63.285
63.1630414192577,1.03370517897671,61.1507065789854,65.1900872728203,419,62.29
62.4163409839053,1.04060370577876,60.3777037575114,64.4636851865677,420,60.767
61.2469236557044,1.03394890697238,59.213228911454,63.278323289351,421,62.47
62.3383506276899,1.04617090470616,60.2518883619235,64.3924813557123,422,62.878
62.7701977271664,1.01698921665633,60.7450556058258,64.7629470731338,423,62.483
62.4979850857441,1.02802594048686,60.4945162289764,64.5208117388788,424,62.122
62.2185303230022,1.05089062778844,60.1530095353591,64.2863223026537,425,58.848
59.8175378831988,1.04148446359634,57.7818546194697,61.8545441364613,426,59.577
60.0818811417362,1.04072225946714,58.03081791786,62.1186133700818,427,61.228
61.3175178531713,1.02738084177064,59.2837238312599,63.3108627447412,428,61.23
61.4543487909019,1.03437581076254,59.4053553093757,63.481787479514,429,60.373
60.8422243204049,1.02794629869713,58.8053483770507,62.8622942080519,430,61.085
61.2731323839228,1.02470072463215,59.2709144920364,63.3083278224462,431,62.228
62.1844361435284,1.02183153067925,60.1534678584043,64.1948593407936,432,61.718
61.879238803099,1.03250801929847,59.8692906810645,63.9403685631926,433,61.472
61.7051820248506,1.0230033132378,59.7194364527814,63.6988693101129,434,62.145
62.1463353147161,1.02590103256437,60.1373990720295,64.1316802776297,435,63.536
63.2237356387019,1.01464586377699,61.2249829277137,65.2019808310564,436,64.227
63.8317547327173,1.03556013634786,61.7826773531293,65.838135876532,437,65.31
64.6811020255237,1.0200830193776,62.7211283744898,66.6978727939755,438,64.738
64.3682470174838,1.02373440153707,62.3543241737878,66.3873175452021,439,64.735
64.3385560569528,1.0415078014198,62.3093737652487,66.3779863157072,440,65.158
64.623421235509,1.01867989232712,62.6178676599856,66.614758240883,441,64.706
64.3165814255356,1.02531590120237,62.3443904312061,66.3420791246646,442,63.841
63.6815980236787,1.03426475467215,61.6717518838338,65.7228715581749,443,64.036
63.7542498369687,1.02404337713662,61.7701589107449,65.7153903540457,444,64.036
63.7591601517738,1.02914248603204,61.7242428224706,65.8034962683879,445,64.587
64.1619974295092,1.02571420992349,62.166546440719,66.1853476791671,446,64.636
64.2441771217258,1.02994926271415,62.2544370829344,66.2842635478586,447,64.783
64.3482282297377,1.05004439445127,62.2778972346502,66.3964894692285,448,65.023
64.5528397370042,1.02891322292954,62.5317349604818,66.572383325861,449,64.027
63.8063620237657,1.03266797792694,61.762500503211,65.8313990315513,450,63.263
63.1837485280933,1.02680017866982,61.1592176530842,65.1959306842578,451,63.4
63.2384187519409,1.02812163719076,61.2285052159256,65.2990516028975,452,64.111
63.747402825594,1.02919168523708,61.7548120996364,65.7575841543356,453,63.445
63.3181465411886,1.02892696404372,61.3197329339086,65.3482600914555,454,63.617
63.3813063906134,1.02195038631035,61.3377704215616,65.3767071274491,455,62.501
62.581808071196,1.02859047815219,60.5959465683344,64.5739833466069,456,61.714
61.930984182908,1.02920621379532,59.8979720526002,63.9292805162309,457,59.244
60.054338094036,1.04502351030254,57.9784644307528,62.1010413012862,458,60.735
60.9465862284272,1.03996327437689,58.8916724442892,62.9654698403298,459,61.516
61.6200294644157,1.03163538792171,59.5811001506512,63.6093626665576,460,60.957
61.2828528333893,1.03463088361567,59.2633736997852,63.3193010842761,461,61.557
61.6797331797957,1.045377529867,59.6518987498103,63.7218138595177,462,62.403
62.3434090325118,1.03172837472235,60.3272693869505,64.3256351376517,463,62.249
62.3179635619345,1.01959996876638,60.3233809608413,64.3129602654052,464,63.139
62.9379509666328,1.038584155435,60.9019835622662,64.9431208947266,465,64.062
63.6693660760541,1.03927438020324,61.6449015764654,65.728764098976,466,64.811
64.3036743562321,1.03398998261283,62.3034186237352,66.334998565619,467,64.206
63.9246477457905,1.01775744165089,61.940614684498,65.9295887253036,468,64.187
63.8656378802292,1.03117861945433,61.8432012510579,65.8964624538905,469,64.341
63.9623748718789,1.03166604204479,61.9190892213574,65.9702984428629,470,64.026
63.7511012790815,1.04439007425575,61.6909487496348,65.8304167752729,471,63.151
63.1097504525448,1.03322434970258,61.0964676249939,65.1602790336416,472,61.839
62.0814328871196,1.0288232420772,60.0777549761268,64.091864822888,473,60.995
61.335594650139,1.01635414847208,59.3051036241579,63.3308153082024,474,62.475
62.3464540923345,1.01809515038949,60.3751214311204,64.311833183294,475,62.69
62.6108682817412,1.03613453830509,60.5437887454784,64.6296796408178,476,61.076
61.458747557982,1.0356725298698,59.4149741217431,63.5063352190824,477,62.593
62.4599029626059,1.04847011045724,60.3854709340667,64.514383325237,478,62.994
62.8445558883495,1.0237375929159,60.8100881652806,64.810517674331,479,63.48
63.2390388124267,1.03211627856167,61.2190519486796,65.24374820295,480,62.598
62.6570444654655,1.01757344889919,60.6431070834982,64.6396699055182,481,62.908
62.795375360142,1.01947545596452,60.7774208301678,64.7474278101213,482,60.091
60.7737481514434,1.03008215117858,58.7394130004539,62.7991963695746,483,60.176
60.6192858048976,1.0331209383763,58.5483616733565,62.5893673086064,484,60.787
61.0408967646378,1.04856769478721,59.0020664301995,63.0610109424501,485,62.168
62.1066078968199,1.03736650437798,60.080472765203,64.1564367981357,486,62.024
62.1026663411467,1.02047726624588,60.1141056926935,64.0980034644082,487,61.859
61.9973773956953,1.03138821954876,59.9845219260174,64.0297016994757,488,62.765
62.6370388351519,1.02113648084444,60.6247739819803,64.6388850621179,489,62.662
62.635001700613,1.01969943735565,60.607769585206,64.6378006477527,490,62.321
62.353928474116,1.02270647543452,60.3785514350629,64.3341254125092,491,62.972
62.8143239126257,1.02393357576815,60.7786930407439,64.8095828384499,492,62.984
62.8926168005224,1.03355036219315,60.9129419325465,64.9801789754915,493,62.647
62.6454722979307,1.0397685944131,60.5649230911405,64.6910350461982,494,62.324
62.3547468738785,1.02985196704465,60.3797967581405,64.3621131525545,495,62.433
62.4391173223357,1.02869830274024,60.3920636177773,64.4576595063064,496,63.314
63.0733674606032,1.03602714652661,61.0819381921195,65.1115316893267,497,61.156
61.5612529452661,1.01793576697395,59.5278496606749,63.531783397338,498,60.208
60.7241666593885,1.03463219231184,58.6876781583604,62.7332332570603,499,60.242
60.6524256297764,1.02719099824491,58.6433334823229,62.6842569277609,500,60.343
60.7013049056649,1.01783250007957,58.7093617229268,62.6960170290716,501,61.192
61.3451451360966,1.02875022248068,59.3401554186965,63.3800060999685,502,61.678
61.7520682332999,1.01999210211802,59.7524133571472,63.7566258649902,503,61.203
61.4592915590857,1.01795985016822,59.4234442537359,63.4427659320613,504,60.837
61.1527211130296,1.02600187547872,59.1343835371363,63.2045810531875,505,58.927
59.7227625023165,1.02066724768298,57.7214759231369,61.7383851198243,506,60.146
60.4824122966786,1.0332960054161,58.4841610954817,62.5053170930127,507,61.515
61.5541559663352,1.02228577154774,59.5230084204489,63.5323948858077,508,61.044
61.3298359925965,1.02919957043061,59.3197580316687,63.3349583853396,509,62.643
62.4885873444334,1.02699610030244,60.4649138236198,64.503139416565,510,63.72
63.3793595816861,1.02620025374709,61.3499443824266,65.3877385247107,511,64.08
63.740420705779,1.03322793199401,61.6950618303841,65.7133066638259,512,64.117
63.8056975338634,1.01603897928855,61.7934451108579,65.8122526065004,513,62.529
62.6538992735818,1.02498623819347,60.6151644611066,64.631997283623,514,63.94
63.5559031261069,1.02985075457256,61.5070146145017,65.5562987525979,515,63.893
63.6151701753802,1.03397232892552,61.5571668505562,65.6303158022795,516,63.752
63.5285897872281,1.03022435652403,61.5265961061103,65.5362342286779,517,63.655
63.4475448065997,1.02662952681558,61.4436857509573,65.4531726679814,518,63.435
63.2903586095805,1.01824781147495,61.2994308860323,65.2884940183789,519,63.491
63.2985874124118,1.03242889119865,61.2435680818792,65.3509882171609,520,63.58
63.353559428986,1.0504481896154,61.3120748457417,65.4562498472279,521,63.595
63.3914735789075,1.0361682023695,61.3854155338207,65.4209188013821,522,61.857
62.1158011296833,1.04307147551348,60.065866987492,64.1217382919386,523,61.489
61.7236105516353,1.01352850966425,59.7638268660589,63.7411569819073,524,60.785
61.1685582445772,1.02908162883473,59.1560995422112,63.1984023103745,525,60.154
60.6336981867128,1.04401972536106,58.5971303711379,62.6583782317009,526,61.757
61.7715985960056,1.03380677152906,59.7682747401058,63.8166649410619,527,62.519
62.4297696269159,1.03989336446662,60.4129585491654,64.4690996231164,528,63.39
63.1328394785744,1.01061017279546,61.159801278366,65.116881573266,529,61.939
62.1412388833284,1.04597370914057,60.0883553482617,64.1769644283553,530,62.229
62.2530660191605,1.02157903046963,60.2789264075319,64.2206011657476,531,63.609
63.273069901182,1.03980310791285,61.2135701333657,65.2862427093229,532,63.527
63.3129450475371,1.03639334524636,61.3505066829395,65.3657851200291,533,64.295
63.9047741893701,1.02334163118591,61.8887431510886,65.8991444746376,534,64.166
63.867930333326,1.03536133932334,61.8154446426643,65.8810716704264,535,64.923
64.4094795350051,1.01083373391208,62.4450110224054,66.386529712064,536,63.324
63.2957962879606,1.03568299532819,61.274371063594,65.3339039380633,537,61.056
61.5480815279136,1.0284468871725,59.5719296667321,63.5588035692053,538,62.554
62.4410527917681,1.03288292469009,60.4013113856053,64.4607249655938,539,61.299
61.6087098160656,1.03112085625094,59.5692089865088,63.6015544056471,540,58.921
59.8071300859869,1.03996651777489,57.7733703303993,61.8310631799983,541,60.527
60.7813227391428,1.03542390890006,58.7541025261384,62.7734345877726,542,61.315
61.4496293397648,1.02952265756223,59.4359378264537,63.4601110901203,543,61.629
61.7397720974312,1.0275293851635,59.7597337242907,63.8117045767912,544,60.182
60.7161256910986,1.0379282922756,58.7368645755833,62.7282060908196,545,58.672
59.5053876007688,1.02973697355582,57.4867202482552,61.5274683095373,546,59.333
59.8834734256368,1.04048760613697,57.8543523877766,61.9311899348205,547,60.132
60.4864485539396,1.02806176080791,58.4864653936456,62.4986444406673,548,58.381
59.293598753238,1.02980133203029,57.2664011454277,61.3053787201014,549,59.613
60.0672544722513,1.03754704062589,58.0555282722111,62.1234090319576,550,61.131
61.2560477838076,1.02622318359723,59.2300297587281,63.2794097414347,551,59.98
60.5321076073819,1.04639793664382,58.504772622828,62.5383692759626,552,61.376
61.4863807421845,1.02690042558764,59.4273567553726,63.4914252439826,553,59.448
60.1799981606331,1.03098721178976,58.1446253828868,62.148497315616,554,60.848
61.083236772157,1.04179928178376,59.0311309114991,63.1303776366688,555,60.701
61.0352203334872,1.04764851741913,58.9802099312123,63.0841848182962,556,61.939
61.9365150157749,1.0250233214142,59.885281961863,63.9404998452599,557,61.929
62.0367107279256,1.02941158356954,59.9961659391211,64.0938093852861,558,62.307
62.3157486127108,1.02934095690034,60.3225424327675,64.3633722756117,559,61.99
62.100521337079,1.01401657134005,60.1591338965419,64.1129417337548,560,62.947
62.7817466786134,1.0259904255628,60.7171603286745,64.7950164377133,561,62.651
62.6373703435274,1.01756909810472,60.6374974363353,64.6155086985043,562,63.603
63.2985121203447,1.03126496459767,61.2828379323757,65.294413582993,563,64.414
63.9745126473027,1.02701220500579,61.9512891472374,66.0105496332206,564,64.627
64.1835259556143,1.03952718554082,62.1709557072662,66.2502806928073,565,63.528
63.4258955855286,1.01807650489534,61.4044485289639,65.3585240549978,566,62.112
62.2857950241485,1.05369832541184,60.2261490293888,64.3622000345585,567,61.999
62.0841403865188,1.02486985221914,60.0776408125833,64.05995367736,568,62.284
62.2947688214895,1.03361029147713,60.2425282213595,64.2961134158041,569,62.87
62.7436248283639,1.02156947893545,60.752688425507,64.7808869007137,570,62.307
62.346290059683,1.0251548161237,60.3454323549778,64.3618857890868,571,61.541
61.8101214481053,1.03456466147201,59.7613617586383,63.7917070499062,572,62.986
62.7880858476045,1.02860063637328,60.7926453188993,64.7928084653496,573,60.95
61.3701204383232,1.03766533878308,59.3655856692301,63.4228830992895,574,61.02
61.2751984120255,1.0232085178141,59.3061810233869,63.2757159687267,575,62.147
62.1167501093051,1.0378537117487,60.0847817404437,64.1412091028391,576,63.461
63.148183408903,1.0296995635577,61.0976406380175,65.1465052465163,577,63.45
63.2493545403587,1.03805028232192,61.1913083497303,65.268824664476,578,62.999
62.9362861102936,1.04056855276913,60.9078734759981,65.0298942528772,579,63.001
62.9126829477454,1.02627323655282,60.9121588672779,64.9972400765918,580,64.267
63.8413826643047,1.02313762658376,61.8562425247129,65.8624940512576,581,65.164
64.5786196330184,1.02541886716836,62.5844168236197,66.5661366202182,582,64.803
64.3943064114306,1.02764504746806,62.3526508048713,66.4069489196786,583,65.101
64.5857240616624,1.03116680699625,62.6012359032877,66.6108014529515,584,64.843
64.4479736758079,1.03202021677762,62.4216275432845,66.4797260827727,585,65.431
64.8393402477383,1.02456302769691,62.8413736015887,66.836179639994,586,62.267
62.5765157643394,1.03685602156602,60.5625302963047,64.6329937714885,587,62.869
62.7927952865627,1.01974155385656,60.8143707426357,64.7727648696764,588,61.964
62.1519607313041,1.03527654665278,60.1393304649608,64.1681738432812,589,62.454
62.4269546336019,1.03666937204348,60.3411208093168,64.4223067184476,590,62.914
62.7978427118652,1.02770671767021,60.7816916683123,64.8050388126311,591,62.539
62.571404984315,1.03460212144587,60.5367555168004,64.6115954503061,592,60.308
60.8961392830308,1.04256700246684,58.8061799336088,62.9258648347797,593,62.152
62.074222399765,1.04565010773243,60.0384498682893,64.1575633914186,594,61.902
61.9992409287186,1.03069156588033,60.0059074453972,64.0337492761727,595,60.275
60.8139336851916,1.02074656664185,58.8500201922498,62.8251569412834,596,61.52
61.6019337071556,1.03947222567003,59.5361018899787,63.6377449072879,597,61.38
61.5795376107129,1.03673343804546,59.5110249654704,63.5967387270674,598,61.141
61.3882642262156,1.02065580430618,59.4176283261451,63.4043301429073,599,62.367
62.3019117701446,1.03918642949035,60.2373252196755,64.3366642953509,600,62.347
62.3794053477484,1.03990907083082,60.3759324150652,64.408805400562,601,62.894
62.7639627065115,1.04165486278828,60.7376522000115,64.7999154269614,602,62.051
62.2023129647726,1.03518200000512,60.114880591112,64.2249964609631,603,61.494
61.7153681846295,1.01761959318588,59.7061747347967,63.7212054247695,604,62.548
62.4618795221094,1.03227933351803,60.430027348024,64.4824997306518,605,62.006
62.1034047553822,1.01826415124919,60.0861341830712,64.0575305344136,606,61.475
61.7045141714963,1.02557823633044,59.7153047450723,63.7078801669143,607,61.214
61.4632856155204,1.01696891477728,59.4498525016646,63.4661316556078,608,60.387
60.8390307747091,1.01945623252391,58.8541237806478,62.8407361959596,609,60.661
60.9863338324007,1.03737106813455,58.9554554640642,63.0225236835374,610,62.292
62.1930283199871,1.0502290589728,60.0991728099937,64.2396309917896,611,63.48
63.1933168127057,1.04029880858208,61.1607148957396,65.2362283118372,612,63.103
63.0166099502627,1.02840320329723,60.9915817658728,65.0270562664123,613,62.431
62.523221432261,1.02427171721982,60.5317825666144,64.5399133536524,614,61.452
61.741770305812,1.0343750550303,59.7622363774309,63.791432623716,615,62.563
62.4796431869599,1.03129829653483,60.4501779228422,64.4738717414575,616,63.799
63.4419155047334,1.03376493405703,61.4043642846726,65.4300852999413,617,61.713
61.9986851852113,1.01926416659922,59.9752771001632,63.9773396255647,618,62.244
62.2536079352688,1.03212940057843,60.2319945092405,64.2858027222616,619,63.428
63.1434801467515,1.04497482654768,61.1157595000761,65.1940076867136,620,63.97
63.6368587673254,1.03186636822342,61.5589390393443,65.6749443142958,621,62.533
62.6405126077843,1.03309923640087,60.6008333483738,64.6856423262288,622,63.588
63.3175483009777,1.0172131496027,61.3136257934835,65.3416584979397,623,63.147
63.0739755085579,1.03486949661512,61.0397644467264,65.0988696885325,624,64.268
63.8494402170029,1.04212151184525,61.7914855724814,65.8916109111852,625,64.235
63.9084515660519,1.0248473819989,61.8868322026067,65.8948334744327,626,63.741
63.5393008988019,1.02407668191078,61.5261184057446,65.5543318290862,627,64.774
64.2730289915142,1.0337211642787,62.2568243810158,66.2847739134022,628,64.744
64.3280396928821,1.02657133187884,62.3147807242598,66.3201413868356,629,65.504
64.8841011527437,1.04049179678241,62.8369404228556,66.950659314312,630,65.205
64.7320546132543,1.04056314421158,62.7033944450911,66.7557204309093,631,65.985
65.279490647781,1.03452260097504,63.2389904869753,67.32514173923,632,65.319
64.8499963440442,1.042282698298,62.8225318767612,66.9085792760433,633,64.164
63.9707534795395,1.01726105465787,61.9821176684294,65.9509127473714,634,63.12
63.1029048687026,1.03886989735421,61.0284153798988,65.12122768572,635,64.244
63.8350547322897,1.03655582144429,61.8316559895714,65.8846519946924,636,64.486
64.080428116471,1.03288062315611,62.0394267258155,66.1756980775822,637,64.84
64.3619079103221,1.03804992865346,62.2685524539407,66.414868851473,638,64.676
64.3171683661821,1.02857568971984,62.2715860159166,66.3155159601373,639,64.612
64.2370106133516,1.03782128124532,62.2033419059434,66.2904629423474,640,60.923
61.5309019655752,1.03634279527733,59.5052331893955,63.5845950826119,641,62.563
62.4532635199444,1.02486976059238,60.4140970022653,64.4404496107273,642,62.932
62.8076101686719,1.03886001391715,60.7798851024481,64.8373537522513,643,62.676
62.6727681048195,1.00904363520715,60.7306162563565,64.6358384133317,644,63.001
62.8780405443532,1.03183886192802,60.8446039328759,64.9163915577909,645,63.705
63.4149296881781,1.03064371327248,61.39948208478,65.4571971043563,646,64.35
63.9346110121492,1.02314486294767,61.9764449234582,65.9424091048419,647,62.01
62.302120974629,1.03019443913713,60.2731123803886,64.3316749223542,648,63.41
63.1250324690097,1.03467147007974,61.0929737647094,65.1610679052553,649,63.318
63.1614835409514,1.04111044355383,61.1552470820818,65.23234961742,650,62.973
62.9128702570379,1.02097398655786,60.9026878387019,64.9130548681881,651,62.446
62.4954375942923,1.04529207267864,60.4835914916625,64.5165955087124,652,63.153
62.9679448258171,1.02456538352838,60.9575040650256,64.9537814752152,653,62.547
62.5846544889842,1.02257362245247,60.5924237276346,64.6092911226071,654,62.214
62.2941182022282,1.01522351313879,60.3213184454823,64.3000978511985,655,63.481
63.1774967594392,1.02132129804384,61.1986289166706,65.2181580651289,656,64.509
64.0166834931956,1.01042624581697,62.02387867943,66.0310880285855,657,63.677
63.5027757600962,1.04165618980973,61.4920615649921,65.5710982291281,658,63.101
63.0257758917179,1.03518495050497,60.9883425644187,65.0323352833744,659,64.196
63.7760954777703,1.02639729132278,61.7491040023255,65.7495151678562,660,63.179
63.1068147402026,1.03710636828275,61.0864236355921,65.1541968823289,661,62.859
62.7949339259136,1.0340619263946,60.8217609156719,64.8361056303451,662,62.919
62.8238386821086,1.02489786477127,60.7926004430074,64.8069873752631,663,62.8
62.7348671800967,1.02228716160519,60.6989519824603,64.7161463164066,664,62.362
62.3622707366776,1.043552601459,60.2954256313633,64.3745746963574,665,63.025
62.8451129399644,1.03481820476273,60.8093759172828,64.8299479731155,666,63.122
62.9675948318804,1.00357838224653,61.022258638808,64.9643447475063,667,62.547
62.5613924247875,1.02345684420177,60.5498760200902,64.5934111952512,668,63.959
63.5513826897095,1.02716037086662,61.531082366383,65.5699912153789,669,63.201
63.081287507447,1.02724841630672,61.0361725800965,65.118837659632,670,64.328
63.8509353443442,1.04050721538852,61.8419842264498,65.8845358631948,671,65.125
64.5668640413048,1.04376887451207,62.4823898859805,66.5837137319538,672,65.486
64.8744022481653,1.03401691443767,62.8440798946484,66.8971989539467,673,65.3
64.7504187158092,1.02724113795719,62.7734894784135,66.7939500340506,674,65.527
64.9294439350384,1.03288273567897,62.9043232771597,66.964347455844,675,63.747
63.6199244438298,1.03278203655834,61.5784951530786,65.6517852920463,676,62.585
62.6357366783058,1.0316409777391,60.6272257201398,64.6670887076808,677,63.683
63.3517894289881,1.01982665009762,61.3196602734111,65.3421332979746,678,63.77
63.4985228494724,1.03480250821912,61.4963611081207,65.4905472387385,679,60.559
61.1325782514944,1.03365626927336,59.1095485891062,63.1902706612446,680,61.165
61.3469184907315,1.02869652536387,59.3286242898584,63.3747621060414,681,62.139
62.085123896689,1.02687345374714,60.0887646122257,64.1064475734955,682,61.951
62.0144795559742,1.04614524787219,59.922803323447,64.0374420588958,683,62.296
62.2843789367467,1.04214086064191,60.2664678799489,64.3304059922458,684,62.572
62.5024945977943,1.02838461103739,60.4550185286827,64.4800673197505,685,62.03
62.1050807819659,1.04004625428671,60.0558854638634,64.1394089191485,686,61.673
61.7920194138039,1.03526691399237,59.7504959500854,63.8073601895959,687,62.435
62.3462253062868,1.02947588531129,60.295281761744,64.362247261896,688,62.638
62.5563993416988,1.0291235425837,60.5054190678528,64.5320652624012,689,62.232
62.2643417513549,1.02948076794767,60.2382060180784,64.2924422551573,690,63.158
62.9151909049805,1.03798580003264,60.8736636528948,64.9442224082701,691,63.907
63.5383261314077,1.03878355109547,61.4742656944023,65.5170362866849,692,64.026
63.6816653601163,1.02726054348856,61.7002577600336,65.6953877467056,693,62.3
62.4288635586685,1.01958265020317,60.4305660987096,64.4313486494268,694,62.826
62.7052228079599,1.04211910495573,60.6994243290473,64.778200012959,695,63.113
62.9257283868385,1.03010456859588,60.8761132971181,64.9539917516932,696,63.357
63.1390757262694,1.03308498164832,61.1213678480003,65.1906083084174,697,64.27
63.820234291361,1.03104556971201,61.7952112643222,65.8596739879182,698,64.995
64.4404667915434,1.03528446247892,62.4141791101525,66.4898444100747,699,65.205
64.6372072954938,1.03707013064372,62.621963503383,66.6443160689343,700,61.816
62.1765098587498,1.03337699343968,60.1826046624841,64.2355976193288,701,61.571
61.7625205295252,1.02845141832181,59.7328278725727,63.778542454869,702,61.288
61.4987451059417,1.02752638839425,59.4903466125497,63.5581671742161,703,61.033
61.3007899376478,1.0448689234778,59.2499477812766,63.278447740002,704,60.008
60.4937343371675,1.02966143923808,58.4488243848297,62.4999716929489,705,58.755
59.5166003056618,1.041579077954,57.4853420207004,61.5111804178904,706,57.526
58.523705764803,1.03973499430247,56.5132983459059,60.5639930962731,707,57.958
58.7146381165562,1.02347536016399,56.6832656933558,60.6603000022674,708,58.894
59.4211885428381,1.04144171037355,57.3692734391944,61.472684293457,709,60.054
60.3487092772791,1.02918338149258,58.3223647077075,62.3621859734537,710,60.931
61.0796012396155,1.03345743525701,59.0739545052686,63.0924973401417,711,60.088
60.5462324652789,1.04135632048342,58.4790395365646,62.5995591488731,712,61.275
61.3622909039996,1.03489030098668,59.3389658474049,63.3879884832997,713,61.458
61.5843235048287,1.02900323881728,59.5491752396679,63.6537711319773,714,62.802
62.5766794218234,1.03462865623173,60.5366968274459,64.5804882156304,715,60.924
61.2985163626941,1.03452991390311,59.2968849790307,63.3417327040695,716,60.949
61.1942954178182,1.02451202850337,59.1815270826446,63.1953320251167,717,59.869
60.3847826208442,1.04525244497988,58.3313912813211,62.4358647918095,718,61.102
61.1944191131144,1.02726037252051,59.1761824155912,63.2273911715216,719,62.679
62.4677537069669,1.03370142196129,60.4643007698516,64.4708338327225,720,60.329
60.8760443979155,1.03142765679544,58.9051078435748,62.9173843771974,721,61.145
61.3048414716894,1.03182080052494,59.2777024953137,63.2950778845594,722,61.904
61.8853112953028,1.0316625734146,59.8642104245138,63.9324896495422,723,60.968
61.2737164464656,1.02521421125907,59.2293675965947,63.2792846570643,724,60.02
60.5081538230439,1.03182420263716,58.44888720941,62.5272640738645,725,61.015
61.1514817408068,1.03135759514651,59.1563162461817,63.1312212226153,726,59.768
60.3232657708283,1.02419834923853,58.3339600928714,62.3408427460246,727,61.235
61.2975519569385,1.02860565677589,59.2593800221486,63.2777728225021,728,60.753
61.0245920644407,1.04453644214479,58.9348084029734,63.0593955922503,729,59.922
60.4237623787377,1.03789298051664,58.3875556624841,62.4240671866396,730,60.586
60.8301068367096,1.03724371101206,58.795069258639,62.8640608796939,731,61.529
61.5760151209514,1.04181902709602,59.52898549621,63.6302833369352,732,61.018
61.2457060160585,1.0218908989432,59.2348174169056,63.2015716766755,733,61.999
61.9588971468519,1.01967169505764,59.9488812957916,63.9794542275232,734,61.832
61.8757365990067,1.03191635682626,59.8918683844461,63.9044763342925,735,62.776
62.5731854522036,1.03305177784095,60.5188627740349,64.5840178213416,736,62.542
62.4637181863735,1.03250720129948,60.4518267786539,64.47916482743,737,63.306
63.0291905779295,1.0299040390849,61.0643370399023,65.1073362702097,738,63.296
63.0743697545364,1.01231968067375,61.0932589854263,65.0512973043267,739,60.929
61.374632385318,1.02555603371699,59.385559551713,63.4130473627357,740,61.298
61.4319303585295,1.02162362736686,59.3939709128198,63.4150055724952,741,62.824
62.5727644841169,1.02708985338386,60.5444210788054,64.609275322128,742,63.479
63.1541837999455,1.04217231266836,61.1397901770554,65.1804431252745,743,63.409
63.1523260714296,1.038186270829,61.1171222485115,65.1991516987846,744,63.091
62.9555784923282,1.03364818768191,60.9594914952216,64.9521423225048,745,62.296
62.3513582848663,1.03216522270734,60.3635598584568,64.3766047937282,746,62.463
62.4039583111919,1.0168553943141,60.4168258276346,64.3834990334525,747,59.545
60.2844170287375,1.03490317578679,58.2735099241663,62.3195304520347,748,60.327
60.64549894695,1.02896221063684,58.6151737760486,62.6745743879581,749,61.328
61.4134938177514,1.0230796270883,59.4134635114384,63.3855903667255,750,60.562
60.8959393949655,1.0368460725023,58.8374090255179,62.9197122532355,751,59.897
60.3658433449646,1.02977193112014,58.3344814024519,62.3981316874572,752,60.473
60.7450242197024,1.04040040401526,58.6922184893372,62.7946281485209,753,61.926
61.8430559307069,1.02973017646966,59.8164682205417,63.8188409497539,754,61.58
61.6805004448691,1.02967227735858,59.6693268808168,63.6969043084017,755,61.468
61.6025162819418,1.01937772488492,59.6492796733979,63.6208887725841,756,62.69
62.4722895982601,1.03876666497019,60.4063859885541,64.4720035437605,757,62.273
62.259240748864,1.04040682733617,60.2026234961556,64.3082120777016,758,59.884
60.5046336252973,1.02701661588115,58.4921474754303,62.532716793752,759,59.84
60.2768258160744,1.0399081790495,58.2506152291801,62.3074500492721,760,59.471
59.9894990360708,1.03374698800899,58.0169866247331,62.0453226838708,761,60.685
60.8465086204469,1.02782708289312,58.7983138633592,62.8269575296781,762,61.021
61.1699010801517,1.04155866479023,59.1500506667534,63.2678973047336,763,60.805
61.0609309919816,1.02914489357775,59.0608995477122,63.1046701873895,764,61.775
61.7297397587984,1.03871593707905,59.6992877344133,63.7467235245945,765,61.715
61.7569717157795,1.03163349500558,59.7861732384611,63.7815851088574,766,62.999
62.7368192720063,1.02237752954865,60.7493344234321,64.7309211106112,767,63.285
63.0216250957802,1.03424075890635,60.9882153345253,65.0818772168094,768,61.009
61.3950620129479,1.04780367052303,59.3566900419612,63.4765235390007,769,61.985
61.9325540583452,1.0257680744522,59.9380404334566,63.9216492444823,770,63.12
62.8024798760883,1.02822991369133,60.7873905940331,64.833733681338,771,64.177
63.6780406372829,1.03741684420767,61.6736208015355,65.6931366589408,772,64.386
63.9302911658405,1.03379676321648,61.8616703164153,65.9124127810744,773,64.235
63.8752692521636,1.03500170114164,61.8736468246772,65.9185475934644,774,63.688
63.453120648336,1.02957579905702,61.4521696116419,65.4869690407268,775,64.195
63.7412712396185,1.04030655812708,61.7046719723097,65.762086447405,776,65.055
64.4105458267813,1.01517744003499,62.4245131576577,66.3930455151533,777,64.49
64.0812991026784,1.03125373283109,62.0465781545233,66.1423190887203,778,61.322
61.7353494223088,1.03166097509488,59.7319790919297,63.7224922037515,779,62.349
62.2342878603081,1.03585455429101,60.1871630083443,64.2556976710967,780,61.604
61.7612524928343,1.02476005219088,59.7408680147006,63.7927367474622,781,61.312
61.4903472033834,1.01967780375986,59.5240680424211,63.4813338565979,782,62.212
62.0986163708428,1.02554743653477,60.1030831526159,64.1211825848821,783,61.53
61.6767978651347,1.03799945941296,59.6283241376657,63.6969374765805,784,60.249
60.7081692812846,1.03649490083982,58.6857816997623,62.7628743179198,785,60.924
61.0851027977006,1.03600426527598,59.067138971141,63.1104309651209,786,61.533
61.5822352713219,1.03250437946065,59.5173123285092,63.5813955515461,787,58.187
59.1663211499913,1.03594584566454,57.0812852938145,61.1613839625483,788,58.481
59.1452465675298,1.04000321524669,57.0815779461547,61.1813256257153,789,60.022
60.2699242800558,1.02824804034763,58.2813234644776,62.29044914873,790,60.124
60.4490133445735,1.02157861064593,58.4862450548927,62.4622356308028,791,61.391
61.3849143050319,1.03996191331391,59.3482721643422,63.3918448697957,792,61.316
61.3993251406253,1.02880973760957,59.3842621480844,63.4226171830737,793,62.498
62.2740113980797,1.03261852169952,60.2623474401069,64.2906543260011,794,62.116
62.1375686130498,1.01957043648185,60.1526754625916,64.1505594349388,795,61.225
61.4393087910516,1.02919947633549,59.4296508026302,63.4493002000291,796,60.478
60.8215012048733,1.04101238115411,58.7679232140134,62.8717782967654,797,61.945
61.8372137635455,1.02306840246112,59.8501700175737,63.847922863173,798,62.277
62.2153999948965,1.01998227995198,60.2302959269884,64.2000188931512,799,61.988
62.0095732293325,1.03970048309618,59.9777375636725,64.0635230888913,800,62.696
62.5143225030201,1.03663540880309,60.4842242800851,64.5514005763062,801,63.217
62.9381124136954,1.02897416478279,60.9381161986636,64.9522292445478,802,63.353
63.0792284682743,1.03176979787387,61.0478162178824,65.148065529051,803,61.802
61.9732466385446,1.03702040178852,59.9221893696698,63.9905384666234,804,62.506
62.3521414651776,1.02375548743361,60.35708603067,64.3545001227888,805,62.929
62.705841386692,1.0329995788456,60.6539392888544,64.7012910683542,806,62.884
62.7211488242654,1.02754723494432,60.6901840671327,64.749287183952,807,63.771
63.3570653770549,1.03438459216937,61.3462949719159,65.4014134443184,808,64.259
63.7996380315553,1.03590775641454,61.7471560147799,65.7951030065432,809,64.027
63.667710416306,1.04004781258566,61.6085547762214,65.672482077547,810,65.15
64.4627740909992,1.02938495637385,62.4389081891266,66.4634768583063,811,62.714
62.7720322679128,1.03676324539262,60.7181960874265,64.8131364472338,812,63.807
63.3606789895836,1.02441291763513,61.4155570596782,65.3817918132439,813,61.861
62.0307675741871,1.0349866157151,59.9966597745115,64.0426596160676,814,61.761
61.8173347594276,1.02632676296116,59.7957829746995,63.8019232044791,815,63.002
62.696892068292,1.03914766303509,60.675496096723,64.7412298363296,816,62.56
62.4731599216706,1.03225852265424,60.4852798939833,64.4940501155216,817,61.932
61.9920449459916,1.02525500765652,59.9931810952727,64.0049005100548,818,60.537
60.9266923043136,1.03517396606882,58.8966196409199,62.9085168059227,819,61.598
61.5738096695572,1.03579261000845,59.527104449593,63.6078200859584,820,61.246
61.3639310808434,1.03117429979605,59.3323000405134,63.3588251904502,821,62.287
62.1402119634411,1.03270167535941,60.1335799568186,64.1764096796628,822,61.612
61.7103011095536,1.01313263828867,59.7023507108588,63.6951635368927,823,62.919
62.6241714767101,1.03580708823709,60.5613134980918,64.6622157121491,824,63.83
63.3880811159273,1.02637251513518,61.3760183846223,65.403589681435,825,58.966
59.913700404059,1.03571391184927,57.8698662188341,61.9436709081717,826,60.411
60.5979508307442,1.04070860522124,58.5457315045887,62.6365396779595,827,60.002
60.3885709422481,1.0276373201741,58.3711996651233,62.4102251089086,828,59.109
59.7094310908429,1.03877201371868,57.6849981535326,61.7691181122456,829,60.342
60.5042200955815,1.03332092374664,58.465500009061,62.5599173643213,830,61.197
61.2142290081431,1.024790775179,59.2056905737634,63.2369122449588,831,62.014
61.9084693352049,1.03710053512225,59.8715676155856,63.9229282023732,832,61.857
61.8441613090222,1.02792353833701,59.8342919909761,63.8560897539338,833,61.742
61.7728795205935,1.03082943678622,59.7633485161659,63.7680441786385,834,62.191
62.0721729807159,1.02924181254046,60.069450480581,64.1109367398898,835,63.393
62.986020697312,1.03803593235385,60.9409111498689,65.0049831903017,836,64.572
63.931712666272,1.02914853192421,61.887306456335,65.9210447961488,837,64.457
63.9692097879135,1.03493050216099,61.9546742879515,66.0248359857717,838,65.086
64.4364338664917,1.04188050051054,62.4184230687485,66.4690428271158,839,65.408
64.7076644831063,1.0370025702373,62.680228625745,66.7282434596305,840,65.324
64.695725704458,1.03018138402526,62.6511313591422,66.6921634788802,841,61.674
61.9977332501211,1.05199694454694,59.9041765234192,64.0601130029777,842,62.857
62.6118121224297,1.0332888901579,60.5609915296424,64.604286341199,843,59.847
60.4319651999951,1.03483817796612,58.4020523718564,62.4335064078634,844,61.376
61.361729754141,1.01816334853985,59.3611581028657,63.393789682682,845,61.885
61.8042877848783,1.04569472618635,59.687383419785,63.8701892983247,846,62.224
62.1076520403071,1.01130878562191,60.1629341441473,64.0894107912501,847,58.863
59.6702519173263,1.0353589887981,57.6661236771635,61.7113114274395,848,58.895
59.446136843939,1.03145395266102,57.4499824554637,61.4796749877706,849,60.166
60.3348382784976,1.03606763902233,58.3300930975424,62.3830252051109,850,60.19
60.4592065064103,1.03660086500245,58.4122172208948,62.4972696980434,851,58.098
58.9564284839267,1.03506058451828,56.9193242088944,61.016119995313,852,58.337
58.9673893772593,1.0318319040499,56.9359842933439,60.988249533528,853,59.85
60.0629625187416,1.03454958516335,58.0828635729775,62.1097536533016,854,57.888
58.7568149010934,1.02091584241903,56.724516366192,60.7398472045271,855,59.099
59.477510528622,1.02777925129307,57.4440138186066,61.5059137999977,856,60.627
60.6922296851797,1.03837411348409,58.6572018347198,62.681880881209,857,58.83
59.5081893371193,1.02994149964903,57.5317773434596,61.5543152007565,858,59.855
60.1091574356908,1.02147724358069,58.1250806907031,62.0913124589214,859,58.371
59.1101688056526,1.03215502735045,57.0433497567516,61.1490247753789,860,58.423
59.0506567234927,1.02911282006163,57.0698066293476,61.1009629997847,861,59.9
60.1126943354697,1.0449971841487,58.0457364733505,62.16884407629,862,59.703
60.0564438037382,1.02485374235275,58.0024422530368,62.054036213897,863,58.896
59.4751625753882,1.02128000014599,57.4869653653053,61.4935181330012,864,59.957
60.1958747636121,1.03347291161492,58.1517031974715,62.2277669008926,865,60.64
60.7812687240754,1.03955595207167,58.7588789229461,62.8499870101668,866,61.634
61.552834540683,1.02683005122921,59.5899477117386,63.6003882434873,867,61.107
61.2412965944743,1.02976740099334,59.2373426660782,63.2743203579505,868,60.16
60.5151729404937,1.02079537641573,58.5120844606815,62.4932608674863,869,60.423
60.6373115372785,1.03326750639773,58.5889214923131,62.698314961975,870,60.311
60.559263208555,1.03385227359218,58.5437330839163,62.5717410117096,871,60.479
60.6925945911111,1.03570121160564,58.7058194547785,62.7236802646698,872,59.643
60.0819118211117,1.03564442144807,58.0392813040096,62.0980601913489,873,61.02
61.0390042773513,1.03093058885119,58.9911191506602,63.0578812206174,874,62.586
62.2754660102343,1.04087968280114,60.2395782241184,64.3280282938316,875,62.451
62.3146220956055,1.03351100673271,60.280892527782,64.3123856294643,876,63.543
63.1185036775228,1.03457865950477,61.1013415182071,65.1521718010805,877,63.976
63.5181918275996,1.04326168830007,61.468162923654,65.5526326183672,878,62.782
62.6660631261369,1.02255063226263,60.6645538307151,64.6567543839486,879,64.062
63.5384529111626,1.03012125860546,61.5266580973463,65.5519937808294,880,64.843
64.2108121032294,1.05506820961119,62.15417750059,66.2565449270966,881,63.357
63.1674980041894,1.01914167540404,61.2053220656605,65.1536563069366,882,63.373
63.0691054755887,1.02257534060652,61.090939288669,65.0431135061787,883,64.253
63.7106380236724,1.03034362353848,61.6856372833133,65.7245942444167,884,60.878
61.298553706086,1.03042688420019,59.2730321228124,63.2944942385109,885,61.609
61.5629627199353,1.0302498938257,59.5448059776761,63.5929743742883,886,61.419
61.474316001328,1.05282451371954,59.3857316401915,63.5166925484434,887,60.614
60.8755252145669,1.03152629931031,58.8660120191372,62.8812018920178,888,61.434
61.4169200591186,1.03278786558365,59.3774654557759,63.4269485351487,889,62.798
62.4843498161973,1.04786903308243,60.366510626992,64.5147219852979,890,60.527
60.9298542454751,1.05219996794667,58.8746129798512,63.0242696660038,891,59.925
60.3183266006403,1.03008354226458,58.3106307629837,62.3644978347624,892,61.656
61.5292150012876,1.02442811149058,59.5399023587605,63.5484721279274,893,62.3
62.1125133858194,1.03880567124127,60.0628079860313,64.1523610334542,894,61.633
61.7051941020523,1.03888256293494,59.649164560738,63.7611813012722,895,61.071
61.2491194621856,1.01507394270252,59.2202338431358,63.233135246069,896,61.387
61.4271899194456,1.03314133263482,59.4489769092828,63.4588283752749,897,61.296
61.374177017076,1.04527444567735,59.2931517397538,63.407278702253,898,62.068
61.945314361746,1.02087025707801,59.9503675587214,63.9389360787002,899,63.029
62.6950261881079,1.04024687853716,60.616747457072,64.7275993132999,900,62.569
62.4501887002702,1.04254349800799,60.3813122441722,64.4880302075152,901,62.256
62.1940040377105,1.04541246479533,60.1647197581902,64.223180228815,902,62.07
62.0322651476512,1.02926745246527,60.0346771309078,64.0499131948944,903,63.164
62.8079595532012,1.03869706584772,60.7832210804884,64.8288531972689,904,63.623
63.230760459632,1.0360226392659,61.2221431350507,65.2985482129203,905,64.652
64.0232719770481,1.03223161689168,61.9639067099521,66.0351968003006,906,64.006
63.6473365152859,1.03798492270886,61.5903756519396,65.6909333966387,907,62.735
62.6781035148115,1.03733227820761,60.6190397084607,64.6956882783563,908,63.616
63.1970753956969,1.03796904545567,61.1867609153634,65.1994774301373,909,63.639
63.2765088999118,1.02645129946856,61.2530056587494,65.2795715435283,910,63.729
63.3786577217481,1.02963571080543,61.3541467009713,65.4018920258498,911,64.15
63.6851401340019,1.02535513645681,61.6939085973447,65.6904765170086,912,62.563
62.5563885926165,1.02701920617815,60.5222517440282,64.6315625877622,913,63.833
63.3751336462698,1.0347764192513,61.3372988353523,65.3806661347569,914,64.353
63.8327197099412,1.02596296402836,61.8317545245121,65.8767163191994,915,64.353
63.8883688834682,1.03579426346705,61.8700775264427,65.9053563112605,916,64.475
64.0011533655912,1.03992140826263,61.9855315386697,66.0480408536224,917,65.127
64.4543089367649,1.04368353092059,62.3835650853964,66.5239975022249,918,65.386
64.7203425052272,1.03296840946882,62.7196743626694,66.7691549331815,919,64.428
64.0173238097882,1.04597411276114,61.9694877313341,66.07083244329,920,64.491
64.0214356372388,1.04100849603584,62.0156700253242,66.0665207763101,921,64.723
64.1870700477983,1.04408024530436,62.1339754347314,66.2438306991433,922,63.315
63.1738783919087,1.03538996280283,61.172176063214,65.2192865391166,923,63.82
63.4497320243312,1.0514772306972,61.3721074488267,65.5309608566271,924,64.494
63.9767358338075,1.04218263567897,61.9135742177831,66.0103053682191,925,63.651
63.4187164000386,1.04424576504848,61.3733932372289,65.4278330168636,926,63.46
63.2096304062481,1.02652498982893,61.1747341164464,65.1980748160444,927,59.687
60.412669138791,1.03778692378039,58.3899713469445,62.4727315296837,928,60.73
60.8760960907098,1.03085273990568,58.8509811842965,62.893101794906,929,61.468
61.4691390859907,1.03514179812087,59.398983471872,63.4451257281013,930,59.903
60.3896313432138,1.03298556536988,58.334548895007,62.4415422074056,931,57.088
58.2332625648834,1.03641315656985,56.1863994963959,60.2855856523123,932,57.936
58.6380458074995,1.03387726206721,56.5861478657763,60.6647111824978,933,58.283
58.9209643197044,1.04017310490718,56.8804826337341,60.912746267825,934,58.676
59.2305336213257,1.02559596494049,57.1975855635373,61.2388982307457,935,57.812
58.6398771750606,1.04793228561145,56.6142941876808,60.6499819876134,936,58.875
59.3890883978122,1.04203146246037,57.3397818547719,61.4105450924126,937,59.447
59.8515040433556,1.02864948631571,57.841195932146,61.8826318890944,938,60.649
60.7788850863697,1.04070129986929,58.7320492627412,62.8442601359635,939,61.381
61.4030431517384,1.04351047257546,59.3371389888845,63.4230382302496,940,62.387
62.2056638161034,1.03333782831917,60.1920930147168,64.2655523235508,941,62.639
62.4868803771593,1.04041993235556,60.4557142880682,64.5509951901428,942,62.333
62.2781446313043,1.03430733341521,60.2602937200742,64.2940642152281,943,63.318
62.9667397172379,1.03269512168646,60.9543658442443,65.0000145974799,944,64.056
63.5964194683288,1.04965826953272,61.5650919603068,65.6683204309222,945,59.593
60.4008285955196,1.03212812384297,58.3631480565685,62.397468534873,946,59.856
60.2406017082371,1.03676872363249,58.2036982187543,62.2898876411341,947,61.516
61.4537293826512,1.04109496695542,59.3790273885428,63.4787666934041,948,61.955
61.8913049916863,1.02576381525227,59.8841473572851,63.9128992086374,949,61.319
61.5100525435551,1.04473935250652,59.4588431842063,63.5678943641593,950,61.65
61.6821930458782,1.04051044818761,59.6312756350174,63.6813381247313,951,62.283
62.1771248862275,1.03866505796298,60.0913771105084,64.2099283432591,952,61.662
61.7764614786345,1.03552195085607,59.6905084250562,63.7643297661513,953,62.727
62.5079965093247,1.02414289289836,60.5160271089754,64.5237207312777,954,62.783
62.6183731028526,1.0249810174969,60.6167187854271,64.6399809994831,955,59.752
60.4029512833049,1.0374374205946,58.3657230028719,62.4311863802081,956,58.101
58.9644782309411,1.03758365864256,56.89138723026,60.9676443151334,957,58.453
59.0786748350158,1.02259396319457,57.1161378304511,61.0975528778785,958,59.992
60.2130053397899,1.02951844818138,58.1647642067918,62.2071562784699,959,60.471
60.6810276939133,1.03552010080673,58.6507961350933,62.6779587478586,960,61.04
61.1503494437128,1.03789676574677,59.1193484341106,63.1783180019942,961,60.293
60.6696133008453,1.03357597750171,58.6478228834425,62.6697754103942,962,59.42
59.9549819687932,1.03706112698013,57.9592226740855,62.0191573411842,963,61.064
61.090065813937,1.03224947168278,59.0393220935714,63.1196590267255,964,61.183
61.3063016488246,1.03856350499123,59.2687034698397,63.3205848433435,965,60.166
60.5604468999497,1.03530220979944,58.5241202757715,62.6039015474089,966,61.351
61.3652309489233,1.03226205846741,59.3550691727547,63.3769442570184,967,62.826
62.5346523149475,1.03881803285819,60.4759523034012,64.5718620501163,968,62.271
62.2407177545068,1.0337671749098,60.2113242568133,64.2968748037121,969,62.293
62.240835778376,1.0387452805149,60.2240726558813,64.3053224527025,970,61.645
61.7551239940259,1.04273945793313,59.7218325942743,63.7890647213299,971,62.5
62.3610147826427,1.02228029555988,60.343292568713,64.3534459632032,972,62.734
62.5663731811119,1.03005583328052,60.5384468323235,64.6095945924549,973,63.461
63.1402334334141,1.01759728101258,61.1324915164228,65.1628013145202,974,64.232
63.7455985835213,1.03445627799188,61.758103630123,65.7639362146024,975,64.228
63.8147143567336,1.01655759649058,61.8155660647848,65.8130694385315,976,63.398
63.2041533527469,1.03481775735438,61.1797956677054,65.2360162050267,977,64.008
63.5975795414049,1.03414998547657,61.5453294867926,65.6345016132266,978,63.76
63.4566570152986,1.02061035841324,61.4575832822065,65.4580132126595,979,63.888
63.5211743155521,1.03083616121931,61.5374983909201,65.5400180859896,980,63.998
63.6258936525996,1.0249053210514,61.6085956917919,65.6092197511251,981,65.134
64.4735559382044,1.0445343184701,62.3834342041232,66.4714734108586,982,65.175
64.5847685863135,1.03177537892306,62.5756925394899,66.5895836332415,983,59.881
60.6996620358256,1.0388832723741,58.6856050218214,62.7245074231142,984,60.65
60.8649706221076,1.03444689578208,58.7980852655585,62.8970538730206,985,62.264
62.067136334756,1.03304952273227,60.0447676904818,64.1302058845649,986,62.27
62.2025456944391,1.03102042783022,60.2261944810643,64.242187214591,987,62.053
62.060193747967,1.02436413315917,60.0626893747313,64.055019972674,988,61.864
61.8985918499385,1.02251233078326,59.9313496167954,63.8903998137387,989,61.18
61.3879212395799,1.0275679084983,59.4161698122963,63.399598541632,990,60.421
60.7902830599258,1.03343300941903,58.806066809072,62.8124589494675,991,59.388
59.9986717523484,1.03541736083276,58.0022111203214,62.0168707156325,992,60.087
60.3895719108579,1.02921545799699,58.380924501934,62.4145870343202,993,59.908
60.3006702569921,1.03478082268426,58.2586132029195,62.360790599977,994,60.675
60.8544028389564,1.03142992710461,58.833156676829,62.8901284763723,995,61.298
61.3626938714731,1.02833967170888,59.3371333281232,63.3611370817619,996,61.045
61.2476938359393,1.04262071952827,59.2168905763502,63.2607348038856,997,61.281
61.3973825343232,1.02271806692261,59.3909995551938,63.4043050604461,998,62.075
61.9947232665577,1.03075767911267,59.9788967905748,63.9537231299844,999,61.459
61.6168232177302,1.03146102005148,59.6177191737375,63.6451983318669,1000,60.612
60.9580300774107,1.03366665269905,58.9364174839758,62.9845716066776,1001,62.239
62.0630503564948,1.04019280938051,60.026559300921,64.141801206358,1002,61.011
61.299550215504,1.02672253899777,59.3182953696451,63.3242701150056,1003,62.148
62.0516994918397,1.03240456973013,60.0821711532354,64.0842535340345,1004,59.821
60.4134770699474,1.02733947827465,58.4225973060687,62.4346818866296,1005,61.468
61.4573499379907,1.04434841694246,59.422808070213,63.4731304185683,1006,60.402
60.7798628001869,1.01592783203157,58.7580221273326,62.7698255855957,1007,60.264
60.5950564226856,1.02899933919917,58.5853775739808,62.6202698334719,1008,59.122
59.7795682964535,1.04401766021891,57.7364939058566,61.8184211561986,1009,60.284
60.5359930606733,1.03174055013773,58.4595024881951,62.517595286648,1010,59.355
59.9334963097963,1.02784846476531,57.8869902742745,61.9066087788755,1011,60.233
60.5142522315969,1.03237733687959,58.4951280238665,62.5099845613864,1012,61.782
61.6921032028775,1.02449354778752,59.6847439879917,63.7237451630758,1013,60.889
61.1428775417049,1.03476139440781,59.0997102275119,63.1249070239568,1014,61.288
61.4089691596826,1.02175334950719,59.3770737539597,63.4125525785772,1015,61.019
61.2310705853526,1.02701132823585,59.2260574422387,63.2871316949777,1016,62.024
61.9528374830309,1.02900197683582,59.9771697264456,63.9607432141241,1017,60.265
60.7545751169706,1.02609239393224,58.7694099249229,62.7649601408135,1018,61.673
61.6471086727865,1.0217349389749,59.6538432679136,63.6615117352717,1019,62.519
62.3722694394337,1.03411092989586,60.3210386433907,64.4428290733508,1020,61.987
62.0239355145287,1.03326997485566,60.008663887062,64.0512089506907,1021,61.422
61.6014956089811,1.0319803141549,59.6172964697102,63.6220983966291,1022,60.234
60.6762579037999,1.03708504082252,58.5869077956174,62.7033473436845,1023,61.829
61.7574180081793,1.0328877723811,59.7053022346335,63.7598546207913,1024,59.142
59.9012838727679,1.03238370621507,57.8561335428711,61.9398382102038,1025,59.98
60.3333427555922,1.03127858930284,58.3001903064392,62.3540344664299,1026,61.244
61.2996591540224,1.03102188283265,59.2675205011403,63.3058859211911,1027,62.754
62.495301208596,1.03908396669289,60.4832569772376,64.5384802341573,1028,62.71
62.5810398517308,1.03209977024542,60.5899030196976,64.5915866357479,1029,62.427
62.4042473639404,1.03283207078886,60.3733076349529,64.4434877853604,1030,62.881
62.719310498877,1.0280099317961,60.7190900177656,64.784883869818,1031,63.876
63.4704449693289,1.03099800594702,61.4608393878499,65.4739593101227,1032,63.578
63.315794240915,1.03088748288632,61.3117649659661,65.3436132912131,1033,61.91
62.075446276502,1.02861008363664,60.0630527384171,64.1297407146076,1034,61.559
61.7043814348035,1.02503188055476,59.6717878576427,63.7203958359986,1035,62.722
62.5084634637377,1.03643462736845,60.5136340679833,64.5420431052879,1036,62.378
62.3490539722049,1.01847113003427,60.3511679208071,64.3204375485255,1037,63.265
62.9889907513881,1.02202499457115,60.9953381334924,64.984055238209,1038,60.66
61.1245657268223,1.0521890984538,59.0762539819751,63.2213472859585,1039,61.774
61.7507982069536,1.04097823293753,59.6913318165092,63.7854230531092,1040,61.402
61.5256012311363,1.02800122435908,59.5175574737933,63.5172721751498,1041,61.899
61.8803382636789,1.03628910973229,59.8358838633563,63.9249448516959,1042,63.099
62.7892915266614,1.03219045207419,60.8101919087473,64.8469124590202,1043,60.634
61.0877774245977,1.01369808454395,59.0856110516291,63.0680560109361,1044,59.074
59.7591305686412,1.03867606746253,57.7180239756032,61.8023297080122,1045,60.441
60.6346625954259,1.02916818126292,58.629689851376,62.6922962254911,1046,61.663
61.6302628814065,1.03923315967918,59.5686655491151,63.7026318645469,1047,60.727
61.0268059690903,1.02199064721966,59.0140458497895,63.033889856042,1048,59.102
59.7629032054322,1.03122778999147,57.7463955429819,61.8028883431757,1049,59.926
60.2311599049915,1.02758234877967,58.223161973642,62.2122165638986,1050,59.583
60.0573028155933,1.02585179963105,58.0903833328195,62.0400302999725,1051,58.781
59.4331018568417,1.02838787984074,57.4396101069723,61.4220929350574,1052,60.348
60.5338251495779,1.03118801449877,58.5225081960083,62.512766974392,1053,59.534
60.0484484411406,1.02201427354927,58.0734813331479,62.042147457121,1054,61.152
61.166184113744,1.03916779253382,59.1418004088915,63.1968138119001,1055,60.01
60.4448501733253,1.02998735040725,58.4093083478489,62.5274184353982,1056,60.131
60.4771952384367,1.03845187410722,58.424649618808,62.4769042923275,1057,59.814
60.2420916776882,1.03506325628373,58.2124120591096,62.3094039133144,1058,61.112
61.1641898858825,1.03542951507078,59.1425484794848,63.1900409015658,1059,60.581
60.8652805501602,1.02644454360498,58.8293964183504,62.8695699457325,1060,60.868
61.0310191366016,1.02736365522911,58.9806366716321,63.0250478687881,1061,62.175
62.0294387325691,1.02775427364133,60.0471121951271,64.0222458339808,1062,63.203
62.8842130868236,1.03939783713172,60.8557433893501,64.9105543805501,1063,63.792
63.4135672668296,1.03880027990389,61.3814407544266,65.4552161991175,1064,65.039
64.380371724157,1.02294684531088,62.3569948209646,66.3832684786861,1065,61.738
62.0579137133179,1.0527449832285,59.9911579428291,64.1071536059656,1066,61.835
61.9121139744193,1.02974713171478,59.9108877602052,63.9284687623767,1067,62.675
62.4989512759669,1.03421196643549,60.4194863565293,64.541357017497,1068,63.333
63.0181660041637,1.02370903601951,61.0027892268448,65.0035939005899,1069,60.769
61.2162542243939,1.03379205547171,59.1759524752503,63.2376890914106,1070,60.365
60.7378723245644,1.04598744238982,58.6681507633489,62.7935591028356,1071,61.029
61.1623684129179,1.0285322257932,59.1177009171031,63.1416806246876,1072,59.831
60.3294586970383,1.03579346897853,58.3015811330886,62.3800786567044,1073,58.647
59.3688998674287,1.03919110820917,57.3484840561434,61.412904036669,1074,58.574
59.223820286365,1.02226195851624,57.1925065415098,61.1849907877818,1075,58.354
59.0514430033382,1.04050893173876,56.9780155986014,61.1084052807878,1076,60.084
60.2991620149239,1.0160411677304,58.2632603395489,62.2581504078311,1077,58.7
59.4161407536905,1.04098382591334,57.3900418702446,61.5276659292773,1078,59.379
59.8388329745311,1.03057520487596,57.8280424410117,61.8529835524193,1079,60.279
60.5329552766732,1.02465702738382,58.4943770551895,62.5386082461118,1080,61.041
61.161346593526,1.02670680492556,59.1592973872467,63.1278029315599,1081,57.45
58.6005762170523,1.0459960058015,56.5586868576874,60.6059618962933,1082,57.605
58.4486490934993,1.03138522115476,56.4120829150856,60.4510855205376,1083,57.602
58.4257963733656,1.03723339317326,56.4206563068676,60.4978283160436,1084,58.523
59.1132141484879,1.03473999192888,57.1441460926741,61.152713361146,1085,59.251
59.691202582482,1.02814239385567,57.6964423382317,61.6880556904908,1086,58.654
59.3364755300672,1.02874867203854,57.2877574736593,61.3522633676266,1087,59.858
60.1768308240998,1.03941676505465,58.142565001337,62.1936820373604,1088,60.353
60.6068267352172,1.01410152703587,58.6279274320611,62.6037663766088,1089,59.498
60.0502778201789,1.02160530684265,58.0427528016679,62.0393937473261,1090,60.28
60.5487424102166,1.04659513908384,58.4851981020234,62.5782698554208,1091,58.987
59.6714443605688,1.04508684990027,57.602127731985,61.7085451048809,1092,57.158
58.2363904278669,1.04333583917221,56.1584582153571,60.2114188281893,1093,58.568
59.1205607630451,1.02632262514322,57.1232995100471,61.1276131693157,1094,59.84
60.1401420992625,1.02887766733937,58.0891207602081,62.1480508016196,1095,58.455
59.2211249157939,1.02345014827094,57.1826263777544,61.2691355393272,1096,59.533
59.9122566904211,1.05682105772249,57.8465424339122,61.9960024421208,1097,60.23
60.4927706237835,1.01970822665001,58.5006793399096,62.4647296173588,1098,60.015
60.3945534218008,1.026904189797,58.3460193500053,62.4012941661658,1099,60.62
60.8412515685706,1.02004286510399,58.8349304690626,62.8540219186335,1100,61.664
61.6464423904894,1.02350572288977,59.6412803579262,63.6627717695906,1101,62.303
62.1754804954467,1.02922532238064,60.187576336072,64.2046877571787,1102,60.422
60.864740130847,1.02534283166523,58.8260428925929,62.8366691864539,1103,61.426
61.4676363205467,1.01842624073311,59.4617980710379,63.4179924082774,1104,62.225
62.1113758266844,1.03528985076196,60.1169280161639,64.144791535079,1105,61.516
61.6596016042798,1.02252104118004,59.6636231824925,63.7002221218289,1106,62.984
62.6926454294572,1.02492580721691,60.7634537485159,64.7119537805989,1107,63.704
63.3093529669024,1.03145858780118,61.2972122442546,65.3678388416466,1108,63.749
63.4309005126074,1.01803314343685,61.4212984345623,65.4414121801192,1109,62.712
62.6665076640298,1.03319600869986,60.6588309588754,64.6955230504893,1110,60.913
61.302774159301,1.02835768431731,59.3086265005884,63.3410440650977,1111,61.893
61.8568375860432,1.04163612716978,59.8257128973219,63.877761474084,1112,60.551
60.9263462029865,1.02284237263213,58.9372940122301,62.9657005893313,1113,62.067
61.9407343247096,1.02400193862133,59.8990926463154,63.9735763005806,1114,60.716
61.0473836731968,1.01922362244112,59.0517674697304,63.0442093101924,1115,59.093
59.7834439811663,1.03616095982185,57.6990113312348,61.7455628413345,1116,58.623
59.2949445774758,1.0362457324424,57.230131590256,61.3066097028381,1117,59.619
59.9988120302544,1.03797038331947,57.9436853111986,62.0361748673132,1118,59.728
60.1373348047348,1.02114765296899,58.1772538102524,62.1491728129822,1119,60.676
60.8229662380286,1.02440862276313,58.8219194788034,62.8549806956131,1120,61.185
61.2941542790593,1.02023263261928,59.3334729026648,63.3184477041677,1121,58.323
59.2357049060355,1.02011823054294,57.2037324329889,61.222447753707,1122,58.9
59.4402719943552,1.03943967883469,57.4153121756717,61.4587507109862,1123,60.005
60.2880573279373,1.02046865846868,58.289012926036,62.279049191287,1124,58.835
59.4982242702052,1.04015844639933,57.482043701708,61.5553157039391,1125,59.991
60.2686402921972,1.02943292238774,58.2507470420066,62.2475158170571,1126,61.261
61.2859672357104,1.03471076115642,59.2406986008002,63.2860020351942,1127,61
61.1853333695413,1.03776267839384,59.1402303975616,63.2086868025224,1128,59.772
60.2820966445139,1.01997722224843,58.30425554256,62.2964391324456,1129,60.112
60.4215499636526,1.02518774776223,58.4473666035364,62.4409337140595,1130,59.537
60.0346034812708,1.04184436165441,57.9752774771723,62.0659289003642,1131,59.584
60.0479348382825,1.03684410069747,58.0131737275061,62.0906308326832,1132,59.666
60.1029895786485,1.03125186807866,58.087304638128,62.1565245776595,1133,59.484
59.9618585665395,1.03500816085194,57.9534766643342,62.0006550290601,1134,59.977
60.3115551795623,1.02622239450073,58.3317567125449,62.3233976419152,1135,60.894
61.0281811050806,1.02257553984639,59.0549925132681,63.06206069903,1136,60.316
60.6702693033538,1.03098251847832,58.6193324457904,62.6725469249993,1137,60.372
60.6777135330694,1.04484331050287,58.6381404148761,62.7299466013878,1138,61.001
61.1389612581786,1.01944485056013,59.0891570228366,63.1308069712966,1139,62.456
62.2498309304765,1.04393800725794,60.1824252190671,64.2853241607672,1140,62.015
62.0387224198564,1.03267908334579,60.0022255159607,64.0515190164904,1141,63.082
62.7916910014642,1.04910894562414,60.7447597661991,64.8457821535032,1142,63.753
63.3697612068204,1.03870239805201,61.3253658610298,65.3971691539369,1143,62.739
62.7096331680694,1.03717767574851,60.6641925536165,64.7163746598682,1144,62.207
62.2065446082787,1.02165965798834,60.1782848375725,64.1688910116137,1145,61.67
61.7860277262022,1.02792896007591,59.7269682695324,63.8072951708469,1146,62.616
62.4246034758822,1.02292954660589,60.3958396397356,64.4339815829828,1147,63.384
63.0642099668404,1.03377347193125,61.050983606428,65.0766508471973,1148,62.593
62.5368346969872,1.01887283513506,60.5295362112248,64.5402847568778,1149,62.394
62.3268186464439,1.01495480533402,60.3444930676177,64.3090062030168,1150,61.898
61.9555718581724,1.04163582456179,59.9205840330791,64.074755392174,1151,62.081
62.0679466373823,1.02344917447832,60.0641722803969,64.0894772605399,1152,63.323
62.9725402160482,1.0336704486619,60.9155247794774,64.9762239232345,1153,63.393
63.1164328516369,1.03176392090529,61.0737237415795,65.1489598587701,1154,63.125
62.9444969275889,1.02696026907089,60.9476655292982,64.9519113447552,1155,63.372
63.109051888009,1.02131765081469,61.0960235422886,65.0911201931558,1156,64.094
63.6676731544487,1.03326677047302,61.6524777765784,65.6590935621841,1157,62.806
62.7595343007575,1.03495051716016,60.6952261926019,64.768652869014,1158,63.162
62.9279841103761,1.01671953297442,60.8854520868008,64.9005476362395,1159,63.965
63.5325521725746,1.02835097304753,61.4897445434388,65.5428793187451,1160,61.972
62.1551570663685,1.02579851058836,60.147640581179,64.1678633783874,1161,62.328
62.2577009271133,1.02383859597074,60.2585392309348,64.2723160005719,1162,63.496
63.1446965246436,1.01085437456276,61.1322457426458,65.0862686555677,1163,62.663
62.6000073725937,1.04582441337934,60.5399738281323,64.6572749917363,1164,58.738
59.6802238067408,1.02820756540093,57.6431845270622,61.7109898738814,1165,59.924
60.242956055877,1.03660415716142,58.2147616346537,62.2892103796892,1166,60.57
60.7838500008058,1.03091986200097,58.7668827244597,62.7954915778103,1167,61.914
61.8232524509152,1.0410291658275,59.7645157036179,63.861227354501,1168,61.488
61.6177731225347,1.01495959143275,59.6097187972906,63.6267240377875,1169,62.94
62.6562464819012,1.02747803742099,60.6422537726803,64.6403429844137,1170,63.225
62.9798531881178,1.03312293948051,60.9823086695067,64.9821813567845,1171,64.272
63.7755309668441,1.03974387523021,61.7379250531735,65.7979100273758,1172,63.111
63.0050089588691,1.03028352209701,60.993849929914,65.0229504959063,1173,62.945
62.8151968111802,1.03253444896413,60.8153275161326,64.8271018842504,1174,62.433
62.4020494267094,1.02765002458751,60.4088348023975,64.3900622892785,1175,62.391
62.3307976231856,1.02392161304352,60.2855295164073,64.3385927850612,1176,63.732
63.3146852408426,1.03039431910331,61.282619333181,65.3757078884666,1177,63.958
63.5642762588999,1.03256775436805,61.5243544898713,65.5620469955763,1178,63.837
63.5149593172227,1.03422917405069,61.4630785598722,65.5461551344451,1179,64.418
63.9217124262357,1.01393889741144,61.9482084197423,65.8772258425565,1180,64.158
63.7910850937816,1.01756291747221,61.8136896936139,65.7911379545452,1181,64.201
63.8129074533403,1.03724269505862,61.7819252380527,65.8706219821738,1182,64.25
63.8308591766714,1.02731937171412,61.8193555359094,65.8050924016174,1183,65.405
64.6926788989831,1.01575287360582,62.7154354022177,66.6838521269875,1184,65.198
64.5983025345962,1.03554452095656,62.5478933436499,66.6326884829739,1185,60.237
60.9930157086069,1.0439965823602,58.9633238748271,63.0197681462512,1186,60.354
60.707334350812,1.03070267724825,58.658104388433,62.7093561709713,1187,61.649
61.6134504258268,1.02689242256049,59.6150268363068,63.6625509789722,1188,62.055
62.0126729862227,1.03569886152287,59.9980891847706,64.0546677405532,1189,62.788
62.5880243933169,1.01535260342343,60.6338619266024,64.5807360414909,1190,62.714
62.5854061816255,1.02934991777394,60.559639028168,64.6048309927829,1191,59.302
60.0866408028387,1.05179535665269,58.0229076439907,62.1635518521105,1192,60.807
60.9248821488763,1.0354998506608,58.9042441635848,62.9802094015593,1193,61.965
61.8735756372406,1.02445822474669,59.8888281226746,63.8632554772607,1194,60.95
61.2309524413793,1.01729142626255,59.2740100661516,63.2304038303619,1195,59.961
60.3960815657436,1.03763242496153,58.3477942532827,62.4095030722155,1196,58.363
59.1987820142145,1.03951782698103,57.1852650178229,61.263771410521,1197,58.726
59.3374111467323,1.03247846723609,57.3067049711243,61.3959532355712,1198,57.567
58.4692619243145,1.01508711050504,56.5134690302324,60.4702473346796,1199,57.742
58.5321476619721,1.0223516427749,56.4888102406196,60.5523031971177,1200,58.657
59.1971614965447,1.03435382002686,57.2260293389618,61.2392739470156,1201,59.257
59.692412884172,1.03003833894721,57.6893259899885,61.7048294014812,1202,60.561
60.6763384528015,1.0347556711845,58.6573902524235,62.7067094701452,1203,59.29
59.8598817920693,1.03839952110659,57.8485462612445,61.9141846134579,1204,60.069
60.3725348168663,1.01822388771416,58.3664408131058,62.3739109070406,1205,60.925
61.0294864274089,1.03516187210909,59.0271430204133,63.0418059035306,1206,59.73
60.2232795497789,1.03896646137807,58.2137312951152,62.3116103272364,1207,60.743
60.8808332561566,1.0290030757574,58.8869824868124,62.9289260962738,1208,58.952
59.6577462679723,1.03631826461894,57.6433872716107,61.6920853899602,1209,59.839
60.1900973163382,1.03526502495152,58.2003478582864,62.1927387427674,1210,60.458
60.6772236287043,1.04038109124587,58.6756578336352,62.7087912358933,1211,59.466
59.9886290147712,1.03195980871552,57.9908824864665,61.9642701943754,1212,60.53
60.706770708647,1.03406239858735,58.6590048947981,62.7112094000506,1213,61.948
61.8126412568257,1.01617498899811,59.8276845869129,63.8195807262435,1214,62.212
62.1350021273283,1.03388779629389,60.1374507171934,64.1716917747873,1215,61.394
61.5572354206296,1.03340554994784,59.53114305221,63.593535473489,1216,59.478
60.1148677713768,1.03172078977233,58.0762785325026,62.1317895356281,1217,59.09
59.6651965538364,1.0271014361502,57.6702013334809,61.6973808097856,1218,60.191
60.4330066695525,1.02898222498149,58.4397736766781,62.4549926025595,1219,61.153
61.207228808768,1.03273525303356,59.207497411151,63.2472840731825,1220,61.685
61.6905427697637,1.03972353208426,59.6675045251828,63.72381047281,1221,61.793
61.8233065039699,1.02621967211479,59.8333466492219,63.7989555912542,1222,60.888
61.1219576349998,1.03751399584872,59.0871894823932,63.1701401105416,1223,61.533
61.5845238592305,1.03788522827929,59.5805552978366,63.5958244191288,1224,62.195
62.0890259494253,1.03793159163824,60.0081982454689,64.119640695865,1225,61.68
61.7795753575782,1.03438220500108,59.7762484498589,63.8017018387695,1226,61.532
61.6190714015997,1.03525144026304,59.5969682076519,63.6436139148041,1227,61.532
61.6019149449471,1.02959414942101,59.5689849352542,63.617914394874,1228,60.875
61.1351275317194,1.05579034030675,59.0765150185062,63.2228727376169,1229,61.729
61.7083075446803,1.04101344691815,59.6640991840371,63.7489441888081,1230,62.832
62.5669750079336,1.04193517513365,60.5249007865982,64.6176645286968,1231,62.387
62.3227130479593,1.0311551948498,60.3420136564948,64.34960880604,1232,61.795
61.8859002205137,1.03652585955473,59.8178945618181,63.9010730303834,1233,62.201
62.1223224486033,1.03235501924574,60.0969496846685,64.1868905717893,1234,62.772
62.5726072726123,1.02819341582528,60.5439887017246,64.5611584823921,1235,60.175
60.7248831486912,1.03788896543208,58.6739208662787,62.7510346506026,1236,60.905
61.0485249525609,1.01852173566856,59.0325678606419,63.0396846219623,1237,60.41
60.7248501532193,1.03561691181095,58.6882285471228,62.7639194290905,1238,61.932
61.8148407318893,1.01911330098954,59.7962972006203,63.8052131765249,1239,60.825
61.1041436384187,1.03602473411239,59.0897042779959,63.1377119289963,1240,62.084
61.9515009248273,1.03476097914627,59.9177526706877,63.9222570791589,1241,62.465
62.3275785727245,1.03637134723819,60.2642322499438,64.3215398868794,1242,61.286
61.5046239184149,1.0292773247174,59.5210498021304,63.4805367105802,1243,60.248
60.6446459454715,1.04062931646854,58.6428177248159,62.700974769794,1244,61.112
61.1830860762408,1.03287077214182,59.1556714930847,63.1794033223975,1245,61.567
61.5847707326088,1.03254619732341,59.5731083333532,63.6001256506452,1246,60.947
61.1701880119892,1.04248607534562,59.1251238964237,63.2323037721496,1247,60.082
60.4997466098065,1.03187743848124,58.4858809534541,62.4855839867958,1248,60.137
60.4636882712428,1.0210687254131,58.468941555428,62.4480715846065,1249,61.686
61.5999968108232,1.02498443813388,59.5999750614731,63.6214464320246,1250,62.155
62.0668227034504,1.02248390435944,60.0201859928854,64.0791547641763,1251,62.333
62.2553753420607,1.03072760105832,60.2011348144462,64.2258074204937,1252,62.142
62.1102398403625,1.0390495055038,60.0784495727147,64.1395226694884,1253,62.231
62.1699132632513,1.03767201735455,60.1041568910736,64.2038070177496,1254,61.913
61.9185272406511,1.02305003054466,59.901989793293,63.9006142861919,1255,61.892
61.9095285297088,1.04731866188728,59.8485691433072,63.9676571085386,1256,61.644
61.7208820248739,1.02903283026027,59.7371192326386,63.7290242008004,1257,62.525
62.3507990189372,1.02318628782807,60.3498562732637,64.3391314721834,1258,63.242
62.9250329126344,1.02262185909047,60.9198689356189,64.9530073543779,1259,62.81
62.6741665489211,1.0049231931615,60.7085348779903,64.6291562410586,1260,62.787
62.6275645232359,1.0155719729165,60.6303192442189,64.6329945377952,1261,62.769
62.598884382828,1.03593328456884,60.5692441686196,64.614689739875,1262,63.504
63.1812559014647,1.02596632028767,61.1943214414562,65.1799201679987,1263,64.646
64.0462847830264,1.03713855036026,62.0064979996849,66.0617997350304,1264,59.149
60.1288298535565,1.02938799999186,58.1425379512801,62.1431035005479,1265,60.65
60.8204786575034,1.03477723315788,58.7801111051467,62.8326970897221,1266,61.454
61.4618945085931,1.0411187732867,59.4148926284284,63.5067799994736,1267,62.448
62.2649995735725,1.03562873080364,60.2343811166103,64.3053175848384,1268,62.809
62.6107053105908,1.03449074124698,60.5646428855121,64.6299656457144,1269,63.021
62.7933892932493,1.02435034722208,60.7679603415462,64.7840920195024,1270,63.03
62.8465574536372,1.04690824154388,60.7779321185885,64.9439366776824,1271,61.966
62.0651875067108,1.02502163147937,60.0391712061735,64.0846355563628,1272,61.895
61.930942353678,1.02770293370214,59.9411585847953,63.9319594673944,1273,63.206
62.8742651158458,1.04368419341123,60.8417072336636,64.8946290645473,1274,63.275
63.0378425097285,1.02661734035256,61.0318467147005,65.0978475339875,1275,62.818
62.7090225312289,1.03777225528304,60.6694311941533,64.7613631597305,1276,61.693
61.8450061754357,1.03515348149488,59.8169974377206,63.8657675492593,1277,62.898
62.6378851016863,1.0203417635339,60.6378672093553,64.6317999749905,1278,62.866
62.6987079557343,1.03027874722167,60.725881934375,64.7334891427225,1279,63.235
62.992881494531,1.03509253218147,61.0090143288636,64.9993348182155,1280,62.593
62.546023332139,1.02099135823667,60.5410747006991,64.5445071318149,1281,61.675
61.8435533532982,1.02891055147305,59.8293242249536,63.901850058348,1282,61.678
61.7669617676884,1.0456971188008,59.761995609886,63.7963907534347,1283,60.84
61.1451206720146,1.02039961194575,59.1924188868787,63.1700751844286,1284,60.687
60.9536564376426,1.03869454349226,58.9072937660617,62.9699740775366,1285,59.982
60.4226387496766,1.0247093911066,58.3982950047796,62.410573840046,1286,60.773
60.9277607877904,1.02629275743734,58.9191119127085,62.9552115707747,1287,60.434
60.7376536631462,1.02015841799676,58.7326799921442,62.7606244206291,1288,60.026
60.457512895874,1.04360269732469,58.4267628255273,62.5248217111281,1289,60.3
60.6134205619723,1.03087780576963,58.6038445701792,62.6225165356951,1290,59.868
60.3061382149979,1.03122162178197,58.306616022549,62.3061208831792,1291,60.127
60.4648336768621,1.01735901783148,58.4490087834915,62.4468263803437,1292,60.798
60.9530669384683,1.0315052453711,58.9485908864919,62.9386721329868,1293,60.149
60.5350622188079,1.02965904847056,58.5351201079364,62.5492505757783,1294,60.656
60.8678562018773,1.03073050954908,58.8718915145733,62.8611415723827,1295,61.366
61.4341423634864,1.04077176914649,59.3749891008844,63.4794781659992,1296,60.509
60.8821691618795,1.02572813140169,58.9078102615332,62.900298796149,1297,61.424
61.4815158649195,1.03329279995114,59.4636154129669,63.5244943215396,1298,61.005
61.2417168093044,1.03520043082534,59.223260989792,63.2536838064138,1299,62.39
62.222999561143,1.03024470949886,60.1734619050061,64.263353740265,1300,63.457
63.1095712696024,1.0111965294628,61.1523731008143,65.0882217536241,1301,63.291
63.0744619054736,1.04493756979942,61.0451344820242,65.0920146523686,1302,63.458
63.1950585925305,1.02352936879204,61.2000018169222,65.1869748738583,1303,63.485
63.2244396435912,1.04209239437153,61.1620395169039,65.3037874835788,1304,64.396
63.9118391816801,1.04046750991961,61.8572054601334,65.9621387457924,1305,64.364
63.956040613382,1.02832554814393,61.9256937219198,65.9892685176768,1306,61.681
62.0058037280452,1.03366995418048,59.9982583658144,64.0450925772894,1307,62.743
62.5749866127308,1.03225803399009,60.5478890907975,64.5904855459599,1308,63.558
63.2202047155097,1.02877895312918,61.1916545663107,65.2053550487498,1309,63.377
63.1496552123602,1.02047503659696,61.1484721341013,65.1257335589992,1310,64.149
63.7215658898241,1.01418386098532,61.7135830668694,65.7252754172635,1311,62.835
62.8259269982946,1.02957617091875,60.8017173938517,64.8445982683141,1312,63.01
62.8526593414383,1.02943230773705,60.8248935561763,64.8902759328652,1313,64.01
63.5780664507616,1.02786880802985,61.5386748812996,65.629333375157,1314,64.963
64.3448644423544,1.01063147357393,62.4016221512629,66.3630135389305,1315,65.13
64.56153168257,1.02999723082907,62.5478814652612,66.6298100700504,1316,65.085
64.5524207122615,1.03576949718755,62.5173708621913,66.5784307670445,1317,65.315
64.7200351526563,1.03207174290199,62.6819709636,66.7499478908048,1318,64.622
64.2315239162425,1.03756797344531,62.2031574847293,66.2640026813083,1319,62.837
62.885043296922,1.04339587842921,60.8570732114727,64.912265141884,1320,62.609
62.5628041467426,1.0256235470519,60.553351394715,64.5769027272602,1321,63.429
63.1442860656032,1.02050988875202,61.1549500507943,65.1947399162605,1322,63.719
63.3932732995361,1.03020786729072,61.393592779828,65.4342422696283,1323,63.068
62.9574890149724,1.03833536897925,60.9225131046027,64.9368574723242,1324,62.717
62.6563861400791,1.01393628771614,60.6630426378351,64.6541939676052,1325,63.815
63.4187799378193,1.02514511723742,61.4034361726429,65.4353493750377,1326,63.758
63.465075915091,1.03312124863834,61.4458737137168,65.4794959653253,1327,63.026
62.9224025765869,1.02971707189231,60.9374765442391,64.9420556545699,1328,62.574
62.5437207443373,1.03337175077295,60.5111241563304,64.552972482526,1329,63.717
63.3605487416027,1.0335302985438,61.3479858832628,65.3710355097256,1330,64.61
64.0734733291365,1.01562231827849,62.0826686743425,66.0708727438277,1331,64.086
63.7732823856902,1.03700599029941,61.7094739828788,65.797179167892,1332,64.019
63.6697865251291,1.05879508886469,61.5772942841716,65.7485149960365,1333,65.02
64.4104234785827,1.04757402831966,62.3558757200596,66.4633672112451,1334,65.218
64.6345679038095,1.03119686494454,62.6234985159973,66.6444723063017,1335,63.492
63.4039580900201,1.02924929160438,61.391604876754,65.4199634492837,1336,63.193
63.0438564172742,1.02934318089163,60.9976131269864,65.0518873146655,1337,63.341
63.1085864557152,1.04195587347348,61.0838107337893,65.1393173716381,1338,60.986
61.3970893816782,1.03238603377966,59.3769287673334,63.3718470483438,1339,62.599
62.4037857753109,1.01484234993753,60.4111383149599,64.3646799157045,1340,61.656
61.8092924888787,1.03346115876601,59.7911876013692,63.7822874525321,1341,62.046
62.0495018941843,1.03733468057897,60.0595421602877,64.1387010823336,1342,62.957
62.7366027383645,1.03843302703303,60.6580028175234,64.7524266321916,1343,62.156
62.2184899475288,1.03630569232706,60.223838605459,64.2603745591112,1344,58.965
59.8367784389314,1.03744572319421,57.8255160448419,61.8919836505134,1345,59.727
60.1398094431513,1.01787041583821,58.106556274327,62.1248817529179,1346,60.024
60.3873618413039,1.05214488099424,58.3203948320179,62.4200030886399,1347,61.445
61.4687083733237,1.03166478416413,59.4835298247758,63.4814128011848,1348,61.848
61.8557853657135,1.03088830979848,59.8527208453839,63.8760196465082,1349,61.288
61.4930970977548,1.02702907314305,59.4806925869128,63.5565807172971,1350,60.927
61.1726833940375,1.03339067625253,59.1720126910325,63.1814319457221,1351,59.725
60.274408380683,1.02849953128407,58.2593686766593,62.3022323170743,1352,61.293
61.3204842568418,1.03654967168852,59.2748838630726,63.3771044404801,1353,62.063
62.0057406869289,1.02903936228206,60.0011057723291,64.0566768743551,1354,59.262
60.0517630015027,1.03218672427231,57.9951661206266,62.0405552932708,1355,60.852
61.0056240726533,1.02606821112992,58.9699850966176,63.0129010765612,1356,60.94
61.1380182037021,1.04329504028546,59.1000779423677,63.1973312032982,1357,59.406
60.0276290282565,1.01724245408067,58.0708214275269,62.0440632946536,1358,60.955
61.0535977981048,1.02342762495226,59.0402683662886,63.0558024580264,1359,59.783
60.314078603744,1.04248746962934,58.302664136093,62.3398234015451,1360,58.302
59.1508165000512,1.02630094287492,57.1162899267053,61.1408835781397,1361,59.955
60.2311011939038,1.03119519481056,58.2499994290422,62.2589759144726,1362,61.077
61.1587681775963,1.03585612810886,59.0911085203726,63.1694133343447,1363,61.59
61.6277719677627,1.02685091661745,59.551817706089,63.6499132308049,1364,62.679
62.4907491561976,1.01795534039727,60.5209096873069,64.5196889340951,1365,61.685
61.8437675921326,1.03512543959433,59.8517144790817,63.8537246572933,1366,62.88
62.6520996248814,1.02475231572384,60.6462440680409,64.6883566403388,1367,63.752
63.3790597633393,1.0418514306014,61.3334141772162,65.4486738426584,1368,64.003
63.63878319698,1.04143071158882,61.6124801425368,65.6973649971575,1369,64.518
64.0330985309967,1.03991941262048,62.0345046019016,66.0781701458046,1370,64.911
64.3967971837307,1.03310549599159,62.3503273295149,66.3969483898597,1371,65.267
64.6682666269297,1.01931358774069,62.6873077976168,66.6665425883761,1372,65.315
64.7302239787835,1.0175155001074,62.7298616179058,66.761657114931,1373,65.295
64.7357492472313,1.0408227229433,62.6997826299698,66.7675886223367,1374,63.819
63.6494543412968,1.03851803892318,61.6352769763105,65.6887562530204,1375,61.685
61.9923654935989,1.02889588128528,59.9531930935671,63.9928247346571,1376,62.467
62.3503389648215,1.0293274739086,60.3615986097628,64.3869444830004,1377,62.429
62.3892606908381,1.03039126652547,60.3479285208149,64.4322100924893,1378,61.01
61.3605666497931,1.02200161133844,59.3801014945573,63.3565208352149,1379,61.935
61.9129897269469,1.03233383394671,59.9070522959195,63.9514862412369,1380,60.004
60.5807622316943,1.02646846081843,58.5441032757189,62.5854229457278,1381,61.168
61.2809410957849,1.00873950773814,59.294074986615,63.2695364664303,1382,60.725
61.0322632742699,1.03079878565545,59.0314832211859,63.0792661510777,1383,61.752
61.7635951444747,1.03025930464819,59.7991816189499,63.8029973132158,1384,61.177
61.4118974145686,1.03698488397124,59.362413813412,63.437488839248,1385,59.323
60.036088109252,1.02811536190237,58.0250462537308,62.0367163810411,1386,60.506
60.7495476172633,1.03835126755949,58.7133532567568,62.7580209398051,1387,60.828
61.0568801161937,1.02937610258455,59.0701262171454,63.0746397735057,1388,59.183
59.891709856745,1.04030937122103,57.8694250115852,61.9169608758582,1389,59.299
59.8539346611743,1.02359532756919,57.8403978317114,61.8390401617525,1390,59.716
60.1581498549296,1.02368161803254,58.1945675499741,62.1662297383777,1391,60.277
60.5885866814359,1.0316213742212,58.5587380343551,62.6363946175478,1392,59.628
60.1811005105781,1.03766810516464,58.1553543591429,62.1924296308439,1393,60.252
60.5868593791244,1.03970439317076,58.527694676761,62.6443933808701,1394,59.601
60.164911830097,1.03499177473485,58.1763614053562,62.2396181655124,1395,60.058
60.4334818829619,1.04862811259414,58.3743633759225,62.4592883650272,1396,60.821
61.0245192021488,1.02102724260178,59.0178161168951,62.991046225466,1397,59.954
60.4597510204759,1.03080890190214,58.4134234773788,62.4658385383615,1398,58.645
59.4408872510769,1.02632688565408,57.4371687852423,61.4832158117128,1399,59.656
60.0629869719552,1.0391586428904,58.0170754522563,62.1177743241641,1400,61.084
61.1705606102436,1.02585559346326,59.1580338336221,63.1802589689883,1401,59.787
60.3509869809288,1.02982479678692,58.3392993431741,62.3753220913408,1402,59.902
60.3359179590745,1.02326030289367,58.3623368671308,62.3568170005025,1403,61.034
61.1622957138414,1.02247640145518,59.1473437038645,63.1546656671433,1404,62.595
62.4051989893286,1.02551472177781,60.3673665037234,64.4181289452665,1405,62.106
62.1694803218245,1.03377435173162,60.1640247019476,64.1619710629252,1406,60.787
61.1959225009354,1.02741618391688,59.1840126400951,63.1921747414571,1407,61.915
61.9120431096826,1.04320511425771,59.8607923705233,63.941861676003,1408,61.683
61.8284855248724,1.04359589837135,59.7565707300548,63.9005141214765,1409,60.834
61.1837925086379,1.03495696247393,59.1527432929944,63.1940318558389,1410,61.646
61.7090834302926,1.02176022368533,59.7011518954051,63.7111908910089,1411,62.014
62.0699504822359,1.0228315810178,60.0651173505556,64.1190139684713,1412,63.054
62.8368627036749,1.03009141997839,60.8036395115571,64.8578603132294,1413,63.035
62.9013783159818,1.03620066763497,60.8583197641754,64.9416425101606,1414,61.712
61.9775025855228,1.02556631727372,59.9815831447596,64.0366439502153,1415,63.206
62.9418229451044,1.02555859275019,60.9200731939864,64.9795316153317,1416,62.581
62.6070744764754,1.03024422972266,60.6176079799059,64.5925943381702,1417,61.901
62.0694364616139,1.04664949769551,60.0452553605588,64.1048329461921,1418,62.53
62.4293686975035,1.03033238193699,60.3813613079046,64.4604107729303,1419,63.33
63.1066882739,1.02567861557854,61.081070977241,65.144144142311,1420,63.521
63.3200836561664,1.03187571266391,61.3174083958213,65.3368404241195,1421,63.412
63.2335696018249,1.02494001759445,61.2058585591532,65.2418037760887,1422,64.107
63.7458011588469,1.0272124412234,61.7321825670423,65.7134604322254,1423,63.791
63.5601949075428,1.02959369665234,61.5509652381706,65.5575863425098,1424,63.067
63.0329860693728,1.03341622483789,61.0007260586518,65.0364037283865,1425,62.935
62.8705999595041,1.01844081825238,60.8709978534471,64.849264483521,1426,63.331
63.1424686594775,1.02326492778685,61.1171022402471,65.1391455112496,1427,62.796
62.7780769391847,1.03415518498854,60.7728045317047,64.8493855740244,1428,60.487
61.0621179360294,1.03444804333209,59.0376386359772,63.0734328536986,1429,60.489
60.8864273449549,1.03523349341282,58.846323354542,62.9162820635695,1430,60.448
60.8410393275983,1.02097800436144,58.8484972280899,62.8108480912177,1431,59.391
60.0476524419639,1.04696271571543,57.9431908587063,62.0925672705169,1432,59.089
59.7396170478141,1.03374522161624,57.7183381030713,61.774138079684,1433,58.591
59.3496280648603,1.03470727038092,57.3492066958749,61.3880568446603,1434,59.477
59.9617763915759,1.0325720745723,57.9144547585719,61.984385402908,1435,60.335
60.6572284270902,1.03305404688746,58.6224197480648,62.6604122336863,1436,61.504
61.5841999117183,1.03679659487033,59.5437893720519,63.6272079618734,1437,62.798
62.6241036659673,1.03129991295321,60.6385863650816,64.6524417707416,1438,62.974
62.8838974121029,1.01968226328279,60.900931007838,64.8564779178365,1439,62.039
62.209836226016,1.04059607955701,60.1999873066998,64.2704909056965,1440,63.195
62.9894230651643,1.04203199878683,60.9857240986427,65.063753500857,1441,64.148
63.7789386390961,1.02138736655555,61.7538834319879,65.7487434658508,1442,62.593
62.7193720900823,1.03971763853367,60.6550488272897,64.763038661934,1443,63.539
63.2996710026027,1.03312037794022,61.303387990835,65.3526963792634,1444,64.653
64.1371838545607,1.03170611117515,62.1554040992424,66.1818089385057,1445,64.455
64.12880090887,1.04071101045779,62.0583855575685,66.1712530799262,1446,62.854
62.9359434402765,1.02064350524695,60.9761966868141,64.9142605807969,1447,63.019
62.945240334917,1.03604946833507,60.9473372418217,64.9521928897446,1448,62.967
62.8972044435448,1.05519789594586,60.8073820303232,64.9521831415373,1449,61.96
62.1479389453655,1.02942045062096,60.1213633042415,64.1792864903301,1450,62.855
62.7337354781826,1.02742632604572,60.7109328520141,64.7279083751423,1451,60.997
61.4429862769027,1.02767343370758,59.4569462753071,63.4556997413965,1452,62.664
62.5012539013339,1.02727538394921,60.4925214275324,64.5166300021237,1453,62.608
62.6156419540264,1.04070220774987,60.5885971493383,64.6640522501202,1454,62.085
62.2241603476662,1.04088618927363,60.2133756297321,64.2676577417619,1455,61.68
61.8956013166175,1.0284610712293,59.8845117964798,63.9296666486351,1456,63.091
62.8812770297564,1.03004494667321,60.8880212794764,64.9052240940697,1457,62.631
62.6723243620913,1.03149720360271,60.6454219547593,64.7065296899052,1458,61.221
61.6162873169132,1.03831334897635,59.5704492096934,63.6316269095142,1459,61.526
61.7168231146497,1.03727462181086,59.6754333650769,63.7451065285335,1460,60.316
60.8753455676039,1.03457482069655,58.8452577881833,62.8901302829907,1461,60.999
61.2556542453846,1.03631206753027,59.212199350812,63.277845576618,1462,62.324
62.2747365879619,1.0297282515546,60.247151967106,64.2834685170929,1463,63.02
62.8659449263386,1.02156959722669,60.8775621230074,64.9213520493906,1464,64.038
63.6829781900881,1.0377197934645,61.6521286555109,65.7224647017536,1465,64.601
64.1816923893351,1.03249748660004,62.1338702108551,66.2060750411717,1466,62.739
62.8801707300025,1.02429480734425,60.8957402141641,64.8953331601716,1467,62.618
62.6255441663307,1.02728118354237,60.6025776274143,64.6530028968116,1468,61.94
62.1485447137685,1.0345536159523,60.0931897282927,64.1107952090804,1469,59.291
60.1203267542667,1.02756736862621,58.1164240225011,62.1480287052427,1470,60.446
60.7765735158149,1.0272778753634,58.7137796600206,62.7566009222814,1471,61.884
61.8813169239918,1.03530822894216,59.834855018231,63.8805451756135,1472,62.185
62.2537797026175,1.02342138188289,60.2541525204644,64.2475556849865,1473,62.147
62.2550072430258,1.0322287438833,60.244710095029,64.2789289023133,1474,58.394
59.4809845909949,1.03794268610401,57.4824781722741,61.5720393354264,1475,59.349
59.9223973770149,1.03082293382873,57.9077374572203,61.9696950101143,1476,59.189
59.8320939241545,1.04187397131103,57.7784589765737,61.8552749246181,1477,59.361
59.9564322535967,1.04444620600171,57.9262912188957,61.9572061538452,1478,58.653
59.4677585513047,1.01894869673525,57.4758955036124,61.4883475847092,1479,59.984
60.3689281651415,1.03708163705041,58.3007383959887,62.3719895856122,1480,61.67
61.7100849949694,1.02632615352349,59.6646554684561,63.7077601733026,1481,62.085
62.1493025941862,1.03460197982127,60.135503639931,64.1868171145732,1482,62.633
62.586464765797,1.03122571742775,60.5495937883832,64.6025813764437,1483,63.21
63.0776706768014,1.03852349689971,61.0542478650707,65.1451467290951,1484,63.065
63.0034327273637,1.0287553221434,60.9872874938134,65.0475062456647,1485,59.277
60.2322642601537,1.02706883777943,58.2611574796006,62.2660332435468,1486,59.797
60.352953950648,1.03473741623653,58.3317814897861,62.3732061357498,1487,58.635
59.4886453219397,1.02603772559531,57.4737761314109,61.4810007678721,1488,59.846
60.2915756809811,1.02755936703759,58.319403758469,62.3157875574966,1489,60.918
61.1614759214355,1.02419667375295,59.1377371714669,63.1518692949013,1490,61.61
61.7453940250425,1.03728656182829,59.6681077467527,63.7613212198359,1491,60.585
61.0656232680006,1.03679360735762,58.9924858578848,63.0811795565079,1492,61.766
61.8585590288392,1.02348538323155,59.8508161179792,63.8756555890965,1493,62.947
62.7782569385346,1.02209927365477,60.7687910626434,64.7652915666813,1494,63.674
63.4183413858963,1.0360299105597,61.3357994635495,65.4596042321731,1495,63.792
63.573604956572,1.03127169240883,61.5576234732343,65.6104714514644,1496,63.906
63.6776564368942,1.03238325068141,61.6601724478039,65.7046240947244,1497,63.746
63.5881284954943,1.04215125001984,61.5186449214077,65.5964588101971,1498,62.031
62.3119399791581,1.03555513350894,60.263431035938,64.3348850065213,1499,63.326
63.1158048209857,1.03029645364063,61.1060421719042,65.1203184804889,1500,64.172
63.8156758021967,1.03770840308051,61.8131777981306,65.8582925708073,1501,65.117
64.5659184280354,1.03473130041814,62.5051294321322,66.5601077478464,1502,65.261
64.7877896211459,1.03806575028502,62.7249268669399,66.8264899556582,1503,63.693
63.6415010898756,1.04640029335351,61.5651553191486,65.6614443376057,1504,62.448
62.6105901142645,1.04427763421115,60.518073203514,64.6977588082093,1505,63.694
63.4178551047175,1.02331551975583,61.4643492478386,65.4370249741485,1506,64.151
63.8331679001531,1.02999602001626,61.8187492128971,65.8886707809928,1507,63.563
63.4396322266914,1.03669295944134,61.363809091758,65.444457778296,1508,63.706
63.5013713041512,1.02667729885095,61.5256784145232,65.5452863243684,1509,64.804
64.3387306165401,1.02682623429165,62.3166692404225,66.3199819912578,1510,63.659
63.5921583420881,1.0176651883401,61.6210892363513,65.6013283320334,1511,62.235
62.4522063735416,1.03304643162145,60.4435234911762,64.4663456895749,1512,61.059
61.4616604839993,1.0281172644392,59.4203878054796,63.4679526044852,1513,61.388
61.6257778068345,1.04978127343011,59.5610417480289,63.6879469526563,1514,61.865
61.9648993542072,1.03551721241356,59.943540215562,63.9995826202971,1515,61.84
61.9857533593538,1.03262206655244,59.9856010109381,64.0386966571261,1516,62.2
62.2544588118766,1.03201005287284,60.2169292761346,64.2659455415712,1517,61.745
61.9502696634698,1.05246471024103,59.8970877709263,64.0065994851747,1518,63.228
62.9852859305652,1.0207178991654,60.9785610576426,64.9921619921151,1519,63.047
62.9862578569543,1.02203351304915,60.9678227709529,65.0116469925133,1520,64.153
63.7686089937796,1.02474361835301,61.7368457635793,65.7651556944715,1521,64.271
63.9315388007408,1.04835754645087,61.8539879321165,65.9590623140801,1522,62.376
62.5878997203225,1.04230995875374,60.5160686979039,64.6194536538619,1523,58.96
59.9473956733542,1.04281843311136,57.9016697237003,61.9467716441545,1524,59.497
60.0490884787111,1.03520294356948,57.9612708338705,62.0443123920392,1525,60.941
61.1196678719224,1.02580734272789,59.0966608992676,63.1403776665654,1526,59.791
60.4175687569367,1.03214646203555,58.3669198349222,62.4576978348277,1527,59.343
59.9985728074395,1.04374824417934,57.9620070641257,62.0454511474996,1528,60.261
60.6121973554821,1.02802064144287,58.6113071465616,62.6175199768777,1529,60.198
60.6223936647424,1.03519424215098,58.6018882165039,62.6223809749615,1530,61.003
61.2371012569926,1.03345599256995,59.1987922013662,63.2857318124326,1531,61.574
61.7129614706126,1.02574119567327,59.7113933355888,63.7062481181328,1532,62.487
62.4099964066544,1.02482517640828,60.4226558833631,64.4022904093792,1533,62.422
62.4605929592147,1.01687581736501,60.4373431007283,64.4003037654611,1534,63.719
63.384292123989,1.04372503251695,61.342561978171,65.4148512899833,1535,64.091
63.7706482185229,1.03885795486074,61.7242858615495,65.8271379287583,1536,63.499
63.377915424171,1.02916089905211,61.3366340568439,65.3818964066758,1537,63.221
63.1022368280842,1.0310405691674,61.0568088619826,65.0945346662747,1538,59.678
60.5414305838445,1.03556708859586,58.5066758964934,62.6068216203967,1539,61.115
61.3044676894658,1.03750516951855,59.2720451581203,63.3482303953205,1540,60.14
60.6633747687697,1.03853125279978,58.6604487148305,62.7355347027457,1541,60.407
60.7852382799758,1.05887908219939,58.7245743072631,62.8766347895523,1542,61.127
61.3224515830757,1.03244913952275,59.2814754629053,63.3559544988085,1543,61.841
61.9139467856136,1.02969491089915,59.9401565502588,63.9135498277341,1544,61.102
61.4435487325299,1.02022527469265,59.4276614420491,63.4391707094384,1545,61.214
61.4591274504331,1.02282649308231,59.4859483191032,63.4469381131078,1546,62.105
62.0991956457763,1.02794189532075,60.072924765038,64.0948595423144,1547,61.968
62.0807204660782,1.02362360844148,60.0757554450604,64.0751981838499,1548,61.828
61.9680170285033,1.03009023318194,59.9468030806853,63.9545175569583,1549,61.156
61.4760534588817,1.04336775606435,59.423317112444,63.5391007022254,1550,62.038
62.0647752013916,1.02727894014031,60.0494431047749,64.0637032103445,1551,63.28
63.0282612308828,1.03732407879573,60.9642247195427,65.0452048264493,1552,61.71
62.0025633452886,1.02913820161098,59.9764494817029,64.0071244157029,1553,61.686
61.866694262458,1.02481937339715,59.8466893484657,63.8868243583995,1554,60.908
61.2893721865681,1.03193488823199,59.2564389101465,63.3449662749237,1555,62.349
62.2623494284009,1.03280120644025,60.2672820425831,64.3303916298757,1556,58.996
59.9169147513283,1.03179774430506,57.8990892953364,61.9159888398992,1557,60.63
60.8622119576559,1.03612995270608,58.8143660843303,62.8890139097769,1558,59.603
60.2108536342325,1.03924592738982,58.0996154188991,62.2536530114052,1559,60.992
61.1552089181384,1.03267249571336,59.1410120911484,63.1864320584132,1560,62.322
62.2390864488646,1.02889927505106,60.2430148426642,64.256458250808,1561,61.633
61.8514966589352,1.02540730315672,59.8334028029677,63.8461465208357,1562,60.935
61.2887966830717,1.0210858172804,59.2890961169056,63.306587361571,1563,60.305
60.7365821028561,1.02295271341187,58.7414569932352,62.7579986054195,1564,61.259
61.4321887583982,1.03604866308306,59.4226895122856,63.4741462153744,1565,62.72
62.5358381389161,1.03759595284036,60.4673352383955,64.5642238782513,1566,63.394
63.135528450878,1.0361851042975,61.1079905431495,65.1465070372724,1567,63.666
63.414035831108,1.0262360920385,61.4153171804109,65.4290121848603,1568,61.995
62.2342765774099,1.02860671371879,60.2159861040114,64.2795999769834,1569,62.937
62.7816745563624,1.02745561646296,60.7832573105846,64.8063139754637,1570,63.804
63.4481611650249,1.03227772025037,61.4103672563201,65.4292484832993,1571,63.77
63.5197827643884,1.03350201098217,61.5084381328669,65.5347194802558,1572,64.638
64.1633324961253,1.02605873775777,62.165606859861,66.2136060140255,1573,64.076
63.8417762373882,1.03035722134161,61.8248942736381,65.9047959912805,1574,62.118
62.3454378535893,1.02291943162156,60.3105648077404,64.3657955850168,1575,62.937
62.7958169497544,1.026013164248,60.774416753799,64.8022642971102,1576,61.927
62.1184141388979,1.016995291658,60.1542299428203,64.1088749462166,1577,61.554
61.7745985566477,1.03169172903518,59.7690340452986,63.7864884690956,1578,60.976
61.2935843700097,1.02253676079497,59.2651759766838,63.2661443878734,1579,61.98
61.9929123764002,1.03414851763613,59.957876367034,64.000094663176,1580,63.17
62.9165413356963,1.05456997055457,60.8143344363865,64.9804155650843,1581,62.32
62.4184392604429,1.04005658096557,60.3792097436034,64.4336648058151,1582,63.378
63.1432892556533,1.03234062840979,61.0715037059583,65.1463762180006,1583,61.545
61.8998714863502,1.04096890535427,59.8499813572575,63.9746747338715,1584,59.591
60.3031618316978,1.04327498396108,58.2874492774169,62.3297517163146,1585,59.804
60.315566827423,1.01409147606204,58.319142601912,62.2728217435367,1586,59.561
60.1147288654992,1.03010421466095,58.1203414101661,62.1316920852212,1587,60.216
60.5713825111538,1.02663492597509,58.546323295739,62.5894133773282,1588,61.369
61.457142761671,1.04064233462567,59.4264237178245,63.479259122516,1589,59.571
60.2354662146215,1.02559461720536,58.2334772126189,62.2354918261519,1590,59.981
60.4069534804363,1.02998503367202,58.3649329872026,62.3919132334584,1591,60.832
61.0710735696599,1.02017787508706,59.0903845900948,63.0452636594604,1592,61.559
61.6586249080589,1.017834300992,59.6667304305222,63.6252305312152,1593,59.838
60.4711509667827,1.02065217800458,58.5202553531383,62.5070256089358,1594,60.445
60.7856561515099,1.04345753400074,58.7509020330104,62.8364747887338,1595,60.31
60.7110836418615,1.03026589138284,58.6937727133389,62.6980642903239,1596,61.441
61.5203991742779,1.02806358110439,59.4514088644204,63.5192679249931,1597,61.778
61.8551409520049,1.016209367072,59.8935407816202,63.8390063774871,1598,59.787
60.43439800062,1.03291892190787,58.4253338636171,62.4636507264142,1599,60.27
60.6707671923591,1.02659307077352,58.6709168323137,62.6892289026141,1600,59.557
60.1738837614787,1.03362947725441,58.1312622042386,62.1798831389213,1601,57.748
58.7870170771632,1.02885585417688,56.7727500828286,60.7805988923675,1602,58.923
59.5196652985308,1.03956995339924,57.4717424610602,61.602193175489,1603,60.029
60.3750300843733,1.03151289378076,58.3321772782699,62.3966501072004,1604,60.93
61.1329335850009,1.05298663702286,59.0705281114009,63.1872568505153,1605,60.805
61.115883525492,1.03391564962202,59.0712420892758,63.1346592103763,1606,61.613
61.7042171266341,1.02860097099755,59.6668345956912,63.7001275568208,1607,60.914
61.2524302621083,1.0142592518468,59.2389629027871,63.1819893383277,1608,60.753
61.0965107303396,1.02064047203309,59.0852351264571,63.0771098942061,1609,61.806
61.8270523109112,1.03801646548443,59.8057241666721,63.8556591953949,1610,61.188
61.4845358665118,1.04392792697912,59.4743501634911,63.5073474835698,1611,60.899
61.2096264436141,1.04147282997985,59.1422175587071,63.2294979576615,1612,61.541
61.6529955571695,1.02859261252709,59.6666399433683,63.6293078179532,1613,60.687
61.0863860367304,1.03278941160646,59.0975784382444,63.1349607900131,1614,61.349
61.4989088131252,1.03650574487147,59.4640476954118,63.5016393210597,1615,62.543
62.4054440333518,1.01737942033016,60.4032744837128,64.4294848207718,1616,62.593
62.5580574029491,1.03777237701002,60.504786113939,64.5890632569011,1617,61.881
62.0327419452091,1.04518788007894,59.9788494838132,64.0933686738296,1618,61.996
62.0854304825405,1.03843994784276,60.0523344033329,64.1499346390046,1619,61.26
61.5763050952169,1.03314665961411,59.5316438037473,63.5763477580813,1620,62.762
62.5949452863832,1.03121232538902,60.5652955525559,64.6663458177775,1621,63.37
63.1206381987112,1.02075927843009,61.1237407495905,65.1114259527344,1622,63.305
63.1754181786555,1.03173008054,61.1939558170217,65.1837936079358,1623,63.367
63.2130610974355,1.01409123011048,61.2421987550303,65.2235298630589,1624,63.231
63.0985184581919,1.01935647786032,61.1324911766611,65.1406199267981,1625,62.792
62.7630283615842,1.02534195396951,60.7538487300927,64.7667611161794,1626,59.767
60.521507808333,1.03272954114306,58.4980744237123,62.5556782207517,1627,58.297
59.2028074263809,1.02531148402768,57.1515305486423,61.2072498074141,1628,59.066
59.6482520766339,1.04361451560079,57.54703674515,61.6387046916359,1629,58.596
59.3577386960717,1.03643088874469,57.3026463964514,61.4002601905382,1630,59.766
60.1621039833909,1.0212260676915,58.1707414553282,62.1846451859409,1631,59.78
60.2561108514737,1.02164021325742,58.2298221677487,62.2116715575954,1632,58.765
59.5173157465407,1.02826548885989,57.4901616158046,61.5522710040118,1633,60.134
60.455096435795,1.02695762598208,58.4716924616527,62.5046154522431,1634,60.358
60.7051220816246,1.03817184886427,58.6553897170264,62.6937756557728,1635,58.856
59.6405194612138,1.04245584388688,57.599810502333,61.6924582028877,1636,60.075
60.4322581080664,1.04902764921154,58.3630179171727,62.4791012302481,1637,61.134
61.2915246058415,1.0231483355837,59.3065110103912,63.2743888770193,1638,59.526
60.1827193422543,1.0383339958678,58.138982482448,62.2099310138712,1639,60.699
60.9182566232515,1.037950949556,58.8945444852951,62.96432952551,1640,61.285
61.443095300139,1.0396485076712,59.3936465162588,63.525043220898,1641,60.157
60.6549637539179,1.03478363492925,58.6328068319631,62.7225456851542,1642,61.141
61.3100563867683,1.03281173928392,59.2555109443782,63.3312451322358,1643,62.322
62.2212085410965,1.03269867387959,60.1986446199699,64.2410570117106,1644,62.187
62.2412797572641,1.02704992254329,60.2270538205278,64.2590638274066,1645,63.538
63.2198006046658,1.0207548488336,61.2273585896704,65.215780479114,1646,63.698
63.4314192129566,1.03653732023973,61.4307253688087,65.4594182764314,1647,64.489
64.0456911196211,1.0492384402714,61.9947239835742,66.125323040452,1648,64.62
64.18999471087,1.02882554905753,62.1882635384959,66.2134403455389,1649,64.696
64.2882989984399,1.03373553774882,62.2798399605295,66.3924864144703,1650,65.823
65.1140918221829,1.03371281449141,63.0967287179813,67.111973579188,1651,64.153
63.9916349902574,1.04532139280009,61.9933386759421,66.0693940356377,1652,64.604
64.1811725322397,1.02694692651384,62.2216216846833,66.1839965108858,1653,64.97
64.4532450855632,1.04036569465615,62.36588577251,66.4949917520471,1654,65.169
64.638736342232,1.02543611459226,62.6082326404408,66.6550452975155,1655,65.155
64.6583479394175,1.03528622896288,62.6590742311679,66.7099037057697,1656,64.409
64.1477664457379,1.05336982888025,62.0928762245417,66.2407458163767,1657,64.263
63.9494219419718,1.041326349166,61.9317982560158,65.9643221509434,1658,64.541
64.1387686317627,1.04018906771919,62.1386898495245,66.224552931649,1659,64.445
64.0971696147155,1.02994115289174,62.0819516123603,66.1165758907377,1660,64.602
64.220887432864,1.03611784498598,62.1855410776143,66.2643522509459,1661,64.533
64.1577152876191,1.03280941142436,62.1222276182542,66.1688083877774,1662,65.452
64.8023207163216,1.03097101144756,62.7809554708637,66.8373006221551,1663,63.628
63.5552482405555,1.03885101461941,61.5314911477081,65.5916188573164,1664,63.438
63.2918493231763,1.02964785395384,61.3101118273962,65.3479471128859,1665,61.845
62.0970727482413,1.03290818199404,60.1122174839089,64.1203237397319,1666,63.073
62.8655513906574,1.03597561601729,60.8784306335808,64.9018239309731,1667,63.535
63.2919080544958,1.02394816291162,61.2799498847047,65.3312553514469,1668,63.144
63.0224896487019,1.03730247921103,60.9548566377216,65.0555064037933,1669,63.646
63.3755346623619,1.02989509400544,61.368663055327,65.3753185790372,1670,64.45
63.9957834646134,1.03399912793914,62.0121184143149,66.0747451989943,1671,63.232
63.1795981078696,1.03219360590398,61.0966560610975,65.156172786511,1672,63.711
63.440493156936,1.02412588722794,61.4505841243141,65.4541604793564,1673,64.398
63.9643007682681,1.02442335205306,61.9977805496393,65.9605320616861,1674,64.568
64.1257491579672,1.02757401661406,62.1462461185308,66.1809109751992,1675,64.688
64.2686882728203,1.03185481594878,62.2363830382282,66.2744778021868,1676,64.378
64.0236942942349,1.03201715987276,61.9843023978023,66.0412372502376,1677,64.444
64.0430741020018,1.04900573344441,61.9772762076269,66.0526802009883,1678,64.278
63.9209734409429,1.0089571547235,61.9510778474317,65.8804447335955,1679,63.922
63.6865415199645,1.0368218731931,61.6636959911655,65.735536172181,1680,62.538
62.6303408571041,1.04059479286827,60.6094958593339,64.6605110074571,1681,60.485
61.0069169791474,1.03442500234099,58.9821235608178,63.0286110440593,1682,61.704
61.7244193926777,1.02345609232917,59.7076332667599,63.7144418966162,1683,63.091
62.8451104138195,1.03180800649605,60.8578986390966,64.891878279664,1684,60.918
61.3648346613943,1.03780163050956,59.2947528448524,63.3446622434019,1685,61.961
61.9597286438875,1.02486791709403,59.9772667030181,63.9624088174954,1686,62.671
62.5325468459056,1.02643807158102,60.5281297152335,64.4843442610179,1687,63.207
62.9764268286185,1.02590284049275,60.9677935314066,65.0013758345356,1688,62.752
62.7007821522425,1.03303922159313,60.6715690116277,64.7495975583037,1689,62.264
62.3159925430314,1.02878061859968,60.3179777753207,64.3438027025739,1690,63.22
62.9692291515057,1.04789463100327,60.9060728225654,65.005244691708,1691,63.365
63.1558067577519,1.02521382553328,61.158219559413,65.1511553729478,1692,61.962
62.1638362243607,1.01751307625482,60.1844818443972,64.1502720347929,1693,61.814
61.9497874298631,1.04199036422017,59.9144390966219,63.9894166508867,1694,63.268
62.9762635837866,1.03573743620696,60.955596209275,65.0560542533158,1695,60.304
60.8912611870036,1.03582382091238,58.8448413890021,62.9151850452878,1696,60.87
61.1123340756148,1.04664981757721,59.0582917105093,63.1834421948721,1697,60.156
60.6158045380513,1.04002226611677,58.6106482093543,62.6537496731625,1698,60.762
61.0088840430973,1.03379983908603,59.0075947543406,63.0328813819368,1699,61.655
61.7021320575972,1.0261724567252,59.6942973088258,63.7453410725603,1700,62.929
62.6917574234041,1.0379231041146,60.6433640853573,64.6905512116626,1701,63.585
63.2730450082571,1.01846097350241,61.2851259030373,65.3111611957903,1702,61.7
61.9543684117449,1.04657570437776,59.9176315659701,63.9897205613913,1703,62.343
62.3100908558626,1.0309071131022,60.2793508433581,64.3264852074319,1704,63.181
62.9170889079805,1.03762501292606,60.8841516950859,64.9694972626265,1705,63.665
63.3430221340628,1.03146695179688,61.2864916684767,65.3407707089292,1706,64.109
63.7179421953602,1.03564806951682,61.7215197070563,65.7385083948304,1707,63.765
63.5072973391961,1.03206236155197,61.4880586281004,65.5091954113333,1708,63.654
63.4237278127033,1.02417318253831,61.4049363275271,65.4231754286933,1709,63.992
63.6353054181906,1.04022182123592,61.6240945348949,65.6929144397466,1710,63.899
63.5906745690599,1.03165607965444,61.5872006820748,65.6267332336209,1711,60.141
60.8334572150348,1.03657712722537,58.7915020772961,62.8446084393826,1712,61.161
61.3054770312934,1.02247670370582,59.321557413948,63.3387650988365,1713,62.572
62.4080662845197,1.02368457549159,60.4050245310943,64.4190917721739,1714,63.607
63.2487665330337,1.03257596867358,61.2054108250882,65.275565345172,1715,64.57
64.0340253953641,1.03039979086336,62.028765767704,66.0874960599975,1716,64.783
64.2529289166423,1.02430500228939,62.264503824507,66.2804048258202,1717,64.981
64.4407164164744,1.04048718605102,62.4136672381953,66.4763897511753,1718,65.082
64.5414361436386,1.04655649077425,62.5217858827393,66.5877296322567,1719,64.811
64.3563687286259,1.02891741876528,62.3193355079061,66.3820024081501,1720,64.275
63.9535107621212,1.03085615314744,61.9292373729771,65.9774405200364,1721,65.093
64.4784892381423,1.04617957108819,62.407251553709,66.4826882292182,1722,65.213
64.6414532859229,1.03467416517755,62.6329900742205,66.6638097296336,1723,65.697
64.9956284059485,1.02790657147081,62.9884008215689,67.0571281315186,1724,66.687
65.7677968545137,1.04106617659093,63.7474403928087,67.7838217800797,1725,66.216
65.486925274921,1.03393977583803,63.5024934923002,67.5519490477528,1726,63.829
63.7460576052322,1.02907944239763,61.7438260240365,65.7867656459998,1727,64.653
64.1423021651695,1.03854671169583,62.0864351577981,66.1661353183704,1728,64.746
64.2773032829402,1.04226034088003,62.2594157230937,66.2887080665356,1729,65.323
64.6940476661766,1.03442179205252,62.6573494622267,66.7572365191998,1730,63.07
63.113560515871,1.0427564377419,61.086783552949,65.1727787727286,1731,63.433
63.1939817453102,1.02999523348972,61.1634780435014,65.1727574857274,1732,64.389
63.8715740437516,1.03137698518365,61.8408688205664,65.937650842354,1733,63.268
63.1434587590217,1.02293040207999,61.1509128504513,65.1909376864479,1734,62.948
62.8444788131531,1.03357479023024,60.8278179173322,64.8320755291718,1735,63.272
63.0565857899449,1.03493311806651,60.9914508636313,65.0514916866432,1736,63.681
63.3745848607604,1.03224436475713,61.3525692094769,65.4196294703029,1737,64.343
63.8910818626635,1.03349488222013,61.8321796638391,65.9044805641688,1738,63.769
63.5283326957745,1.0420665983294,61.4991230621024,65.5890748881952,1739,62.084
62.2401010240381,1.03604558461633,60.2212979274218,64.2242509623279,1740,62.012
62.0643640330736,1.03899820130761,60.0217674886693,64.0881635105428,1741,62.199
62.1855712784401,1.04435083523779,60.1555838451284,64.2533269359787,1742,61.93
61.9933062962211,1.03194182383365,59.9884976250496,64.0447667424856,1743,61.939
61.9709199700621,1.0408874949192,59.9506278114973,64.0466319904211,1744,63.422
63.0516031223211,1.03893011945193,61.0288073590461,65.0524754189903,1745,64.587
64.0075744592872,1.04287352135961,61.9364469168663,66.015359514455,1746,63.89
63.6093944716991,1.03566775678625,61.5752270998426,65.6319949799194,1747,61.795
62.0376590159621,1.01743443925023,60.0518913082355,63.9950350918945,1748,62.059
62.0754934720248,1.02812956421346,60.0790760931234,64.1175176415076,1749,61.204
61.4339455813559,1.01963503402966,59.4490016075255,63.4713011798012,1750,61.183
61.3689932802251,1.0343308170799,59.324897417983,63.373483001691,1751,62.674
62.4802875701402,1.04056250680888,60.4064988388871,64.5001219586545,1752,60.719
61.1229625497277,1.04477583216714,59.0555483411238,63.2020969652475,1753,61.58
61.6116575679245,1.05066661159914,59.5189117240721,63.6103922049235,1754,60.88
61.1413004722143,1.03562569739248,59.1434061080228,63.1844500684356,1755,60.401
60.7497299282152,1.04077949364694,58.758254988928,62.8107356279631,1756,60.864
61.0447582184823,1.0418909885902,59.0250204892004,63.1049646298979,1757,60.414
60.7645283574324,1.02352683828354,58.7735897837404,62.7662823796604,1758,61.77
61.7168676782985,1.02758422915987,59.6914312848309,63.7375795742192,1759,61.418
61.5570064898244,1.03885339928409,59.5349374637852,63.5943314675563,1760,60.769
61.0490277886657,1.04712745473821,59.0088532282673,63.0805439950126,1761,61.601
61.6114305719859,1.01998670740072,59.6093430895006,63.6281820127009,1762,61.516
61.6317730042255,1.03851988068207,59.6021955925544,63.6210330240813,1763,62.062
62.0183679837113,1.0345615364291,60.0187808145074,64.0502762557079,1764,62.082
62.0665808102896,1.04393972754529,59.9877142639047,64.0855891200445,1765,62.001
62.003265009039,1.03245654522024,60.0070592176013,64.0624416774491,1766,61.447
61.5928835001463,1.03328617506194,59.5342515069844,63.6335492611923,1767,62.103
62.0484763701349,1.03022899536762,60.0462239281172,64.1107313066053,1768,63.145
62.836887744597,1.0303491722298,60.8259748765791,64.8395897472243,1769,61.921
62.0490982247259,1.03734862758789,59.994466829036,64.0730963665248,1770,61.163
61.3636504107193,1.03101787596098,59.3588224094315,63.4040322966803,1771,62.146
62.0492845917376,1.03511269702729,59.9619997516466,64.0254926574072,1772,62.039
61.9969610104732,1.03285835001503,60.0059600746282,64.0143778940311,1773,63.429
63.0437866229249,1.02901071318794,61.0641754600576,65.0675213030404,1774,59.857
60.5128068851281,1.03684347985308,58.4831248570366,62.5909235534411,1775,61.439
61.4477236509179,1.03184397822203,59.4172477206014,63.5015633657347,1776,62.117
62.020131913209,1.01787435278734,60.0342977264238,64.0677900471767,1777,62.478
62.3225925588261,1.02045251916482,60.3847151750257,64.3672547131388,1778,61.188
61.4247430904624,1.03348429881727,59.3961708164924,63.4817222807409,1779,60.663
60.950140744368,1.02706522475181,58.949278800061,62.9937111669641,1780,61.497
61.5182081164591,1.0308038760503,59.4857837450394,63.554636971623,1781,61.62
61.6721935119423,1.02087581241833,59.6851658260957,63.6753726608659,1782,58.845
59.6537018034053,1.03462971292634,57.6277530207711,61.6718469334174,1783,60.297
60.4752309457039,1.03112138158595,58.4365860824457,62.4773746449941,1784,60.724
60.9064542015211,1.04172557988356,58.8870301457866,62.8829031280279,1785,60.409
60.7059625885759,1.03830954812899,58.6575877909454,62.7075409229687,1786,61.914
61.7943873124567,1.02900569062064,59.7774244775444,63.8012451412229,1787,63.367
62.9627685344459,1.04040914815403,60.8770795568751,65.015400453029,1788,63.242
62.978465897766,1.03646774282765,60.9734134921309,64.9637228973045,1789,62.094
62.1264818700852,1.03887804646347,60.1118610605384,64.1780329971165,1790,61.386
61.5681852027224,1.01915003593204,59.5673942119228,63.5654457767452,1791,62.096
61.9921992305518,1.042916334612,59.9703969460879,64.0755082408779,1792,63.67
63.1844176001398,1.03399952409554,61.1518022467931,65.2010544662229,1793,63.556
63.2476542256828,1.02824373565901,61.2272677013642,65.2806018223892,1794,63.299
63.0595676611316,1.02064576604482,61.0320685269537,65.026144189405,1795,61.986
62.0811576126126,1.03735644723596,60.0324379945669,64.0904105198916,1796,62.401
62.276865626441,1.03697391028081,60.2503853263448,64.3563598891224,1797,62.576
62.4435480885023,1.01748076327483,60.447665992877,64.4268405595473,1798,63.803
63.345806123576,1.01724724822998,61.3667090398687,65.3034001041122,1799,64.546
63.9866175370874,1.030690491917,61.9644613448144,66.0119477597004,1800,62.922
62.8634084917305,1.04072162208374,60.7943987671923,64.8614632067512,1801,63.283
62.987835380685,1.02697801741098,60.9541430680322,64.9619214099774,1802,62.971
62.7958460232998,1.01043612483703,60.7919574599588,64.7779796083288,1803,62.976
62.7950061879136,1.03636914044924,60.7779383050801,64.8027516282581,1804,63.31
63.0199239487697,1.0343698173351,60.9875163825183,65.0953149732713,1805,63.229
62.9817647302681,1.03933298682598,60.9535116888964,64.9988771786282,1806,64.336
63.7844488046922,1.0298380475706,61.7760291441133,65.7967586255124,1807,63.379
63.1671124683037,1.02178572614186,61.1963123707637,65.1386885982158,1808,63.983
63.5456255467836,1.01778911036039,61.5682838501043,65.5274738970281,1809,64.319
63.8112129166066,1.03664795053059,61.7529530376599,65.8287872921979,1810,64.251
63.7996210209227,1.02871986148158,61.7643223827512,65.7816909257271,1811,65.117
64.4490684193441,1.0326924319079,62.4122585596108,66.4690004782053,1812,65.106
64.494313564388,1.02847631370486,62.4743024743535,66.5130471479278,1813,63.916
63.6453969419564,1.02664269468151,61.6215757218205,65.6535741305758,1814,64.337
63.8380504698169,1.02881671415876,61.7911657298481,65.864132205093,1815,61.475
61.783297137667,1.04451202788941,59.7440123907897,63.8610566970318,1816,62.583
62.3653207285457,1.03846851656407,60.3188932622228,64.3835905715207,1817,61.905
61.9290571941991,1.02867875697792,59.9351700913598,63.8902757692594,1818,63.323
62.9409754069442,1.03029176863229,60.9571208079395,64.950793995447,1819,63.018
62.8071614374447,1.03685816630817,60.7681962477387,64.8244721149394,1820,62.671
62.5326256130344,1.03276411156813,60.5497507264597,64.5647007269545,1821,62.378
62.2813406324103,1.03408782869769,60.2114845497313,64.323172539282,1822,62.37
62.2670165271538,1.02175683246526,60.2267090769551,64.2018252837285,1823,60.873
61.1555499139068,1.02755322518998,59.1723765643813,63.1626098033327,1824,59.62
60.1259006347536,1.04119141429436,58.1350388237528,62.1748148847242,1825,60.698
60.8161571613082,1.02227859236054,58.8329315026475,62.828014446693,1826,60.019
60.3855977110484,1.03841771577944,58.361616843644,62.4402679557749,1827,59.265
59.8040086129441,1.02688280064599,57.8277883389386,61.815945269208,1828,60.378
60.5429885354386,1.03147186823039,58.5240727495954,62.5321062993473,1829,58.842
59.498834111481,1.02775046245966,57.4944664084622,61.5219262806329,1830,59.356
59.7603284200842,1.0298645693442,57.7492173816651,61.7652731349176,1831,60.215
60.4091357110966,1.02762956477928,58.3929085182083,62.4400281034172,1832,61.784
61.6232001902102,1.03646988703533,59.5796853903722,63.6462361489914,1833,62.498
62.2883762525844,1.0213076386101,60.30692807825,64.2836825189475,1834,63.514
63.1013002732069,1.02773720678538,61.081489140603,65.1290872881153,1835,62.229
62.2494284572447,1.03832874946204,60.2598822898142,64.257929999063,1836,61.184
61.406466094367,1.02461250185095,59.396111122368,63.4341481227545,1837,61.057
61.2225926719513,1.02595303033138,59.2148299600684,63.2254977559177,1838,62.212
62.0323227319466,1.0256055514903,60.0062146981134,64.0444621752017,1839,61.501
61.5744332602559,1.03017930451649,59.5572074613477,63.5607544916327,1840,59.232
59.8862201404241,1.04103969391923,57.8380648263471,61.8987408824421,1841,60.185
60.4166112017968,1.02547988617243,58.4510585744082,62.4408015710789,1842,61.746
61.5758582292314,1.03161917494646,59.5551451299594,63.6072555507043,1843,59.138
59.8096763294054,1.03501282726554,57.7902488980187,61.8647874321253,1844,60.752
60.8274322329696,1.0197279111693,58.8380674149511,62.8454803761425,1845,61.337
61.3200686831762,1.02385567884025,59.3125459154554,63.3508659901338,1846,61.605
61.5893105584556,1.03737759146006,59.5285626499315,63.611660319791,1847,62.329
62.1460951189022,1.04340149094333,60.1038989228247,64.1694854807276,1848,63.396
62.9816788422633,1.04182483213821,60.9388138549155,65.0269230922185,1849,64.26
63.7032298893415,1.03472131332155,61.6667059430464,65.7229018457047,1850,61.834
62.0134129132282,1.02418792608972,59.9585362366152,64.0147410840758,1851,59.878
60.3915242361829,1.03515894380959,58.3706072222829,62.4093877532053,1852,60.965
61.0147297639909,1.0201663779656,58.9965030805668,62.9960110396521,1853,60.777
60.9543549454917,1.03350813930026,58.9336601816686,62.9875969707241,1854,61.702
61.6146046928995,1.02997898248449,59.5501368902615,63.6048055375863,1855,61.003
61.1810100753366,1.04809714012449,59.0835100085546,63.2063725807324,1856,61.785
61.705732326003,1.04158264109575,59.6577597943484,63.7198213210302,1857,61.164
61.2893054269176,1.02171194139948,59.2881655689924,63.2805681227973,1858,60.148
60.5127124193395,1.04482344688208,58.4377376375005,62.570282145996,1859,61.561
61.4589852544673,1.02726367290709,59.4345144138582,63.4918196159454,1860,61.515
61.5209162162656,1.04150677707707,59.4807650003542,63.5948222075861,1861,62.215
62.0339370998946,1.03552120924774,60.0424996076938,64.1326272847422,1862,63.004
62.6875714422845,1.02986474711085,60.691139682792,64.735090188085,1863,64.111
63.5649778970084,1.04036216240647,61.5018407142432,65.6097241204057,1864,62.506
62.4683994682208,1.02383025354843,60.4575411161254,64.4931268811709,1865,62.052
62.0179826955605,1.02260376478844,60.0089021460737,64.0199177468049,1866,62.25
62.1230495691763,1.03807146310595,60.0929515976272,64.1718289571213,1867,61.916
61.8875687214812,1.04245000046524,59.8553897204177,63.9209382037106,1868,62.389
62.2267510315805,1.02632838775366,60.2259411597896,64.2221717425141,1869,63.151
62.7834521579435,1.02121103668385,60.7832633914173,64.7893492023623,1870,63.487
63.1000157007402,1.03886708780107,61.0337948685794,65.133912819496,1871,64.31
63.7449656138901,1.03500625681695,61.7250471337623,65.7520141737994,1872,64.154
63.7137433378578,1.03863747561583,61.660859515532,65.7743468854258,1873,64.852
64.1933527292502,1.0189400933227,62.2283697393525,66.2229480330585,1874,60.751
61.2490475977164,1.06024410977821,59.196589359992,63.3720209016844,1875,61.944
61.8138941725738,1.0410467689275,59.8158672370817,63.8477324485926,1876,60.56
60.8526908365665,1.05031152073674,58.8110323659067,62.8905080011716,1877,59.335
59.8662371345243,1.04021938324427,57.8158810922865,61.9218359474739,1878,61.03
61.0012783566506,1.03677463786714,58.9844523027151,63.0472920699111,1879,61.979
61.8157531413203,1.03665050673388,59.7520912118284,63.8044858525618,1880,62.797
62.5181438025187,1.03975554898277,60.5007514195232,64.5621126842672,1881,61.891
61.9242642978815,1.03033726312882,59.912467808755,63.9523795355518,1882,60.849
61.0816467689072,1.03140736021323,59.0425014678759,63.0743239746158,1883,62.418
62.1598321808859,1.02887257829548,60.0991130883361,64.1430378033934,1884,62.759
62.511388759518,1.03114110759611,60.4889605405475,64.5243914915947,1885,61.143
61.3593784594149,1.04277711273535,59.2967653271299,63.3904093369068,1886,61.888
61.8089419988079,1.03365573959405,59.7460610814309,63.7851626860882,1887,61.112
61.2499053676847,1.03055653591073,59.2383084242807,63.282376730499,1888,61.983
61.8527453127254,1.02496976130757,59.8839397490892,63.8542726404792,1889,62.806
62.4964795886808,1.01790662826862,60.4895943694152,64.4963854120425,1890,62.847
62.6458651652593,1.02651911513116,60.6519340974793,64.6661657926938,1891,62.753
62.5679865442518,1.0164350257164,60.5815735199416,64.5544898600463,1892,62.749
62.549945265009,1.02525489047684,60.5219454044124,64.5523120239864,1893,63.048
62.7641560025193,1.02287557577623,60.8088822848473,64.7536585447486,1894,64.012
63.4681741251125,1.04074601984912,61.4112127300983,65.5007510962302,1895,63.696
63.3446004081597,1.02743881458025,61.3298919387139,65.3078441166009,1896,61.703
61.8535876554672,1.03394088021364,59.8466050046569,63.8713576701916,1897,63.157
62.7895204843854,1.02511779482906,60.7344431280741,64.7719123537401,1898,63.66
63.2592081145767,1.02302837716836,61.2329618641774,65.2314930415597,1899,62.229
62.2406898943203,1.03316084185321,60.2076860731394,64.2724320330812,1900,61.748
61.796919843066,1.04201865670318,59.7618280515338,63.8225053133619,1901,62.761
62.480832658521,1.02758278518635,60.4501292378832,64.4734730303586,1902,63.736
63.2632859046664,1.02826493662289,61.2772250198951,65.2935636224692,1903,64.606
63.983095992529,1.01965859336779,61.9476443244402,65.9716110243187,1904,65.167
64.476238409662,1.03147244439869,62.4714363740129,66.4544163836162,1905,65.567
64.8200622097582,1.03455695421649,62.7877855011722,66.8396389122937,1906,66.544
65.5729837158328,1.03045739857489,63.55426245954,67.5944526872774,1907,61.759
62.1709511088894,1.04601672145679,60.1300192042516,64.2249529853599,1908,61.332
61.4999210134217,1.03043233793815,59.4893155879352,63.5148540473692,1909,60.984
61.1604600517245,1.03358051147827,59.1094213431618,63.1805277926305,1910,60.473
60.7514440021017,1.01692723135566,58.7435718190558,62.7360440785414,1911,61.293
61.2999002815978,1.02948702101342,59.3084120303627,63.3302703515316,1912,61.904
61.8119035424078,1.02458796564426,59.8059371923555,63.8299808557526,1913,61.815
61.8188170752132,1.04210971137029,59.7917039684648,63.905225904053,1914,62.12
62.0418774539798,1.02657196299828,60.0115947935789,64.0878615083396,1915,61.679
61.7567381915562,1.02700317672933,59.7709911265084,63.8174062220676,1916,61.614
61.6568451069582,1.02301061345189,59.6395880734203,63.6504659706043,1917,58.819
59.5883187730793,1.03422688054554,57.5651374310218,61.5993010865362,1918,59.455
59.8734035758244,1.04265245709718,57.7997666281241,61.9108203169638,1919,60.862
60.8861969198824,1.03081560824433,58.8575478887351,62.8960632512277,1920,59.94
60.3456117418611,1.02042580035719,58.3662306187188,62.3498879815294,1921,60.41
60.6310087062563,1.0297989641272,58.600937232886,62.6318535020005,1922,60.727
60.8920341497097,1.02849488689921,58.8832105841294,62.9273665610862,1923,62.308
62.0853936334002,1.0290844280049,60.0628200462161,64.1129142197792,1924,61.699
61.7496436006894,1.03634468262835,59.732494675417,63.7827616850615,1925,61.517
61.5866460977825,1.03139161229444,59.574837550279,63.6079048454039,1926,62.824
62.5100129184246,1.02365500216443,60.4795954322876,64.5152469055691,1927,63.125
62.8294022163848,1.02594464075288,60.8246697045982,64.8481053877959,1928,62.677
62.5618482182338,1.04482585470908,60.5353643712687,64.602439885233,1929,60.711
61.0626504189482,1.03155541516062,59.023761035316,63.0789698549417,1930,60.433
60.7284584003672,1.0330028817548,58.7175742125598,62.7309687239784,1931,61.095
61.1724387473334,1.01939641825665,59.1671825059751,63.159955619917,1932,60.191
60.5377886472786,1.02590898070134,58.5153777472786,62.5450946607377,1933,61.007
61.0954155177083,1.03980108965169,59.0075366479457,63.1489558590071,1934,57.225
58.3868189884599,1.02765661695919,56.3435310015435,60.3828467256446,1935,58.443
59.0110562672889,1.02812156129515,57.0079088739887,61.031556456609,1936,59.812
60.0612197405886,1.03635242282951,58.0399656963183,62.0512707445361,1937,60.549
60.708733237313,1.03457012584528,58.6983486087456,62.7438119281254,1938,60.709
60.8795618860272,1.0195037904243,58.8820790981778,62.8482192579437,1939,61.43
61.431218701105,1.02005384689287,59.4274902409562,63.4394712338311,1940,59.39
59.9964318269617,1.03399117946074,57.9809845901306,62.0031317108088,1941,59.87
60.1950355665374,1.03889841195972,58.1540818787246,62.2291509232795,1942,59.867
60.2223323735022,1.04722706905451,58.2033722950267,62.257572252992,1943,61.06
61.0754638788245,1.03251368318467,59.0676562508919,63.1143177285908,1944,61.258
61.3222674965406,1.02851154313333,59.300152950304,63.3251591766996,1945,61.232
61.3423348292694,1.03187417952311,59.3392663983762,63.3870477383361,1946,61.673
61.6762668229023,1.03864967449269,59.6338499892812,63.7116837121887,1947,61.891
61.8357665244208,1.02571400458212,59.7998919823862,63.8281939850541,1948,61.543
61.6242172149584,1.03293750567304,59.6035775908099,63.6048776995049,1949,62.597
62.3665284907059,1.03529722468524,60.3236197675194,64.3748468929496,1950,63.152
62.8487020692662,1.02392497925744,60.8334027893184,64.8712128930782,1951,60.882
61.2535841959678,1.02995274606144,59.2051431264375,63.255349208887,1952,61.415
61.4490364953267,1.03306203523981,59.4222739898,63.5071834030435,1953,62.801
62.5164304602613,1.02209853751157,60.509720258139,64.4999533867203,1954,62.306
62.2464103832766,1.02633418419099,60.2733064201413,64.2432234624613,1955,62.312
62.2157783697348,1.03789972023061,60.1654736222897,64.2238434501663,1956,62.103
62.0564302981938,1.03091080335483,60.0071310678655,64.0633608618706,1957,63.015
62.7281098177444,1.0275360322767,60.7232402621048,64.7202895246782,1958,62.509
62.4201379666991,1.0231659463089,60.4367475907579,64.4235245764078,1959,62.366
62.2761119497931,1.01779823468136,60.3160333580514,64.2949013066792,1960,63.401
63.02095768967,1.03134203096632,60.9990516020132,65.0451214937399,1961,63.032
62.8340716418056,1.04745519003269,60.7753617553791,64.9043701716992,1962,63.751
63.3523975045091,1.03435338612463,61.3143540229386,65.3815280483144,1963,63.26
63.0257147250291,1.02324217591524,60.9960698117415,65.0498193910465,1964,64.166
63.6444165232079,1.02392627294088,61.6352256181909,65.6194726953945,1965,64.231
63.7804845998296,1.02183806637828,61.7702197122846,65.7901567558827,1966,65.209
64.4905384247646,1.03745905393065,62.4230702099847,66.5196665541691,1967,64.988
64.4155660082345,1.03751875343245,62.3918762882601,66.4383360354611,1968,64.66
64.1639314671905,1.03708205243917,62.1687620413946,66.2185821832634,1969,65.445
64.7233528153172,1.03184727163021,62.6956641819373,66.7488659655449,1970,64.599
64.162129085001,1.03631424244752,62.1796754086849,66.217208960222,1971,64.305
63.9115014214969,1.04771390414029,61.835909966363,65.9725350214729,1972,64.227
63.8050763946952,1.02805032196793,61.7381058003037,65.7992239922823,1973,63.896
63.5547788037343,1.02457721522981,61.5655179396004,65.5737163182378,1974,63.844
63.4733873208106,1.01567329869871,61.4449552507116,65.4576408969827,1975,64.037
63.6270282483684,1.03919027147247,61.5750104192278,65.6660166741674,1976,63.867
63.5190803034551,1.04211177211175,61.466855251876,65.5532812358255,1977,64.537
63.982965088602,1.05237953227495,61.9112115176176,66.051844609155,1978,64.634
64.0966874042521,1.02658671212461,62.0409608090073,66.1389935933506,1979,65.088
64.4764974392905,1.03938108456501,62.4224638950872,66.4975949906738,1980,63.182
63.082687609536,1.03394204270433,61.048774979198,65.1531054590135,1981,64.004
63.5442749056952,1.03134376576884,61.4980349779307,65.5471423478644,1982,63.849
63.4940108417338,1.03227409123704,61.4891635855335,65.5722922222572,1983,62.551
62.5302924739188,1.04021468681326,60.4420338473568,64.5304450762301,1984,62.521
62.4283712380973,1.02924243925051,60.4272673051067,64.4324600028994,1985,62.808
62.6095820189514,1.02122108733148,60.6526988447258,64.646264307799,1986,63.919
63.4491438056424,1.02197936062842,61.4398517873747,65.4396945388586,1987,63.273
63.0831833375149,1.03289169150265,61.0562129333624,65.1133898837291,1988,59.748
60.4685827656343,1.03790712476794,58.4510223501894,62.4850031920816,1989,58.069
58.9403557326566,1.026875634871,56.9198113651186,60.9885718927468,1990,59.631
59.9198790797515,1.0299419820717,57.8835706359588,61.8730930450084,1991,60.372
60.5802614371533,1.03687936001546,58.5463684730919,62.6194361496425,1992,61.32
61.3040214012734,1.00828658854746,59.2863352771895,63.2804163245323,1993,61.097
61.25827446706,1.03634967505675,59.2143595552954,63.2663024699348,1994,61.416
61.4828551752713,1.03485800011838,59.5011968777419,63.4862506241104,1995,62.096
61.9910413287197,1.02843677099739,59.935751205013,63.9712212075631,1996,61.687
61.7499932039432,1.03525458008195,59.725933550348,63.7786151616629,1997,61.08
61.2620783819801,1.03435738366667,59.251630849169,63.2513908088685,1998,61.277
61.3540475814301,1.021019342499,59.3530337463377,63.3838673043871,1999,62.824
62.5353469109326,1.03679894179867,60.4922242368496,64.6140780697766,2000,62.233
62.2125868106429,1.02617575329721,60.2035184421373,64.2676250851594,2001,61.623
61.7302826413144,1.03717155849087,59.7136139329336,63.7912230196186,2002,61.433
61.5385789895694,1.01967472956426,59.5232740249731,63.5725698389634,2003,61.215
61.3564630541847,1.02652361827989,59.4067251347525,63.4002427231866,2004,60.586
60.8848550849957,1.01683013974407,58.8979645922086,62.8911784310419,2005,60.709
