"Estimate","Est.Error","Q2.5","Q97.5","year_bp","elev_obs"
62.2551242918375,1.05111486664252,60.1642730633541,64.3362197664798,0,63.972
63.5194763940526,1.02273179521548,61.5044991965396,65.5433525772481,1,62.921
62.8549121413172,1.03987316462343,60.8319778468016,64.8789067446824,2,63.648
63.3463759221669,1.03929575205353,61.270238120264,65.3902598062999,3,63.5
63.2894220939694,1.03374086230146,61.2827866445533,65.3198931588376,4,64.262
63.8392426866252,1.04075381093881,61.8352784586026,65.8603398926095,5,64.811
64.3014813693167,1.01288594135214,62.3016111752648,66.2773052681785,6,65.487
64.8139610184688,1.02212669161968,62.8381043134132,66.8160338097102,7,65.762
65.1041195345421,1.03443304503124,63.0966921424788,67.1480091952589,8,62.387
62.6385762022625,1.03692398109059,60.6333991885752,64.6715765609943,9,63.744
63.3878096281389,1.03406040290506,61.3822791765386,65.4032461888378,10,64.038
63.661823151815,1.03667575572399,61.6174401316635,65.7116571188897,11,60.011
60.7552387196569,1.02980980895973,58.7437476050056,62.7696382746177,12,61.239
61.3457579351355,1.02810592325181,59.3427113107391,63.3695795058139,13,60.647
60.9682645590858,1.03373466139502,58.9409634704777,63.0285086255428,14,61.411
61.4971438208848,1.03202316776661,59.5189464999963,63.5239525856971,15,60.548
60.91372769533,1.00845973680337,58.9146882507856,62.8629742450267,16,61.891
61.8468762407762,1.01776917553705,59.8412606439539,63.8318898120979,17,63.348
63.0109238995076,1.0436800807347,60.9621738396165,65.0414992072038,18,63.328
63.1038990210692,1.02991150605293,61.1144982339552,65.1617255187658,19,64.268
63.8349311902042,1.0274183025458,61.8185249505119,65.8167456420063,20,64.685
64.1971851379132,1.03915249149321,62.1711857534492,66.2407910982995,21,65.734
65.0186964289797,1.04021080574594,62.9851776537885,67.0749928026301,22,66.733
65.8245880976946,1.03686706947745,63.7956198570581,67.8736683214351,23,64.476
64.2462727632772,1.03136832961355,62.2122203586169,66.2595951916015,24,63.729
63.5340796063625,1.03254451326003,61.4403871207841,65.5633829116602,25,64.36
63.9317926154265,1.03208394322971,61.8684463936983,65.9461318036393,26,63.77
63.5253775808598,1.01313869693826,61.509844271337,65.5085481113149,27,64.179
63.8215954515867,1.01962449413729,61.8415299398235,65.8050179935754,28,61.302
61.7316015250415,1.02928275069793,59.6696490975633,63.766648310594,29,61.121
61.3784888294463,1.0345968013159,59.342720674246,63.3669462421978,30,62.505
62.3298134924309,1.03545665250548,60.3096673693464,64.4024777252695,31,62.562
62.4826242771279,1.02757344817424,60.4834136330305,64.4861622977566,32,62.611
62.5317180732626,1.04807961784781,60.4764174585285,64.6121993875492,33,61.565
61.7801551258936,1.02584675184935,59.7808884357619,63.7918822270794,34,62.674
62.5296505509638,1.03393988325972,60.5328403466979,64.5640037780806,35,62.584
62.5176319784368,1.03047571383272,60.4925020906496,64.5336793793219,36,63.688
63.3264182514997,1.02927412764583,61.3336556679032,65.3910576384577,37,60.422
61.0167843884886,1.02538798793938,59.0594213986304,63.0844244147286,38,61.896
61.8659052172725,1.03766731187663,59.8076094994668,63.8632504380935,39,60.876
61.2149549035456,1.0449272889008,59.1698735662874,63.2695939236531,40,61.643
61.7004177396144,1.02868127580161,59.7021152372486,63.6942976468654,41,61.27
61.4744068268025,1.04187983087967,59.4670971263339,63.5633948932452,42,62.541
62.3847544126124,1.03347851366737,60.3055508181121,64.4092148189517,43,61.963
62.0523325736664,1.04245942177663,60.0246586421543,64.1338043331167,44,60.081
60.6478502324764,1.03910398457734,58.6123950185059,62.6870372309677,45,61.341
61.4266526297431,1.02337543595223,59.3922033839295,63.3704030405095,46,61.972
61.9631876414565,1.03017665571801,59.973157990799,64.0171630663893,47,63.052
62.7864160519168,1.03254817445208,60.7320633353849,64.7981845502712,48,61.574
61.8235526468943,1.01870251433219,59.8257537254542,63.7979010004762,49,61.414
61.6133435470523,1.03857298862981,59.5920460600408,63.6543543468666,50,60.317
60.7845244673565,1.02076156164598,58.8021822487712,62.7610388778902,51,61.099
61.2545627930485,1.02629233412668,59.2636812237776,63.2856396511136,52,61.874
61.8880596288877,1.02011926389921,59.8819333085475,63.880198313009,53,61.46
61.6263992533321,1.03882487522867,59.5517924326869,63.6210617133725,54,59.017
59.8376491186651,1.02538781608094,57.8211396633321,61.8787787323784,55,60.303
60.5567575629238,1.01387870890047,58.5739412777531,62.5447192122817,56,61.543
61.5674846072576,1.0380684028123,59.5249076823611,63.6096316004644,57,62.204
62.1448354356354,1.02575558982595,60.1064988413712,64.1330733484695,58,63.55
63.1896368468917,1.03350245980522,61.1894836432831,65.1927672454432,59,64.437
63.96180521413,1.02237178771749,61.9731352661176,66.0065385931227,60,64.618
64.1561057710215,1.04634201210575,62.0753799419389,66.1593931037884,61,64.852
64.354682253973,1.02757815556769,62.3477030255994,66.4038874837718,62,64.848
64.3829547201595,1.02869941276536,62.3479380840241,66.3959298529879,63,64.953
64.4606923244907,1.03746930720392,62.4523561384449,66.5169754289873,64,64.772
64.3292297821987,1.0216382506109,62.3646915074758,66.3648731427173,65,62.793
62.852613205524,1.02723355122684,60.8213254638349,64.8540933765158,66,62.899
62.8036712320087,1.02621327141556,60.7802491003969,64.7833818867427,67,63.734
63.3950786717999,1.02572219094673,61.3899289620593,65.403843411921,68,62.664
62.6541935642477,1.03332083823325,60.6454834530942,64.6648418581937,69,61.28
61.5780780629876,1.02884363899979,59.5847216513371,63.6345883303226,70,60.552
60.9394833688859,1.02318393923638,58.9531440557205,62.9676864653052,71,58.136
59.088006750162,1.01859192441738,57.0530477263275,61.0947936657167,72,59.547
59.9612229855623,1.04085537886121,57.9188738333885,62.0174732331967,73,60.58
60.7843716415038,1.03508228649118,58.7143195669663,62.80484690419,74,59.43
60.0337020309321,1.03492078534923,58.0353989397335,62.1003399817907,75,59.59
60.0664609517612,1.03151348865631,58.0151207920311,62.0828229617154,76,58.931
59.6017768748636,1.0328698587023,57.5860378691018,61.6380244792317,77,60.566
60.7582205594333,1.04398252680782,58.6864150353698,62.8073376063722,78,61.808
61.7803795862818,1.0249173545134,59.8104751121319,63.8008651381712,79,62.164
62.1419096100383,1.03114280272568,60.1298641625614,64.1569097498486,80,61.915
61.9973490848527,1.02470853587694,59.9964051879254,63.9899915926746,81,61.855
61.9444269364909,1.02663334189448,59.9417592461983,63.9489593439198,82,63.279
62.9779120966404,1.02863384412948,61.0135444607104,64.9654858851943,83,63.639
63.3260342699015,1.02099388761916,61.3277284647858,65.370225514251,84,63.75
63.4626948863507,1.03433172681717,61.4388203761184,65.5356051405592,85,63.852
63.5464947805021,1.03686719145864,61.5126530198827,65.5676632108553,86,63.997
63.6692024115133,1.03810970033151,61.6612521248862,65.7543598022056,87,64.296
63.8947024128748,1.01604964362392,61.8844753812348,65.9118517030309,88,65.26
64.639507783929,1.01196901507757,62.6575906906959,66.6377346132074,89,65.598
64.9477747869789,1.02212788001297,62.9443906779175,66.984129890181,90,65.697
65.0795904276173,1.03698616014186,63.0147700453355,67.0988357500674,91,65.214
64.7243905924011,1.03004580458174,62.7012607968242,66.7721557709575,92,63.84
63.6923243606435,1.03028701004118,61.6559455021719,65.7154723095366,93,63.991
63.6669997717567,1.01975178575206,61.6736935403444,65.6910476709155,94,64.782
64.2786829145199,1.0266394667784,62.2575166549828,66.298367015945,95,64.565
64.1614603095544,1.03265035518316,62.1398577799959,66.18273826951,96,64.833
64.339522182295,1.03802820760755,62.3302845756889,66.4077148758297,97,65.078
64.5233874006178,1.03230290060007,62.4929174617487,66.5515052429265,98,65.337
64.7598133958742,1.02233927155338,62.7612052894742,66.7900225880968,99,64.262
64.0175060873369,1.0308149804221,61.9801326732961,66.0239508208585,100,62.693
62.755059097042,1.04148628417866,60.7000734000712,64.7833852309982,101,61.023
61.4391194941294,1.03993611645162,59.4045156917563,63.4800366200176,102,61.65
61.7307505014071,1.02980663382887,59.733640589482,63.7399494408417,103,61.846
61.8928682657448,1.02518803671453,59.9390333271598,63.9374858610951,104,62.719
62.5655405036228,1.04239553968645,60.4891867942911,64.5567543009608,105,61.002
61.3776348438999,1.03582389082695,59.3383011624102,63.3934315317788,106,60.939
61.1886241149921,1.03191126275318,59.1603421329522,63.1875478878876,107,62.157
62.063101472945,1.0180741498465,60.0682574243634,64.0245417632239,108,63.137
62.8926870614148,1.04612087884422,60.8438210982044,64.9673453253083,109,63.602
63.3188497838741,1.0272567933773,61.3114846615683,65.3155450728018,110,63.993
63.6407926285398,1.0352087213998,61.6547188802999,65.7297277903242,111,63.527
63.3492923886157,1.04012311204808,61.3451695172161,65.4250244139377,112,64.056
63.7124808377787,1.02981354142103,61.6957482760571,65.718236487586,113,64.295
63.9069003931243,1.02233820322097,61.9144329169978,65.9396946930423,114,65.071
64.487187806694,1.0358994394281,62.4244282190785,66.4800721835548,115,64.455
64.1101351020016,1.02894195075706,62.1263174561735,66.1058441072883,116,63.678
63.5182239974621,1.02378989949094,61.5611727612543,65.5320584537459,117,63.891
63.6023970563408,1.02482327461565,61.5542613285329,65.554919802715,118,63.749
63.5156230127542,1.03029428127005,61.5115380434525,65.5671986989266,119,64.11
63.7671811375419,1.0201228644366,61.8104005513861,65.754038144486,120,63.857
63.5989471429563,1.04769170971198,61.5430470010872,65.6655348326716,121,64.057
63.7348749629036,1.02717762215945,61.7241567197176,65.734241286099,122,61.313
61.7201135424923,1.04197397912415,59.6271078208402,63.7237958329654,123,62.587
62.4654329888658,1.03122507375292,60.4456589859152,64.5206283365806,124,63.248
63.0069270134201,1.01049140214562,61.0036487546165,64.9925720933147,125,63.424
63.2113591720433,1.03413205353903,61.2341291708469,65.2488602112804,126,63.288
63.1447724106104,1.02926949551435,61.1710444927144,65.1851523777931,127,63.992
63.6399909342237,1.03323875168359,61.6015423164915,65.6465713618689,128,61.496
61.8523244979848,1.04269407188241,59.8052447254095,63.9577495861918,129,62.736
62.588318996892,1.02892002310206,60.586360406709,64.6176740373978,130,62.595
62.5457091572864,1.02443552504421,60.5273936755568,64.6099106696571,131,63.35
63.1221904202131,1.02088484503763,61.1484091408774,65.105293430872,132,62.952
62.8576183566346,1.04438409579029,60.7833972482731,64.893781015395,133,63.666
63.3687061289929,1.01955418522035,61.3499491086935,65.3476259160488,134,63.376
63.2204659264635,1.03667570723331,61.188484826431,65.2689500026546,135,64.487
64.0119098585041,1.03596981530634,61.9724037524122,66.0695837995268,136,65.457
64.7853454543345,1.03349340678321,62.7638170659005,66.796800659459,137,65.651
65.0162116654626,1.03572501599531,62.9940142866176,67.0465960933729,138,62.972
63.0903596625852,1.03913361067975,61.0233546531578,65.097133440354,139,62.688
62.6620034908635,1.03293947797574,60.6760252607435,64.6684750383832,140,61.466
61.7530478972917,1.03101098576317,59.709510975269,63.7695578913414,141,61.345
61.5449419735236,1.01734548260158,59.5418615008165,63.5319629504467,142,62.853
62.6210640277239,1.03894772106778,60.5953753369466,64.6594866679678,143,63.433
63.1922842495207,1.02979657540456,61.1952122333023,65.2376591179051,144,61.984
62.1699646837994,1.05454183572057,60.0817310825958,64.2484280356055,145,61.803
61.9356134040091,1.02941390911743,59.9262545597511,63.9548645165875,146,61.154
61.43335686481,1.04127211933404,59.3748314685782,63.4676112050708,147,61.448
61.578213547759,1.03888797002276,59.536702964798,63.5938135163985,148,62.14
62.1182376013083,1.02370208873739,60.1021969560408,64.1548187418591,149,63.19
62.9507014118578,1.04272350294141,60.9074920109252,64.9685365950378,150,64.234
63.8022313772908,1.01863717936205,61.8409533608155,65.7814542042564,151,64.184
63.8574725776749,1.03206079703682,61.8480129913415,65.9164317565319,152,64.245
63.8922911978084,1.03595699808265,61.8875294722829,65.9389262348965,153,63.161
63.0950844903479,1.03056728412523,61.05930207565,65.1328938209713,154,61.497
61.8278995688819,1.0221250324442,59.8337287556102,63.8147449068035,155,61.896
61.9792665936127,1.03986064780856,59.9608818173853,63.9976098330689,156,60.889
61.2534736904237,1.02808893789057,59.2475422803779,63.2810851458653,157,61.179
61.3744781733561,1.03071543315808,59.3430053055809,63.4155549726479,158,60.609
60.9929189009169,1.0167792939703,58.9909495046107,62.9479647986402,159,60.629
60.9488496775651,1.03710853391591,58.8913600986277,62.987958180476,160,60.509
60.8363127996373,1.02631478846964,58.8241536412836,62.7997037907151,161,61.406
61.5020843749091,1.03680005533841,59.4561736623999,63.4931966479357,162,62.863
62.6297929080373,1.03547090508314,60.5967290929953,64.6352315524164,163,63.978
63.5527865551193,1.04331136733608,61.5228827578003,65.5996968321943,164,64.04
63.7250889261589,1.04623251953249,61.6832368586371,65.7619296744667,165,64.877
64.3611664858482,1.0318337126796,62.3371819938973,66.4150607993266,166,65.03
64.516457750073,1.03498303977988,62.5236634973569,66.525611095043,167,65.008
64.5323226189851,1.02890107481447,62.5050875600537,66.5720233329625,168,63.959
63.784506237088,1.02063168464844,61.8148856028005,65.7976669556802,169,63.828
63.5723969644417,1.03765517594845,61.5342891194437,65.5758533014891,170,64.252
63.8736734047559,1.03677989562511,61.8452770641259,65.9170044004937,171,64.734
64.2425657234037,1.04322760086587,62.2298783905069,66.2940676186388,172,65.663
64.9964207479506,1.02235579099416,62.977120547035,66.9870194407733,173,65.889
65.2152589396071,1.02835405329082,63.1635568109913,67.224068630765,174,64.871
64.4949962496154,1.0280473526418,62.4873576238767,66.5066446927184,175,64.824
64.3938249826752,1.02543736885009,62.3877712513332,66.4062900970118,176,63.881
63.6752814980632,1.03150581629416,61.6798127566737,65.701049986956,177,64.721
64.2374161236881,1.03509121241489,62.1981638563839,66.3108182827667,178,63.716
63.5448077526316,1.02202586202913,61.5800753068673,65.5721604599816,179,64.261
63.8866896746003,1.00924010284381,61.8842281964416,65.8864071964907,180,63.766
63.5699454983984,1.02431227822429,61.5958296774477,65.5920286529398,181,60
60.7765505450964,1.03780302003381,58.7435134542331,62.7800584467796,182,61.07
61.2551066232882,1.03210616041301,59.2650118442154,63.3013354816272,183,61.989
61.9895539515628,1.03019494328195,59.966967327321,64.0224662780442,184,62.914
62.7307234549723,1.02176452486885,60.715891588371,64.7241753071225,185,62.613
62.6020484819926,1.0145394147213,60.6393409591383,64.6034733517224,186,63.61
63.3060399719658,1.03002454811847,61.2790186471675,65.349807710263,187,63.458
63.2651460978781,1.03147706165992,61.2386782722546,65.2660369001336,188,63.169
63.0859472661904,1.05049531319665,61.0443609749979,65.1685179617704,189,62.855
62.8178742202859,1.02669011635394,60.7840371127681,64.7856372081481,190,61.913
62.0967044710813,1.02694228619495,60.0440983968231,64.0860074824262,191,61.633
61.817373203364,1.02270308559038,59.8154336995842,63.8354351963525,192,61.158
61.4496665032172,1.02013725099102,59.4736333940605,63.4749449710789,193,61.768
61.8498362595685,1.020315921135,59.8351294998117,63.8604423488654,194,62.717
62.5747866112628,1.02116472660368,60.5778693357859,64.5849189268198,195,61.481
61.7614443824614,1.03228616334699,59.7511847636021,63.7992637531425,196,61.304
61.5267798752287,1.04109790489598,59.5032947813133,63.6145878566159,197,62.576
62.4372467853201,1.02571388553752,60.4383467402834,64.479414334081,198,62.738
62.6727764590032,1.0176149368498,60.6903627441383,64.6562509660365,199,63.911
63.5497671019071,1.02662530589974,61.5716315785344,65.5872450960246,200,64.551
64.1057880141573,1.02503798380691,62.090792370581,66.1392949240602,201,64.856
64.3732347531309,1.03829624467524,62.3334008576521,66.4194910427513,202,63.888
63.6812942425903,1.02514468888797,61.6596798760759,65.7086399054361,203,64.534
64.1231751578628,1.03909037391346,62.1052820059461,66.1996094404976,204,64.454
64.0640281260919,1.02650928021756,62.0946562529581,66.1133807413635,205,63.834
63.6372978244257,1.02571301245051,61.6205319279795,65.6247389939681,206,64.87
64.3399640165844,1.02977615375566,62.3075511141164,66.3459162483954,207,64.149
63.88249168459,1.02971909700666,61.8602812203296,65.9113870440732,208,64.269
63.9428889046379,1.016846443838,61.9446305660613,65.9235525423963,209,63.59
63.4250557711698,1.01855053108844,61.4896981711415,65.4792888817766,210,63.664
63.4499543077598,1.03174696908062,61.4253359258728,65.4610498261587,211,64.521
64.0927807030708,1.0172054161027,62.0712207677786,66.083616746677,212,65.468
64.8442278635638,1.03754275097284,62.7769629809677,66.8678451908694,213,65.919
65.2556153762688,1.01885140228524,63.2711342275516,67.2428190943718,214,64.964
64.5798964689951,1.02053171754218,62.6097857509192,66.6217208617471,215,64.737
64.3486976821316,1.03386351841702,62.3177613872276,66.3713621463393,216,64.13
63.893873446818,1.03035436677614,61.8504246931032,65.9005613580443,217,62.863
62.9117306928336,1.04178915512981,60.872730206982,64.9541045598643,218,63.698
63.4462778894192,1.01636670881412,61.4160998868366,65.4332418925634,219,62.777
62.8061923657852,1.01961697021011,60.8082116132397,64.8114857886869,220,62.931
62.8715411196155,1.02902866062028,60.8441603299805,64.8912875380714,221,62.681
62.691952738767,1.03250997990593,60.6376635739887,64.7023931131116,222,60.138
60.7995195635255,1.03296852484189,58.7421726735129,62.8152300331079,223,60.358
60.7872468019044,1.03063337979751,58.7870480324229,62.8418927692858,224,61.391
61.5162937084648,1.01864876614207,59.5759022143691,63.4967099931184,225,61.336
61.5644059238411,1.03314402855131,59.5424077417201,63.594914904368,226,61.269
61.5043971924057,1.02246083049488,59.4804860473785,63.4920458372092,227,60.979
61.2905060635321,1.02736856175027,59.2551518443915,63.2813205812239,228,60.721
61.0714926321362,1.04493296207868,59.028002012874,63.1170620563947,229,62.494
62.3483447397342,1.03613797210059,60.2757037256558,64.3608971514541,230,63.578
63.2661272801494,1.02499864602448,61.2692689966456,65.2659861549015,231,63.259
63.1288737349348,1.02612526373121,61.1273465610581,65.127270076207,232,63.409
63.2423090858801,1.03431622880875,61.2089979432949,65.2616316271584,233,63.556
63.3624971839524,1.03770663893864,61.3551807223814,65.4175414319839,234,63.923
63.6192701827684,1.0348345298009,61.5645237435201,65.604149065785,235,62.468
62.5912268286541,1.02767751482841,60.5679029169088,64.6209518520769,236,63.226
63.0375164189852,1.03401011755847,61.0050821805955,65.0787737337782,237,63.068
62.9666398907559,1.03067317608247,60.982260163626,64.9986566571696,238,63.106
63.0078318953437,1.02955169938969,60.9152775557874,65.0011846398127,239,62.853
62.8249824538184,1.03058970851533,60.8046716839333,64.8082205030656,240,59.671
60.4512808926065,1.03957808349487,58.4626343907571,62.5216210996251,241,60.934
61.1415921595954,1.02714968023483,59.0840489283112,63.1148034331986,242,60.816
61.1203180395849,1.02523774810264,59.1093299678633,63.1383647261206,243,61.174
61.3958921354555,1.04628837203725,59.3713905665724,63.432392788303,244,61.536
61.6954852468637,1.02790459138672,59.6461637206254,63.7078973810904,245,61.108
61.3976996270161,1.03591624998395,59.4103329324433,63.4425650659644,246,60.238
60.7400414878004,1.04489333589416,58.6956596654815,62.8129065814305,247,60.619
60.9252467015408,1.03324643856789,58.8705824769327,62.9277572847655,248,59.659
60.2528266060478,1.02369603713161,58.2240650346961,62.2961557124211,249,60.372
60.7071713113506,1.03117283106583,58.6955503098004,62.7107758207397,250,61.752
61.7765208563657,1.03142671705154,59.7807893814032,63.8035328065938,251,62
62.0472034697574,1.02957052274046,60.0377818446582,64.0815202186042,252,63
62.8147776578716,1.04208052948449,60.7701162150829,64.8241342949416,253,63.505
63.2625445581072,1.03063554223954,61.2053294800076,65.2985472586107,254,64.182
63.798609875176,1.03064323183676,61.737531037322,65.7929656408589,255,64.802
64.3260409275182,1.03887752223717,62.2843616670603,66.3641953692996,256,65.102
64.5953493851145,1.02665093038956,62.6081167321432,66.6256788416443,257,64.977
64.5345278791863,1.02530608953006,62.4957284466396,66.5264998783527,258,65.921
65.2399193707836,1.04278570887597,63.2408708278911,67.3430596595756,259,65.736
65.1729183837204,1.03641150791367,63.1461417673515,67.1891050411362,260,64.942
64.579462004378,1.03465821802262,62.532173599521,66.6376291559643,261,63.726
63.6269409641876,1.03899254473908,61.5809769299988,65.6900249063721,262,63.877
63.6423730850947,1.02697807384536,61.6189247604326,65.6539514862897,263,63.186
63.1189265281199,1.01315114199943,61.1313947832559,65.1082291544192,264,63.236
63.1102989836972,1.0337032269021,61.0637006670278,65.1251148753092,265,63.02
62.9491020899609,1.02893207038939,60.9571169973705,64.9893931705356,266,61.511
61.8264902189146,1.0194898473517,59.8617403742541,63.8399044174353,267,62.955
62.7599705812347,1.02087388097848,60.7478629609806,64.7598513788802,268,61.141
61.5417388548406,1.0167645363906,59.5258257411238,63.5280201492992,269,62.419
62.3410168941569,1.03170233418827,60.3283619586725,64.3603001763064,270,63.033
62.8801363656832,1.03094500696162,60.8313214553075,64.865218542983,271,64.044
63.6831855347895,1.0290787918247,61.7256833944307,65.7328703842038,272,63.217
63.1622288745814,1.02990001817652,61.1626247347072,65.1644620756569,273,64.236
63.8499331010894,1.03905096120921,61.8108726029378,65.8487885129822,274,64.103
63.8294939276092,1.03360029405227,61.807421107312,65.85942458609,275,64.212
63.8975879706179,1.02988863774029,61.8635864170111,65.9249153019741,276,62.317
62.5126311522116,1.0242316737419,60.5126810610019,64.5148314278019,277,63.585
63.3035912493405,1.01782183452213,61.2874346825643,65.3016705605762,278,64.411
63.985657106686,1.00894952622269,62.0121886157905,65.9625665164754,279,63.747
63.5744753754586,1.04037431725036,61.5412247150818,65.6119068532828,280,63.569
63.4039729547044,1.0319697604554,61.3973714792495,65.4211311287833,281,62.91
62.9059577982054,1.02896107524704,60.8732677199512,64.957034240462,282,63.455
63.2477538704962,1.02614571177362,61.2407150303065,65.2303829877081,283,61.476
61.8382518193371,1.01925220919238,59.8753548315037,63.8291829076539,284,62.059
62.1174231198785,1.02787604162864,60.0998163239597,64.1262814017196,285,63.408
63.1224989436304,1.03433018124536,61.1070206358198,65.1699947774573,286,62.653
62.6932521169328,1.03266960197591,60.7084600521069,64.7426145083644,287,62.569
62.6038476909275,1.02556580356433,60.6008795031287,64.6049269909087,288,61.937
62.0940017171708,1.02950577429263,60.0498505772687,64.0914607898158,289,61.292
61.5722139099151,1.03621566170849,59.5505177571937,63.5850031828699,290,61.305
61.5429721174936,1.0322532484529,59.5242628500455,63.5890711585293,291,61.387
61.5892813559085,1.02419137966551,59.589640969071,63.5997294286757,292,61.103
61.3878076177214,1.03212096085039,59.3172634913692,63.4166074887755,293,61.46
61.6165516309844,1.027939721966,59.5764374201312,63.6111661333074,294,61.24
61.4841015756177,1.0356199376166,59.4257354520266,63.5056013897585,295,60.421
60.8687525299863,1.03759092395786,58.8741306010962,62.8942979990338,296,61.984
61.9488864658856,1.02757659613786,59.9322808975622,63.9749461841444,297,61.437
61.6708375739969,1.02580636171039,59.6359651623353,63.6855657890635,298,62.521
62.4295410776734,1.02532752140568,60.3607602495513,64.3930898003812,299,63.452
63.1851209187339,1.01702801293057,61.1716028327453,65.1874949340442,300,64.216
63.8124411266716,1.0400366141107,61.7817640948409,65.8502151085348,301,64.284
63.9416719734954,1.03641096719902,61.9217198699339,65.9636073806335,302,63.867
63.6537405561168,1.02300431785463,61.6765692764947,65.7103717137392,303,64.901
64.3974303098752,1.00904330167028,62.4318079985449,66.3802821390103,304,63.414
63.3804713563744,1.03219155735911,61.3627542202222,65.4230227106235,305,64.473
64.0293666391663,1.02890997504741,62.0625300446129,66.0742204799057,306,63.937
63.7268600044818,1.02687052711786,61.7194107289223,65.7764107898038,307,63.591
63.4315872902376,1.02501188003273,61.4669795019249,65.4387233926351,308,64.326
63.9492677231661,1.0268696575031,61.9592966472789,65.9648194954993,309,63.902
63.6870060793671,1.03954850228699,61.6451010149267,65.6871901668552,310,63.218
63.1626767427801,1.02797756836384,61.1457720648033,65.2166567130456,311,63.581
63.3728468139624,1.04013121639388,61.2966620768052,65.383986206305,312,63.556
63.3711940090327,1.02721644874759,61.3292983038269,65.3744528306197,313,63.535
63.3578248672343,1.03920848791044,61.3060720382809,65.384145536147,314,62.451
62.5639477608508,1.0411157828899,60.4845398183645,64.6220423191828,315,63.432
63.1788714489078,1.02959426727391,61.153546983685,65.2182934100934,316,64.167
63.7977750478536,1.03992000266462,61.7307203500984,65.7943369518181,317,64.595
64.1758929853538,1.03510193463617,62.1421650784071,66.2143125688856,318,64.638
64.2654382845435,1.0343089062104,62.2289791612576,66.3166259089996,319,63.701
63.5619438498969,1.03027051215647,61.5438054112747,65.5833327979171,320,64.543
64.1171052249662,1.02910926989902,62.0854885719499,66.1399092107912,321,64.508
64.137411334156,1.03048243991591,62.1288098694486,66.1413179024757,322,65.022
64.5217066317209,1.03030776650523,62.5319013085302,66.5391751420043,323,65.174
64.657557941542,1.03606056986977,62.6099563020258,66.6932653720875,324,64.208
63.9855025132913,1.04184138643069,61.9148230700317,66.0145146695241,325,64.662
64.2392236952256,1.03259966401406,62.2415432717375,66.2778951252253,326,63.44
63.3731588896977,1.01916754246658,61.3415073500364,65.3168536333338,327,63.127
63.0621538170976,1.02041784583904,61.0759013498886,65.0795064647,328,62.723
62.7421667575375,1.01910079042097,60.7498370147783,64.7495584499391,329,61.929
62.115020036423,1.02933670349482,60.1249137242525,64.1408611032439,330,63.039
62.8763742343948,1.02453457715859,60.877476893339,64.8670132328988,331,63.757
63.4571328709689,1.04096802429378,61.4329261896019,65.5064499332213,332,62.083
62.2966065328587,1.02157083671741,60.3281815522357,64.2797080858868,333,62.475
62.4731917275123,1.028505005895,60.4737608700209,64.5012647924676,334,61.261
61.5940106612033,1.05111729612524,59.5825172807895,63.6366354451109,335,59.129
59.9311042665841,1.0333412159615,57.9092244635112,61.9620803081509,336,60.766
60.9614375308821,1.03125038803746,58.9458045130028,62.9931445039735,337,61.354
61.5148030870967,1.04358426400049,59.4745529726664,63.5292616422309,338,61.462
61.6247415725585,1.02002491757204,59.6077861162339,63.5940407883514,339,62.237
62.2193611337184,1.01749191304758,60.1761664162545,64.1832028014406,340,62.776
62.6869577310953,1.04358578053867,60.6246214378967,64.7261180094781,341,63.483
63.2569190160175,1.02265534969005,61.2099857276685,65.2597629130673,342,63.19
63.1048812970879,1.01806350382611,61.15839994124,65.1051181801394,343,63.947
63.6197982325009,1.02400624369811,61.6109562794836,65.6294400330307,344,64.071
63.7772235495975,1.02728206252943,61.7289768258788,65.8028101737956,345,62.278
62.4796815975489,1.03269612571404,60.4608283356788,64.5309823135409,346,60.813
61.2727420038897,1.03134351024517,59.2172841229775,63.2682878113932,347,61.024
61.3111489234423,1.03340535066685,59.2696681190188,63.3329343008181,348,61.627
61.7456450876911,1.0183202499888,59.7210667865815,63.732406526654,349,62.21
62.2080170900111,1.0356800583144,60.1713007077545,64.2259745776227,350,60.226
60.8142626547441,1.03908936282694,58.7683591671002,62.8370602520044,351,61.837
61.8501453802307,1.02402257301693,59.8176500214626,63.8490975543477,352,63.345
63.0459691820723,1.04002994959343,60.9965700691413,65.0473436089383,353,64.219
63.8192472084632,1.03023785474372,61.8133294178045,65.8198307831858,354,64.786
64.3090239429053,1.02937137892738,62.3158639328025,66.2942393307607,355,63.988
63.7940527684975,1.04227503853722,61.7477854830771,65.8792350601569,356,64.522
64.1082894733343,1.02938915590847,62.0937663379399,66.1281902421947,357,62.413
62.6004400704906,1.03877608190313,60.5416822408839,64.6381232960694,358,62.409
62.4913157356015,1.04021477348829,60.4863416927416,64.5421821035889,359,62.563
62.5533908895563,1.04220102489655,60.5334397995938,64.6241007281173,360,62.979
62.8454881087473,1.03653005331286,60.7990795917735,64.8618737719424,361,63.901
63.5407456116204,1.03250544572954,61.572530534026,65.5878353616781,362,63.463
63.3282980923855,1.02726165919244,61.3124736645948,65.3130155596287,363,63.697
63.4611892439407,1.04165299204458,61.3895517429343,65.5119642214237,364,62.538
62.6249966207798,1.02956399196291,60.6145405627117,64.6128063991711,365,61.881
62.0702282932589,1.03259433084559,60.0560782309049,64.1365802145014,366,59.49
60.2526408628746,1.02466593544831,58.2629709258329,62.2722515847787,367,59.996
60.4376426727949,1.04194204300049,58.3686656087376,62.4833703314634,368,59.905
60.3865847717025,1.03167296063917,58.3896789642758,62.4256248285322,369,61.297
61.4130494956216,1.01437119910765,59.4510503922107,63.4047238871626,370,61.801
61.8568090580337,1.02891399384336,59.8145425710575,63.8692032394948,371,59.531
60.2611918915954,1.05110354530704,58.2428941423038,62.306134702404,372,60.492
60.7914025576977,1.03302897970783,58.7771217081218,62.8202995327287,373,59.144
59.876708343192,1.04272773225796,57.8638952008552,61.9498386393069,374,60.053
60.439620022788,1.03554796114655,58.4146622517395,62.4298696783379,375,61.624
61.634882933929,1.03255944833832,59.5793530854724,63.6549604622894,376,61.52
61.6848787523708,1.03507052393496,59.6646823229196,63.7028788789196,377,62.201
62.1976228218277,1.04353012292664,60.1602307073792,64.2784660842964,378,61.825
61.9624760434381,1.01757929587358,59.9779689476715,63.9541067225926,379,61.821
61.9668063266089,1.01596979261327,59.9564073209174,63.9451321909435,380,62.912
62.7599059807748,1.01920352119535,60.7612609697956,64.7218508031982,381,61.737
61.9545987766933,1.03107743046226,59.9531973673925,63.9956576481032,382,62.484
62.4422705921829,1.03596404986301,60.4283868636734,64.4881985949124,383,62.023
62.145032807934,1.02786441110774,60.13980859,64.1593082461129,384,62.98
62.8124204819287,1.0387710984673,60.8045165154333,64.8716910628385,385,63.939
63.5871326120744,1.02182471738252,61.6322968954973,65.5846876266322,386,63.672
63.4570005871693,1.0466551067715,61.3960863204139,65.4750595357653,387,63.904
63.6487177041528,1.02670186520898,61.6141770413044,65.6381409208327,388,64.908
64.3932684099414,1.02433244820506,62.355152026989,66.3695156384597,389,64.193
63.9473062423735,1.03591184064534,61.90922414787,65.9930884412904,390,64.116
63.8508406986312,1.02317829797649,61.8201340596516,65.8507062185156,391,64.307
64.0129895403343,1.02980287134082,61.9940229702139,66.0147822904332,392,63.283
63.2455606447136,1.03563175683395,61.1846290336205,65.2827221314274,393,64.631
64.1532566673299,1.0345952746871,62.1725997883396,66.2336498926171,394,65.129
64.5991518097099,1.04052133125212,62.5588776942993,66.6466505264519,395,65.359
64.8235966073512,1.02313769936526,62.8136202909006,66.8250771750409,396,64.638
64.3176076491397,1.0371477321072,62.2688906101714,66.3621715258666,397,64.926
64.4982316504182,1.03532360041918,62.4455429404568,66.4923581441902,398,64.197
63.963075234867,1.04110084753704,61.9071417002203,65.9567798539084,399,64.925
64.428031912035,1.02323985058931,62.4156403887766,66.44109635085,400,65.079
64.6056223689189,1.01503323637623,62.6003587193681,66.5961770985666,401,64.778
64.3868323538806,1.02547822297092,62.3634601102545,66.3670755242806,402,63.934
63.7621603404402,1.03886527431721,61.7628981266064,65.7832215088048,403,63.881
63.6626049789151,1.03499374167466,61.6228294518818,65.6954467944259,404,63.909
63.6818682525939,1.01128746142766,61.7163777427564,65.6817631673087,405,62.655
62.7511210633986,1.04429975956097,60.722707985174,64.7832266094222,406,63.677
63.4107403371345,1.03923242988831,61.3607282995829,65.4478665075204,407,62.49
62.6098870407997,1.03660463865557,60.6097722847111,64.664927500106,408,62.452
62.4706244027733,1.03227631704667,60.4536072239899,64.5067608400212,409,63.682
63.394450917963,1.02821568784145,61.4253052392454,65.4270339152658,410,62.397
62.5353428987466,1.02298901571391,60.539726632708,64.5842836858362,411,63.654
63.380456176177,1.02489665897917,61.3721189253198,65.3820738899156,412,63.353
63.236351981638,1.026421239453,61.2090768863215,65.2541711869359,413,63.345
63.2040926181025,1.03778202716681,61.1516140175043,65.2142709340082,414,64.45
64.0359596961657,1.04698516100029,62.0074687995182,66.083063910107,415,63.761
63.6061902191321,1.02529672295421,61.5959534651579,65.5981324621387,416,64.802
64.3302115129514,1.02420398710654,62.2845151185677,66.3314835505273,417,63.315
63.2889464802744,1.04459149740079,61.2225576800888,65.3027019403184,418,63.285
63.1705285119338,1.02990261092431,61.1584498281456,65.208801658128,419,62.29
62.4230646934883,1.05051090034255,60.3608940015534,64.4950854243341,420,60.767
61.2422694222955,1.03178049928603,59.235658659785,63.245668210355,421,62.47
62.3664261873065,1.02421231718345,60.377069071177,64.3838432021596,422,62.878
62.7621617462289,1.0406348327422,60.7226399021371,64.7643280948079,423,62.483
62.5366266605512,1.02919989402499,60.5512142990796,64.5540786276196,424,62.122
62.2614729911818,1.02514352918817,60.269595282076,64.2805430022348,425,58.848
59.8073986168917,1.03712627793523,57.7963139145019,61.8389043750729,426,59.577
60.0843772588759,1.03811670916934,58.0378519604899,62.1197602536125,427,61.228
61.3327176452997,1.02200943226793,59.3205777973657,63.3416333848737,428,61.23
61.4367010184269,1.01607407538533,59.4276975346698,63.4669287812163,429,60.373
60.8639669387162,1.04575490592255,58.8086835004259,62.9065536103414,430,61.085
61.2933280635406,1.03593255964186,59.2652941979729,63.3280528782899,431,62.228
62.1621709389787,1.04210613001987,60.1150552396324,64.1972020229102,432,61.718
61.9066929492209,1.04271018543878,59.8451190787221,63.9638356708071,433,61.472
61.6980649371767,1.01942703628661,59.7150531847897,63.6985793721741,434,62.145
62.1780825163273,1.03567082953114,60.1273324864273,64.2083208261773,435,63.536
63.2478462173493,1.01543804202766,61.2576389332122,65.2290902667497,436,64.227
63.8415444692778,1.03015373668926,61.8028925361678,65.9012428694043,437,65.31
64.6921891825107,1.02915898698117,62.6243168918083,66.6701063275566,438,64.738
64.3868749863466,1.02944229944379,62.3567552496783,66.3706894845163,439,64.735
64.3293011701197,1.02641878782475,62.3387664919565,66.3315113956004,440,65.158
64.6725639267068,1.024578003614,62.665045159222,66.6596818371986,441,64.706
64.3588900098595,1.04520032882325,62.2933774193316,66.4062587905582,442,63.841
63.680469261128,1.04585904886129,61.6160706686864,65.6960796297421,443,64.036
63.7441225230366,1.04003793889244,61.6915871895238,65.7762855229394,444,64.036
63.7750542969543,1.02503710317079,61.7437577248748,65.7500146360617,445,64.587
64.172619884253,1.03090744609859,62.1578469519395,66.2178295257987,446,64.636
64.2517309099486,1.02492830975297,62.250992406006,66.2214251596836,447,64.783
64.3663273686327,1.0342666196947,62.334028960379,66.3739759527286,448,65.023
64.5692408166196,1.03711422519557,62.538007635952,66.6127374302111,449,64.027
63.8504587866824,1.0383981457311,61.8283352333304,65.8769359236659,450,63.263
63.2142639995145,1.04388033382093,61.1727013603201,65.2847778121348,451,63.4
63.2310803445245,1.03855520389081,61.1986961056648,65.2298874366093,452,64.111
63.7629633851101,1.03772882655536,61.6798201409075,65.7512071807998,453,63.445
63.3363619905343,1.04175564374183,61.2886150101916,65.3895858515189,454,63.617
63.3961079089766,1.03553100352917,61.358931611591,65.4034971247796,455,62.501
62.590544707271,1.03896277678813,60.5641031934044,64.6061290158489,456,61.714
61.9531636174205,1.04571353616028,59.871520615023,63.9774630265196,457,59.244
60.0512648256517,1.04986385972121,58.0297565852053,62.1528258084619,458,60.735
60.9492377964617,1.03880271762544,58.9255028183522,63.0028054421821,459,61.516
61.6229359960358,1.03744987325286,59.5920612566851,63.6631537957222,460,60.957
61.2652130082402,1.01902450613401,59.2669475362224,63.2399379869897,461,61.557
61.7088196121192,1.02553151569635,59.7058010549597,63.7567173530813,462,62.403
62.3459248013166,1.01895696758709,60.3308801368842,64.335961143949,463,62.249
62.303047976875,1.03970406965357,60.2926387594583,64.3260030650056,464,63.139
62.9495668985078,1.02789204131643,60.9245152175975,65.0138340463221,465,64.062
63.6979588048473,1.03534803690849,61.6359226291598,65.652397346756,466,64.811
64.3237967859614,1.03107034991343,62.3179861916582,66.381605348319,467,64.206
63.9249289328291,1.03411147474921,61.9057133431277,65.9321768477743,468,64.187
63.8840061530506,1.02887517239544,61.831908222766,65.8582974455119,469,64.341
64.0111807271168,1.02887658800948,62.0217156450581,66.0558358731834,470,64.026
63.7740301820882,1.05410714363665,61.7040833181391,65.8032312696689,471,63.151
63.1178707636328,1.03845840751972,61.1070750407084,65.1675747310731,472,61.839
62.0807738771111,1.03431183920712,60.0711437249441,64.1212353268597,473,60.995
61.3877731354823,1.01376683099178,59.4275527896727,63.3691678535189,474,62.475
62.3593678636469,1.03000137320525,60.3114167574137,64.3429837766686,475,62.69
62.6163162847058,1.04560440195655,60.5944757073848,64.6911486112125,476,61.076
61.5077093829936,1.03754492530397,59.4202799562464,63.5192291670843,477,62.593
62.4880263695039,1.03233314145001,60.4924601190426,64.5350007183922,478,62.994
62.8833439540193,1.0298713679746,60.884562427992,64.9036389956633,479,63.48
63.2544349462405,1.01278817103544,61.279195863807,65.2379584026057,480,62.598
62.6749596554294,1.03433350400386,60.6580715733669,64.7236556127008,481,62.908
62.8167857614798,1.03087810546015,60.8071198391963,64.8425239128709,482,60.091
60.7873285983756,1.02424651111031,58.8199903425517,62.7956947594167,483,60.176
60.6193790362926,1.03801689242252,58.6037015505108,62.6362587075452,484,60.787
61.0586259277291,1.03173068954037,59.0527896514412,63.0811165959969,485,62.168
62.108897749792,1.03448524933026,60.1196769572291,64.1319437592335,486,62.024
62.1172684941856,1.03361333427168,60.0756195824226,64.1288217549101,487,61.859
61.9866700053314,1.02895589860518,59.9780681133743,64.0321901489481,488,62.765
62.6200088128993,1.03787217463952,60.5536296736737,64.6105527890563,489,62.662
62.6479290948174,1.02890372632609,60.559370666459,64.5861131786372,490,62.321
62.3859945818821,1.01920467436984,60.4045320829366,64.4215308475837,491,62.972
62.8174212983768,1.01695043001154,60.8124748131208,64.7746996484972,492,62.984
62.8747511785851,1.03294301836595,60.8889064050519,64.9372630663225,493,62.647
62.650586229041,1.03874077157932,60.6288920581315,64.636600484645,494,62.324
62.3931284259603,1.02137126068347,60.4132735234243,64.3973976287459,495,62.433
62.4354863310471,1.03554305604033,60.4169895288826,64.4617490053236,496,63.314
63.074645176631,1.03327227424239,61.052828723473,65.086813302565,497,61.156
61.5779403418862,1.02884325448969,59.5489549180362,63.6224069505638,498,60.208
60.7365859486012,1.02506139940968,58.7407132012184,62.7814251750138,499,60.242
60.6784025424972,1.02266488210971,58.6792415449719,62.6810866811581,500,60.343
60.7368241458078,1.0493570821917,58.6923099429062,62.7878002973436,501,61.192
61.3646074839285,1.01839794671687,59.3694914765453,63.3724409385987,502,61.678
61.7752087031679,1.02125952321003,59.8096005697025,63.782352952673,503,61.203
61.4726249772442,1.03766535011464,59.4781822871899,63.506721077604,504,60.837
61.1792577257607,1.02672270064955,59.1689180744917,63.2111028557934,505,58.927
59.748958800081,1.02443610066304,57.7138381534768,61.7337947425413,506,60.146
60.4832854809365,1.04187202838652,58.4240149743812,62.5725023104779,507,61.515
61.5734025253207,1.03548529148016,59.5131546380089,63.6076443410208,508,61.044
61.3435508229409,1.04135912121805,59.3487347260719,63.3867159768572,509,62.643
62.5008962423219,1.02684927229714,60.4638070782783,64.5033196289254,510,63.72
63.3786530645249,1.03227095505254,61.3466609870236,65.4002087444625,511,64.08
63.7608624557444,1.01941133947123,61.7705741602076,65.7334616889967,512,64.117
63.8310300426592,1.04939239262982,61.7721653055421,65.8754239235578,513,62.529
62.6664230470002,1.0192160714828,60.6682707577802,64.626151542261,514,63.94
63.5905232744081,1.01163067294619,61.6438477815585,65.5815509237489,515,63.893
63.6410496062013,1.02795188102558,61.61758364852,65.6580145471537,516,63.752
63.5238265818994,1.01822576223178,61.4854692163279,65.5304652218312,517,63.655
63.4827808390522,1.03000134526112,61.4654423220315,65.4905832932104,518,63.435
63.3256725983936,1.03670476741617,61.2971748906505,65.3668534278247,519,63.491
63.3152810226154,1.03743404090824,61.2610347144069,65.3220352326137,520,63.58
63.3901159571712,1.03738568396276,61.3537936153354,65.4051725824663,521,63.595
63.4050297570139,1.03620890517918,61.383327219666,65.4198191406385,522,61.857
62.1177120886488,1.03729905883865,60.112890638229,64.1563068392211,523,61.489
61.7199604650615,1.03011041520239,59.666590474344,63.7445354473864,524,60.785
61.1871781477438,1.0434300585176,59.1565922717373,63.2514462150495,525,60.154
60.6397100590734,1.02886517038895,58.6285788348958,62.6357106261443,526,61.757
61.7733753863215,1.02557300298499,59.7892157175802,63.7846025073636,527,62.519
62.4581805935276,1.01663050237,60.4891808105047,64.4698874207881,528,63.39
63.133694503978,1.03771637907999,61.1282040746263,65.1567251460561,529,61.939
62.1627742960275,1.03350270682994,60.0983358318948,64.2082735182303,530,62.229
62.2676502926995,1.02537280787865,60.2288872275208,64.2926254483115,531,63.609
63.2911198080754,1.00966325274553,61.2821617934517,65.2999702842162,532,63.527
63.3655325223286,1.02515612194251,61.3596706739761,65.3848426590156,533,64.295
63.923596582272,1.03246706137105,61.8718666507098,65.9244253799553,534,64.166
63.8988260239709,1.03234782720083,61.8381481128462,65.9157627005883,535,64.923
64.4383711465033,1.02533606157858,62.3737892613884,66.4491150083343,536,63.324
63.312987095561,1.03899762989066,61.2939847361286,65.3901767435961,537,61.056
61.5425725477557,1.03054965848955,59.5127557934964,63.5453857644169,538,62.554
62.4441507706304,1.03805901211539,60.403978430726,64.4817990600712,539,61.299
61.6166213442209,1.0409232102309,59.5868437868579,63.6815111157114,540,58.921
59.7901991933657,1.0372148684703,57.7885349520059,61.8282818037229,541,60.527
60.7872173783861,1.02852484203206,58.719357608595,62.7772389203537,542,61.315
61.4555904621153,1.03474058759233,59.41031180758,63.4678537047739,543,61.629
61.7400010007357,1.02478958277359,59.7369138870152,63.7181631643188,544,60.182
60.7106970761459,1.03184636085967,58.7196327642115,62.7394203442635,545,58.672
59.5122473459842,1.03349502692592,57.4901434192562,61.580735108548,546,59.333
59.9021067262315,1.03336506726893,57.8696722258621,61.9557431047525,547,60.132
60.4984897451536,1.02914241823437,58.493353602921,62.5362463696351,548,58.381
59.2970009014126,1.03066229309568,57.2941304810765,61.3125761954381,549,59.613
60.0873489876292,1.03122722244719,58.0598302064056,62.0865992104141,550,61.131
61.2503720619303,1.05371927184939,59.1692597060277,63.3131177362841,551,59.98
60.5451026840135,1.03644382394711,58.5559482501089,62.5825188900334,552,61.376
61.5134651538743,1.03877161711989,59.5209989969492,63.5251659814173,553,59.448
60.1854985656002,1.03166794293744,58.1342596887219,62.1869164002702,554,60.848
61.0790308807102,1.03229002242778,59.0931573544495,63.1229209994724,555,60.701
61.0484190418125,1.04513074703821,59.016473904992,63.1490143987659,556,61.939
61.9737589808649,1.04049536751239,59.9444245083718,64.0360568271918,557,61.929
62.0398528032211,1.02899768364069,60.0361558500537,64.0767045651272,558,62.307
62.3293278268919,1.01622229170073,60.3030339134192,64.3612223118171,559,61.99
62.126283469015,1.03166034955633,60.093696987679,64.0872712235838,560,62.947
62.7989163568089,1.0357877945202,60.7104941166814,64.8242911428153,561,62.651
62.6224405942477,1.03147608509809,60.573282046238,64.6385303706737,562,63.603
63.3239814444546,1.03001059728435,61.2883838982868,65.3563257907544,563,64.414
63.985624389806,1.03966299581578,61.9204349003612,66.0222967565064,564,64.627
64.2075085082304,1.03761165433224,62.1774430908805,66.2506680393949,565,63.528
63.4353240607986,1.02808352375816,61.4171462718592,65.4426620124147,566,62.112
62.314541812639,1.03514641520161,60.2126802904402,64.3490382278116,567,61.999
62.0994484531032,1.04052090996145,60.0381780053194,64.126383632505,568,62.284
62.3077859204005,1.03817274423408,60.2439718550025,64.3626835096358,569,62.87
62.7522456246666,1.03630010542448,60.7538652237099,64.8414517111152,570,62.307
62.392367915085,1.02274432140381,60.4394625236089,64.4163063273806,571,61.541
61.7903058543685,1.01129907221039,59.7892894101969,63.7348791540635,572,62.986
62.7915207463526,1.02316020724791,60.8507686262001,64.8115824288045,573,60.95
61.40107105104,1.02651072254292,59.4054860701278,63.4297013844905,574,61.02
61.3152239918612,1.03629645460868,59.2658859914449,63.3505400299544,575,62.147
62.1310078736097,1.03544907517295,60.1116159089412,64.1186554522104,576,63.461
63.1705056999257,1.0244435748864,61.1429950900613,65.2029883703812,577,63.45
63.2783756806888,1.02749964543443,61.271658530275,65.3112005264245,578,62.999
62.9454139039804,1.03716342812408,60.9557171430248,65.0117432503201,579,63.001
62.9209946352053,1.02712197423096,60.9417187220078,64.9261012486243,580,64.267
63.8556627320339,1.03564451988397,61.8542875242339,65.8954032925005,581,65.164
64.5832805535773,1.02754687942271,62.5716411064691,66.5754658844548,582,64.803
64.408923760955,1.02096397466173,62.4297919525062,66.4587740612702,583,65.101
64.6215351334811,1.03653539595907,62.5707241003439,66.6565515901032,584,64.843
64.4294253242494,1.02528186515602,62.379807539272,66.4268159312534,585,65.431
64.8487351681447,1.0443603414362,62.8257703975014,66.9262586880715,586,62.267
62.588507536844,1.03816430204542,60.5414870445219,64.628360742611,587,62.869
62.8029688443001,1.03297370512361,60.7763199172674,64.7901688478271,588,61.964
62.1435943681123,1.03441701684632,60.1489407863614,64.2149124374091,589,62.454
62.4173328013669,1.04148105348209,60.3790942805761,64.4841099076108,590,62.914
62.8065365062316,1.03563694292147,60.7838432117504,64.8187931454559,591,62.539
62.5670046477975,1.03361821000721,60.5571359904824,64.6144749255109,592,60.308
60.9095338745636,1.0457208021162,58.8808556816415,62.972101090505,593,62.152
62.1086815697049,1.03164464893615,60.0489369057354,64.1491468855099,594,61.902
62.0172497164289,1.03510129700485,59.9963779506399,64.0307234650228,595,60.275
60.826940840686,1.04340870131866,58.8043891971427,62.8658209182619,596,61.52
61.6307407635789,1.03677171928309,59.584602182243,63.6537133042705,597,61.38
61.6090191846489,1.04125487302724,59.5553367775127,63.6393320689478,598,61.141
61.4185566099969,1.03881536448845,59.4009260805595,63.4565775484159,599,62.367
62.274854869175,1.0300283262366,60.2265774029732,64.2751462658958,600,62.347
62.382101627766,1.03395996655358,60.3953057843045,64.4395008987557,601,62.894
62.7808816695619,1.03005465356347,60.7978063830334,64.8282884236208,602,62.051
62.2167217810522,1.03294550476604,60.2080185044979,64.2449674583848,603,61.494
61.7409371731757,1.02491888501342,59.7212633977359,63.7495170753783,604,62.548
62.4743767165239,1.02475493547493,60.5013434209831,64.4896156661985,605,62.006
62.143503856764,1.04096924253731,60.0756692437782,64.1607601593779,606,61.475
61.7426378148673,1.02506556178293,59.7209642772979,63.7711892199783,607,61.214
61.4806904179118,1.03381157118731,59.4675724392389,63.5271938522713,608,60.387
60.8472681966127,1.03259438723358,58.8157771567192,62.8584959506446,609,60.661
61.014279592807,1.03040629501616,58.9699544393565,63.0183366662337,610,62.292
62.1896752070209,1.02046017636567,60.1923182504777,64.1551100533331,611,63.48
63.1786966373486,1.04667092231755,61.1091784482928,65.2299866365581,612,63.103
63.0319656429423,1.04235157261593,60.9907862073588,65.0459052636173,613,62.431
62.5013857839401,1.03479653146979,60.470837909851,64.5457012444508,614,61.452
61.7441764168041,1.03003223904232,59.7135839018785,63.7751380368202,615,62.563
62.4604468306196,1.03459096307407,60.4515190841456,64.5003407429522,616,63.799
63.4678240366904,1.02140031599629,61.4638105723269,65.471441235729,617,61.713
62.0488641204531,1.02437149982529,60.0152584782572,64.018422467468,618,62.244
62.2992209846577,1.0340849560198,60.2643720048858,64.3468613894085,619,63.428
63.1638020411653,1.03137933709398,61.1140657148303,65.1715377107905,620,63.97
63.6734793788011,1.02929389180612,61.7000600111137,65.6839679049643,621,62.533
62.6637973919174,1.03241330919578,60.6492004902547,64.6978506132349,622,63.588
63.3339185759971,1.02933971846774,61.27434200298,65.3321919248193,623,63.147
63.0515727828335,1.01964677260095,61.0450797467256,65.027366397754,624,64.268
63.8824834383568,1.03588879319036,61.8346740104476,65.9081394262161,625,64.235
63.9246587291478,1.02933546479088,61.8993520483302,65.9342943295381,626,63.741
63.5760959829346,1.01515425653701,61.5894437099376,65.5759533801466,627,64.774
64.3013034779802,1.0451023746092,62.2788114905959,66.3457879823106,628,64.744
64.3244552492895,1.0330084655821,62.29400700459,66.3379467055311,629,65.504
64.9182130795476,1.02686882656584,62.8954861219869,66.9504817058462,630,65.205
64.735200787694,1.03037517432668,62.7419137902758,66.7740538403943,631,65.985
65.3071861518332,1.0357940983813,63.2670100819101,67.35626049648,632,65.319
64.8598535371805,1.03918445884067,62.8265273478699,66.8892371639072,633,64.164
63.9837154374431,1.05203184899976,61.9051797320447,66.0231369565321,634,63.12
63.121618527555,1.03269789907686,61.0892260865879,65.1761656199735,635,64.244
63.8452999202067,1.01680597097662,61.7984936911064,65.7932719241099,636,64.486
64.1231887971051,1.03562314708687,62.0953518816012,66.1736739480828,637,64.84
64.3943938273451,1.03401232033281,62.3750319020729,66.3994557999424,638,64.676
64.3169169473778,1.01930455589256,62.3162045553902,66.3095510451462,639,64.612
64.2264349650485,1.03314929254239,62.2243364304534,66.2219510810647,640,60.923
61.5588233358255,1.03244056318053,59.5538427317839,63.5488280798533,641,62.563
62.4423973184555,1.02872620353353,60.4309719434303,64.4734980809412,642,62.932
62.8038974199221,1.02416650816551,60.7668677812668,64.8035250824687,643,62.676
62.6531116198446,1.01606194944798,60.6704437210581,64.6512525971368,644,63.001
62.8901993920421,1.03920748700407,60.821355369108,64.927268466643,645,63.705
63.4070132557879,1.02992296175338,61.3859774454358,65.4158073840045,646,64.35
63.9538089098616,1.02792460449939,61.9578935579081,65.9545862337838,647,62.01
62.3027081523557,1.02654475693381,60.2980354958791,64.3446153967319,648,63.41
63.1407082324176,1.03766902021355,61.0797841465327,65.1684586096869,649,63.318
63.1616880462159,1.03576940729051,61.1445172788112,65.203246914845,650,62.973
62.9056602491766,1.02313085563064,60.9212736067988,64.913031102842,651,62.446
62.507375912299,1.04010131034257,60.4637514944246,64.5598850216438,652,63.153
62.9761234282407,1.02774666373331,60.9578270142286,64.9934078393531,653,62.547
62.56837209048,1.05016138433197,60.4695698538835,64.6193487588295,654,62.214
62.2855569477753,1.03151110090858,60.2642238621514,64.2934230004597,655,63.481
63.1802340809231,1.03933277585592,61.1530382332474,65.2195332208013,656,64.509
64.0273622890683,1.03897292028342,61.9834164888276,66.081555740742,657,63.677
63.5026159656722,1.03787707920111,61.4867549904669,65.5407474739281,658,63.101
63.0534050006849,1.02455699733115,61.0222768924321,65.1052193141729,659,64.196
63.7977072975854,1.03814763403651,61.7912643487726,65.8321910808008,660,63.179
63.1024422439035,1.02587254494683,61.0451234461369,65.0909251142695,661,62.859
62.8228862751342,1.03086833999792,60.8517393568013,64.8832176699744,662,62.919
62.8079576847431,1.02792662104027,60.7884888854481,64.788140591845,663,62.8
62.7633736751714,1.01498383563846,60.7723143132589,64.7569003095957,664,62.362
62.4021518044425,1.04033692101562,60.3358250240236,64.4346561972903,665,63.025
62.8641895123833,1.03043195200834,60.828294831372,64.8689045086685,666,63.122
62.9674225376597,1.03552916137778,60.9460125460989,64.9949188035272,667,62.547
62.5488860486339,1.03719474364959,60.5518843743161,64.5880786583728,668,63.959
63.5474172002221,1.03302773247485,61.5492523198366,65.5624581345144,669,63.201
63.1012217481849,1.03888145442895,61.0872989760438,65.12875195534,670,64.328
63.8647367725769,1.02100759095654,61.9166486420879,65.9026027866419,671,65.125
64.5429407441765,1.02401975273159,62.5235293577153,66.5306960614521,672,65.486
64.8614008192878,1.02570531126923,62.8330015486285,66.8559977179378,673,65.3
64.7662054265827,1.01998104203872,62.7611588729746,66.7937652204596,674,65.527
64.9455144419853,1.01893985438308,62.9171713283819,66.939615097655,675,63.747
63.6329765537086,1.02855480690438,61.6374897256992,65.6610196254709,676,62.585
62.6544367697505,1.03391257448252,60.6068906586973,64.6323213136494,677,63.683
63.3520611014015,1.03644789597794,61.356705562821,65.3641924565284,678,63.77
63.496277552616,1.02855828081714,61.4863653833731,65.5005531837994,679,60.559
61.1530331150774,1.02497297168501,59.1433111383335,63.1759921953271,680,61.165
61.3474214116569,1.02806761156993,59.3113458115982,63.3444283290632,681,62.139
62.0907229871044,1.01554534881322,60.0850270792086,64.0887925287306,682,61.951
62.0128726105174,1.03992739128712,59.979464553701,64.0245507456222,683,62.296
62.2772151421219,1.01106037140413,60.3013577260438,64.2280754963641,684,62.572
62.4987446705488,1.01399834681849,60.540582049251,64.5040483427916,685,62.03
62.1253254285937,1.02596208588821,60.1282112557233,64.1588018945921,686,61.673
61.8418008684919,1.03049656714064,59.8226869069716,63.9211583390227,687,62.435
62.3466615394066,1.02980325558607,60.3363261338665,64.3775797889278,688,62.638
62.5692205497828,1.03689941521289,60.5020774459287,64.5855747789738,689,62.232
62.2818459966969,1.04395116637005,60.1956418752249,64.3103992495074,690,63.158
62.9399012573936,1.03349439696349,60.9079615352621,64.9609632433946,691,63.907
63.544016378136,1.04495602946616,61.4432687601098,65.5768663010564,692,64.026
63.6949669627069,1.03495229910301,61.6857194558976,65.6918750344111,693,62.3
62.4470680209339,1.03768059021161,60.4414002472092,64.5001888493248,694,62.826
62.7177424465257,1.02364059546564,60.7058328504918,64.729092154204,695,63.113
62.9266167877505,1.03640901356587,60.9273372201504,64.9531855189881,696,63.357
63.1476636938285,1.0363693164015,61.131514786976,65.1805520401937,697,64.27
63.8195633395265,1.02429683664681,61.7926192338307,65.8010822188782,698,64.995
64.4370083038845,1.02248491567628,62.4528870570757,66.4648259095375,699,65.205
64.6573161717865,1.0387268009895,62.5954126728489,66.7093377657566,700,61.816
62.1929585108732,1.03789910889045,60.1423262517881,64.1754352085769,701,61.571
61.7700298459016,1.03043684661793,59.7619731939089,63.771347191549,702,61.288
61.4880032382904,1.0229463592515,59.4828504672249,63.5176600285149,703,61.033
61.2851700277266,1.02132563961653,59.3156203271839,63.3355374874947,704,60.008
60.5226343575291,1.05134071309036,58.4534933693408,62.5899622284683,705,58.755
59.5111595611381,1.02045966409126,57.5323517755872,61.554375948955,706,57.526
58.5230332106404,1.02643745072408,56.5297412092253,60.5703278255526,707,57.958
58.7246470351983,1.05276660780789,56.6871303994584,60.7969108858666,708,58.894
59.4334859711385,1.0374697041178,57.3820517747371,61.4925520195616,709,60.054
60.3599214733231,1.0311167074864,58.3326074810656,62.379792250549,710,60.931
61.084736502123,1.03083224158973,59.105932678001,63.0911109563563,711,60.088
60.5505900502185,1.04193095727022,58.5273415525473,62.5823181690213,712,61.275
61.3585307190081,1.03498664831897,59.3848563492147,63.3879029983519,713,61.458
61.572494886405,1.01820946031097,59.5530907228458,63.5812990662466,714,62.802
62.5782113599402,1.03456520018936,60.6013974919196,64.6352566607777,715,60.924
61.3052798986153,1.04852555021939,59.2666242883715,63.3625143706129,716,60.949
61.2098421375252,1.01884894547495,59.1984488883549,63.2245194704521,717,59.869
60.4030466357763,1.05847623854509,58.3282806285615,62.4893619541151,718,61.102
61.2289942012963,1.03113180729858,59.1903230990689,63.257847691018,719,62.679
62.4603997396834,1.03775171597555,60.4726778925281,64.5189298940602,720,60.329
60.8730889780929,1.03018464590047,58.8550533445618,62.9298551205033,721,61.145
61.3210298128158,1.0204081533262,59.3248480821677,63.3415616783241,722,61.904
61.8891683684428,1.04043474128813,59.8328509547498,63.8769813530017,723,60.968
61.2768201315963,1.04880297846528,59.2505763978681,63.3081186981437,724,60.02
60.5213949230071,1.04846502491921,58.4512552597816,62.5860961961198,725,61.015
61.1462999104789,1.0438062390115,59.1161555833013,63.1956831303922,726,59.768
60.3243498777756,1.03155709791405,58.2988627979716,62.3223291579475,727,61.235
61.2912271522741,1.02572449061871,59.2667737397419,63.3016895455492,728,60.753
61.0640805978994,1.02587369043954,59.0715308611233,63.1130967192023,729,59.922
60.4199465759857,1.02325075974246,58.4189128182105,62.4077235724451,730,60.586
60.8267288239928,1.04735917681013,58.7526222812081,62.8689777893633,731,61.529
61.5595567496086,1.0380833527309,59.5053286091865,63.5876076942572,732,61.018
61.2755963538389,1.0224155240352,59.2358100760877,63.2977267505826,733,61.999
61.934661213234,1.0257752528628,59.9420549652571,63.9729917850985,734,61.832
61.8988205305198,1.03500307805503,59.8724693371659,63.9737710128826,735,62.776
62.5833477136924,1.04247605860055,60.5246050109113,64.628159833494,736,62.542
62.4793262946402,1.02383134349837,60.4631496743565,64.4856415811189,737,63.306
63.0210620409868,1.04301381151446,60.9808452830113,65.0784590324443,738,63.296
63.0883582164602,1.02282071000783,61.0631233352905,65.0866000224854,739,60.929
61.3813152611595,1.05146049774663,59.3121551982886,63.4481057256273,740,61.298
61.4450365685545,1.0322074487541,59.4663897947665,63.5063942425689,741,62.824
62.5805942343821,1.0216717937127,60.5766219965313,64.5953272784721,742,63.479
63.1637310766866,1.0212427043983,61.1901670240347,65.1777623161856,743,63.409
63.1894468134299,1.03990307897153,61.1625056478107,65.2433345459119,744,63.091
62.9352884662509,1.03000174660484,60.869878657299,64.8910191155051,745,62.296
62.355141381496,1.02511054493288,60.3331571746942,64.3249789622828,746,62.463
62.4010055276754,1.03839897816884,60.3465919050928,64.4334916211685,747,59.545
60.2611126506413,1.02429977075966,58.2172958415046,62.2135519596266,748,60.327
60.6160745696306,1.02939184689051,58.6022387178202,62.6680685285991,749,61.328
61.3909354393977,1.02711985087583,59.3826248723347,63.3881471685198,750,60.562
60.9144681222092,1.02685751668398,58.855104089224,62.8985995619595,751,59.897
60.3743153366851,1.02856966340155,58.3501013166309,62.4108863718573,752,60.473
60.7382165476861,1.03399095575411,58.7237194384353,62.7213394745348,753,61.926
61.8514695963802,1.02825209671015,59.8143536060954,63.8255415628097,754,61.58
61.693038376066,1.03497814043125,59.6792420147597,63.7224317862507,755,61.468
61.6294302951995,1.03063782683022,59.662299349986,63.6327414886606,756,62.69
62.4946706886103,1.02440455683464,60.5313399959817,64.5179114607399,757,62.273
62.2822873621101,1.02035542266745,60.2835083888429,64.267942565181,758,59.884
60.5234194625453,1.03812403858541,58.4541887696451,62.5481239179543,759,59.84
60.2676083303739,1.02503371515291,58.2888097728422,62.3007519440312,760,59.471
60.0071137420828,1.04945459180445,57.9521748494029,62.0611453088331,761,60.685
60.8516959190738,1.01588807831388,58.8295013681223,62.8458937591825,762,61.021
61.1921326308724,1.02259255960799,59.1643852473108,63.2092241372307,763,60.805
61.052899165901,1.02779568174632,59.0403724042133,63.0655390138342,764,61.775
61.7551405858071,1.03052419994723,59.7179263958518,63.754928209792,765,61.715
61.7778364590728,1.02322431926866,59.7703418595151,63.7706473107749,766,62.999
62.7445783744281,1.0316325914303,60.7176261026636,64.742644088278,767,63.285
63.0201272009695,1.03070139006209,60.9962478748976,65.0531259644246,768,61.009
61.4020037796692,1.02724299487856,59.3945695272604,63.4308348113239,769,61.985
61.952774162855,1.01180566886732,59.99211737733,63.9244044982941,770,63.12
62.8387696894747,1.02588310336471,60.8144097973383,64.8506789992388,771,64.177
63.7007999455499,1.02116256157406,61.7159231031177,65.6986042926125,772,64.386
63.9289455874991,1.03595235808345,61.9059399979524,66.0018525198105,773,64.235
63.8629465475034,1.03187374028969,61.8069085429407,65.8992538074732,774,63.688
63.4450896786288,1.04994399167651,61.3956046795426,65.4966012196269,775,64.195
63.765123476965,1.02823127787618,61.7697516140438,65.7702650662295,776,65.055
64.4291456527896,1.03034841283436,62.410302575677,66.4611021101375,777,64.49
64.0917487968925,1.03196746237477,62.0449637863979,66.0942252795431,778,61.322
61.7290830554694,1.0309574328733,59.7138993164148,63.7246128734761,779,62.349
62.2428800416245,1.03770838753918,60.201198975972,64.2657469919443,780,61.604
61.7407243448572,1.01940951766892,59.7933103104128,63.7928347796299,781,61.312
61.4990869794813,1.02343582476339,59.5073987787002,63.5186237371572,782,62.212
62.12824262632,1.03201003586569,60.1191058504208,64.1588416492436,783,61.53
61.663239888477,1.02596278734142,59.6455714671437,63.6400623735693,784,60.249
60.6904472725954,1.02264343845053,58.6395234874251,62.6655171459269,785,60.924
61.0946088276937,1.0321563869948,59.0930522061462,63.1116655839228,786,61.533
61.5616840202088,1.03850953081592,59.5598345741267,63.585750344168,787,58.187
59.1917470128962,1.04219087958998,57.1871894767703,61.2200011151643,788,58.481
59.1357286737075,1.02890539789232,57.1150151588598,61.152182881424,789,60.022
60.2632538606768,1.03160230097177,58.2578207623843,62.2743660361658,790,60.124
60.433985167039,1.03168883488819,58.3911278748062,62.4403306553138,791,61.391
61.3945720943491,1.02003533602967,59.3656118411216,63.3911925355089,792,61.316
61.4479140802106,1.03110404811803,59.4210303137797,63.4458418996703,793,62.498
62.3094335875481,1.03592685548884,60.2985201486703,64.3157505155746,794,62.116
62.1305899931027,1.03506671564534,60.0932390915573,64.1703875812581,795,61.225
61.4475715613476,1.04979356182837,59.3442440366016,63.4653828535576,796,60.478
60.8516025314954,1.03048488151554,58.8166165601908,62.8821316874497,797,61.945
61.8285045083489,1.0373539918489,59.7976184039897,63.8339855804985,798,62.277
62.1933276276754,1.03418273745219,60.1941312124747,64.1906070856506,799,61.988
62.0242718252766,1.02185977476036,60.0324873391077,64.0073104280156,800,62.696
62.5274167543938,1.03992103832557,60.4678399577871,64.4997828429576,801,63.217
62.9516201959248,1.03004297691544,60.9309013297989,64.956280723708,802,63.353
63.0781904730987,1.02811786803668,61.0684120950085,65.0703034162623,803,61.802
61.969645941765,1.02731600410822,59.9706043336669,64.005738635922,804,62.506
62.3511465791956,1.03273898041119,60.3121964534949,64.3490652742508,805,62.929
62.7145148669316,1.00792957157179,60.7100701863541,64.6942465211624,806,62.884
62.712539301595,1.02021846464053,60.727261227119,64.6981487155863,807,63.771
63.378574029113,1.03698979093067,61.3478854913422,65.4308585362077,808,64.259
63.7970535574705,1.025365966072,61.8004124036957,65.8409847066875,809,64.027
63.657809552027,1.03705797918617,61.6472617178606,65.6879365747295,810,65.15
64.4749437771343,1.02703567443078,62.4776110465355,66.479104775608,811,62.714
62.7795164134171,1.04615292206769,60.7132624622901,64.8401793701877,812,63.807
63.3966206679131,1.05179371879646,61.3070592593312,65.4293957982653,813,61.861
62.0521799839128,1.02104537898389,60.0702849250238,64.0376643219605,814,61.761
61.8225835024282,1.02541563528391,59.782022013112,63.831041683945,815,63.002
62.6964186465691,1.03377621803129,60.6736252234655,64.6982827940078,816,62.56
62.462226935234,1.03786736286147,60.4686058664742,64.5287235872923,817,61.932
61.9851153304626,1.03909905470253,59.9419228987685,63.9811908543719,818,60.537
60.9100424953749,1.03291957615918,58.947130377892,62.9151898950258,819,61.598
61.5723242422031,1.04017301054818,59.477976419235,63.5928759590535,820,61.246
61.405081310911,1.036160280329,59.3308562978036,63.4272178148996,821,62.287
62.1163981354583,1.03202687149283,60.0907964314896,64.1240746946892,822,61.612
61.7155134974572,1.03638900226155,59.6595631910929,63.7540325373552,823,62.919
62.62853643511,1.02924867723729,60.6401809432599,64.634086125089,824,63.83
63.3740277208201,1.02149991282355,61.3691895375473,65.3453566746782,825,58.966
59.9051745749672,1.04289582048342,57.8499278314405,61.9373560000447,826,60.411
60.5810630027225,1.04135735156771,58.5453884613406,62.6445717072372,827,60.002
60.3756976647481,1.03226711520249,58.3504116313189,62.3686651170239,828,59.109
59.6774846512886,1.04157569989199,57.6525526939646,61.7145064148543,829,60.342
60.5258450920923,1.02877351457502,58.5316234300438,62.5209747674,830,61.197
61.2388547962997,1.03160231652573,59.2339756728471,63.2723046512193,831,62.014
61.9120486809853,1.03420174883551,59.8691941320878,63.9391305422384,832,61.857
61.8684198210225,1.02006992330803,59.8596284971707,63.8754902776546,833,61.742
61.765863714896,1.04007758694306,59.7328246903363,63.829026654885,834,62.191
62.0840876056282,1.01888394073016,60.0800161409578,64.0687461892745,835,63.393
63.0101899048219,1.03172598729012,61.0089491423591,64.9914472879056,836,64.572
63.9500808998046,1.03783806669715,61.9148279258907,66.0028002330688,837,64.457
63.9621158803346,1.02980398832215,61.9297581714775,65.9394543253606,838,65.086
64.4361116890471,1.04131809903623,62.4033402252352,66.4784647542852,839,65.408
64.7247656816252,1.02462122829506,62.7150968583791,66.7335200019182,840,65.324
64.6941595760287,1.02673620947155,62.6525015610705,66.6851186966,841,61.674
62.0300398137603,1.03974648220553,60.0387810598804,64.0685116673698,842,62.857
62.6094766056796,1.02813289352336,60.5477848993112,64.6437240775393,843,59.847
60.4649923206785,1.05057460812525,58.3978978411618,62.5115048295176,844,61.376
61.3543919942489,1.0391919953652,59.3384383081191,63.3790467723799,845,61.885
61.8185085572535,1.03076004760838,59.8060423928971,63.7958575761107,846,62.224
62.1098268525295,1.04046223340796,60.0741815675862,64.1377524773811,847,58.863
59.6557769413139,1.04431008664163,57.5891358264326,61.706565768367,848,58.895
59.4584879078234,1.039146610214,57.4061949236263,61.5032088565549,849,60.166
60.348138068882,1.03515822491087,58.3304446528804,62.4067520793638,850,60.19
60.4770814624797,1.04057263951403,58.4199958874288,62.5023078368566,851,58.098
58.9516595693525,1.03759672535613,56.8830495368082,61.01222508955,852,58.337
58.9536840263701,1.02546437752967,56.9708487288952,60.9672165998559,853,59.85
60.0907250429921,1.04154131147427,58.0332584494312,62.1113324209039,854,57.888
58.7486815774924,1.03289097386413,56.7097414298958,60.762011685154,855,59.099
59.5071093977999,1.02085217875102,57.5016461274625,61.5006667414163,856,60.627
60.7168291080734,1.04444170123154,58.6552917409531,62.7842644372771,857,58.83
59.5065748749534,1.03559671164544,57.4624564257728,61.4974527065313,858,59.855
60.1410323127083,1.04832372054962,58.1117279158493,62.2174470156528,859,58.371
59.1091132561269,1.03645309143852,57.0341694843838,61.1289860603136,860,58.423
59.0417992417483,1.04187823694546,56.9956486056303,61.084758538201,861,59.9
60.1092199506816,1.03169483704788,58.1018816998267,62.1169739586533,862,59.703
60.0581908737733,1.04033449755876,58.0485150135179,62.1213809336627,863,58.896
59.5196506993626,1.02743937482395,57.5171986905965,61.5079416350366,864,59.957
60.1792294056184,1.04443708603854,58.1289058140872,62.2381811557236,865,60.64
60.7762626509994,1.02939622372894,58.7773019670765,62.7748597077107,866,61.634
61.5705165131141,1.03040639480876,59.5398102155659,63.6180684718961,867,61.107
61.2559240359309,1.02863161718927,59.2206911996952,63.2037744026075,868,60.16
60.5520597662421,1.03253572754792,58.543320024487,62.54880474847,869,60.423
60.6568144830534,1.05062363995699,58.5556794672501,62.6797724707008,870,60.311
60.568578707537,1.04343811512982,58.5119513793395,62.6152045555293,871,60.479
60.6926429820566,1.04315930692708,58.6911841448703,62.7341570121661,872,59.643
60.0863030032046,1.0266179537454,58.1157709009518,62.0776497180946,873,61.02
61.0373529913992,1.03621498913894,58.9952875078791,63.0988257140018,874,62.586
62.2760984064908,1.02853909668928,60.2681918595469,64.2916772057597,875,62.451
62.3193521737587,1.03854256670634,60.3091714754351,64.3788535419352,876,63.543
63.1038517926703,1.03322396097305,61.0619556447813,65.1135097263574,877,63.976
63.5231325081492,1.01636570924235,61.5224245543583,65.4803660835208,878,62.782
62.6872379247685,1.03356321537337,60.6708088142311,64.7402916348642,879,64.062
63.5289460824042,1.03330152823436,61.508733535735,65.5721863155876,880,64.843
64.1877718034422,1.02463399937204,62.1675775897003,66.1985559488278,881,63.357
63.1977874808529,1.02309150393504,61.230703456869,65.2117156550406,882,63.373
63.0818127436591,1.05141389648606,61.0029898737176,65.1822589775348,883,64.253
63.7093984051917,1.04669422378432,61.6497982093804,65.7585701892299,884,60.878
61.2950755525418,1.04232386307884,59.2205071911694,63.3180949348348,885,61.609
61.6016224368741,1.02713751180243,59.5922011805442,63.5962849269811,886,61.419
61.4718009571235,1.03368590809163,59.4327013489409,63.5129970502216,887,60.614
60.8603389901771,1.03616198804723,58.8325779782045,62.8912905025622,888,61.434
61.4379037712671,1.02850849391016,59.4042578728315,63.4154672908163,889,62.798
62.4802407317943,1.02862793034802,60.5055311291696,64.5277507344307,890,60.527
60.9154126486209,1.03068197756094,58.9130968613887,62.9643213161917,891,59.925
60.3159930498095,1.03952331449033,58.2786917577841,62.3407269832155,892,61.656
61.5134333799039,1.02833975032045,59.5027635874541,63.5249582868789,893,62.3
62.1084069640242,1.02784290173046,60.0860951887799,64.0966154043051,894,61.633
61.7017148916501,1.03750204299311,59.6379574948668,63.7298355449158,895,61.071
61.265672158423,1.01514020248294,59.2050451940262,63.1903752527885,896,61.387
61.4267886514982,1.04070719205772,59.4184968592011,63.5229745701995,897,61.296
61.3958214444654,1.03826651265517,59.3334460831481,63.4145205020853,898,62.068
61.9238585530162,1.03444357178655,59.9184133049457,63.9534809347581,899,63.029
62.6923420014767,1.03320951685718,60.6382337275204,64.7250303874315,900,62.569
62.4525087849656,1.04013965776491,60.3783508631495,64.4670630231117,901,62.256
62.2091675923182,1.04386100120983,60.1459143332556,64.2602007913016,902,62.07
62.03389226365,1.04069893289691,60.0056021813987,64.0869800959909,903,63.164
62.8031903299311,1.04877906151303,60.720309861079,64.8416501922598,904,63.623
63.2454906518469,1.04263638716425,61.2123385577783,65.3037372481884,905,64.652
64.036220646967,1.02429443815844,62.0339364082903,66.0528550800244,906,64.006
63.6304130027211,1.04392432656236,61.582754217865,65.7038683355695,907,62.735
62.6748989859987,1.02780082305925,60.6567292494886,64.6978318789927,908,63.616
63.2419456351045,1.0298577124454,61.2372461266356,65.2578840673533,909,63.639
63.3146333238183,1.02876185252753,61.2932079811405,65.3389335424757,910,63.729
63.3821068886843,1.0343570685895,61.3977483158312,65.4292929434607,911,64.15
63.6792640705536,1.04163305402969,61.6680249143732,65.7262546318846,912,62.563
62.57074518257,1.03667146745378,60.5383057364334,64.6106007242737,913,63.833
63.3833860645701,1.03974012994815,61.319785226732,65.4418002753375,914,64.353
63.8479549177006,1.03366891343752,61.8571236620617,65.8839861120411,915,64.353
63.8843274300527,1.04369508244545,61.873935907066,65.9479131689355,916,64.475
63.9890342981411,1.03193064071706,61.9584035747716,66.0175654321909,917,65.127
64.4658311783272,1.04021423476936,62.4309082886544,66.4990160508206,918,65.386
64.7240795691612,1.02973209206669,62.6873616482179,66.7274683049262,919,64.428
64.0451858018392,1.02460352706172,62.0300415863921,66.0385508095307,920,64.491
64.0149965799761,1.02873294079952,61.9791344760374,66.0190860506644,921,64.723
64.2169672571141,1.03176474403072,62.1802767481218,66.2314326424192,922,63.315
63.1879965440141,1.0421241949833,61.0986101390505,65.2049089365911,923,63.82
63.4560669979253,1.01990974574563,61.4362939953505,65.4684807725264,924,64.494
63.9680810566282,1.040631599802,61.8861178131138,66.0102958322809,925,63.651
63.4020209900732,1.02759142846794,61.3939913326824,65.4574047848589,926,63.46
63.1882823116172,1.02437565680206,61.202467957699,65.1921229190921,927,59.687
60.4443110736564,1.04834800704075,58.400570273724,62.4884539726379,928,60.73
60.9130339088646,1.04481865223881,58.8881445117956,62.9560232462088,929,61.468
61.496600486569,1.03992144130481,59.4649036678842,63.5352717548844,930,59.903
60.3996220281568,1.03788823668773,58.4191672842902,62.4555911121292,931,57.088
58.2580910418457,1.03802225747844,56.2137151624545,60.2916073303268,932,57.936
58.6366425291745,1.01960581384572,56.6677896541707,60.6959023301975,933,58.283
58.9135565435844,1.02547223341022,56.9037723208777,60.9334820939851,934,58.676
59.2412097797524,1.03525116201191,57.2034563720213,61.2549392727377,935,57.812
58.6384596352797,1.03966229297533,56.5691576715135,60.6783084380116,936,58.875
59.3715033664186,1.041585203961,57.319716943505,61.41382404675,937,59.447
59.8458715979655,1.03103364956275,57.8294762854885,61.8539231312732,938,60.649
60.7719331318071,1.03233994229405,58.7339109604577,62.7915365435951,939,61.381
61.4162091212618,1.04816454500415,59.3803846694131,63.4732715064432,940,62.387
62.2329645017076,1.03895623367059,60.1780775698527,64.2395756908133,941,62.639
62.4930878896571,1.03039760063138,60.454190438504,64.5405023703876,942,62.333
62.2724154447105,1.03197502235857,60.2508276193298,64.3019994880138,943,63.318
63.0042426884804,1.03948369629175,60.9689700792262,65.0749116368945,944,64.056
63.6158255684755,1.04486616920027,61.621039440695,65.7229594222512,945,59.593
60.4054841323367,1.03817809543382,58.3922670335401,62.4397708339196,946,59.856
60.2724365392822,1.03461637195676,58.2687253676468,62.3137023708963,947,61.516
61.491432469612,1.04271040446291,59.4202376425648,63.5424054791325,948,61.955
61.9242788358227,1.00759590537805,59.9308736318795,63.8812924321246,949,61.319
61.5012143079652,1.03388269892742,59.4832490074106,63.5370639417672,950,61.65
61.7112810750148,1.02572317860076,59.6865228001838,63.7154445133189,951,62.283
62.1866982261316,1.02523783543842,60.1935766129741,64.1873708559428,952,61.662
61.8035194550652,1.02677629662852,59.8020748926518,63.8513211387294,953,62.727
62.4943121214375,1.03926365599095,60.4223352989375,64.5555884933631,954,62.783
62.6424179531514,1.03012447226804,60.6489308344837,64.6900528680778,955,59.752
60.425837988779,1.0370982905345,58.3819042508997,62.4573438188274,956,58.101
58.9934011249271,1.03268211006873,56.9665647553825,61.0104003209963,957,58.453
59.0857271166675,1.0267479569328,57.1075925850277,61.0554220278153,958,59.992
60.2228704508837,1.0298987071115,58.1674602670478,62.2384349715374,959,60.471
60.7025736463715,1.03859554444465,58.6869664934406,62.7778563419349,960,61.04
61.1586653277257,1.03381312280459,59.0982809367158,63.1811362757911,961,60.293
60.6836750567331,1.02173540596284,58.660900608808,62.6496987125593,962,59.42
60.0015706966238,1.03226045444732,57.9359151979685,62.0069148795503,963,61.064
61.1101756786307,1.02068166883,59.0870792129476,63.0940439301719,964,61.183
61.3224935894101,1.03845663331612,59.3161929046709,63.3656632599436,965,60.166
60.6001232184667,1.02802150977374,58.594336849484,62.6229576598161,966,61.351
61.4023396398968,1.04677669065348,59.3547664111643,63.4064999843079,967,62.826
62.556438945676,1.0308738405962,60.4966316164554,64.572726120787,968,62.271
62.2532502065818,1.0296514354927,60.2517199343604,64.246072844622,969,62.293
62.25428344128,1.02987591894161,60.2051155393838,64.2435386161833,970,61.645
61.7975745981953,1.02541979349475,59.7945401234059,63.8438096243419,971,62.5
62.3389278152621,1.02856552887242,60.3328541587366,64.3458808767948,972,62.734
62.5731003990294,1.01791541368943,60.5550925142663,64.560100448618,973,63.461
63.1597871410677,1.03963523515003,61.1209121485981,65.1490600457482,974,64.232
63.7570963131136,1.03821015331519,61.7404175276448,65.7930050247859,975,64.228
63.8250971718155,1.02522554566805,61.8178861142115,65.8078061124047,976,63.398
63.2582705251528,1.02109645873734,61.2716006994725,65.2501000451985,977,64.008
63.6426789364755,1.03129370803895,61.6378929583102,65.6554502864985,978,63.76
63.4508442090691,1.02334277166631,61.4560142482742,65.4464011682196,979,63.888
63.5869869662462,1.02591441121632,61.575621216147,65.5929046864491,980,63.998
63.6380856031055,1.03561858903666,61.586968284424,65.6689333255479,981,65.134
64.4903676295273,1.03050784947587,62.4320118532349,66.5162894566277,982,65.175
64.6011029860345,1.02677071278286,62.5771306278984,66.5969809635348,983,59.881
60.749296884475,1.05262308933623,58.6845885152136,62.7985254843035,984,60.65
60.9036408385863,1.01865400636667,58.9399579775116,62.8675020264071,985,62.264
62.0925405082167,1.0211293637857,60.0954640320986,64.0664339410694,986,62.27
62.23097101122,1.02933635238044,60.2056243980982,64.1978615569043,987,62.053
62.0921283255316,1.03287797322984,60.0671767686033,64.1122349935399,988,61.864
61.9310320870223,1.02287231682329,59.9559081528531,63.9573240334322,989,61.18
61.4155914894085,1.03352023646244,59.3702646594859,63.4627878131412,990,60.421
60.8043983896717,1.03860401952467,58.7748639528584,62.8334964032559,991,59.388
59.9872981972001,1.03418834304347,57.9209558647699,61.9767971141297,992,60.087
60.4467958359431,1.04247684944723,58.3635828707047,62.4815711341083,993,59.908
60.3332372983042,1.02795448606302,58.3446914557167,62.3368802572186,994,60.675
60.9017397678584,1.02412009002199,58.9236207623054,62.9135463713373,995,61.298
61.395811240102,1.03741480228052,59.381067609507,63.4126328617586,996,61.045
61.2745048245131,1.0279431737231,59.2438365550589,63.2982874156889,997,61.281
61.4435845952501,1.01944102558943,59.4553314505148,63.4724065081206,998,62.075
62.0169806909113,1.04260995895501,59.9682630898462,64.061298052683,999,61.459
61.6442595520985,1.04335471099223,59.6343262481652,63.6735635612438,1000,60.612
61.0094143919328,1.02691111539661,59.0314801751907,62.9992412823826,1001,62.239
62.1173230817272,1.02521839513057,60.126048112186,64.1326686520812,1002,61.011
61.3333703305003,1.0304255764908,59.3287573686119,63.3428014582693,1003,62.148
62.0818950263746,1.0230617783737,60.051659591062,64.1001332126596,1004,59.821
60.4390399173177,1.03921667813826,58.4046371387119,62.4174199914336,1005,61.468
61.501204169319,1.03644060909551,59.4635785511841,63.5453143101873,1006,60.402
60.8215221307187,1.03282309745235,58.7875808205526,62.8342060066015,1007,60.264
60.6531458673492,1.02664387732129,58.665651771584,62.6319301065422,1008,59.122
59.7933793849539,1.03460951822406,57.7530658530368,61.8113318801401,1009,60.284
60.5523182753282,1.02554042704566,58.5302915496328,62.5542742959413,1010,59.355
59.9500118790043,1.03573553389683,57.9134976072686,61.9771903409433,1011,60.233
60.5414620573857,1.03548108741457,58.4980044798075,62.5936545630753,1012,61.782
61.7463688837706,1.03887009825367,59.7205554188925,63.7472668560759,1013,60.889
61.2065913611709,1.02798947737541,59.180143497843,63.2239387682359,1014,61.288
61.4708572719506,1.02199789458904,59.4619657473794,63.4838558201142,1015,61.019
61.2745767534837,1.04235403241841,59.2107915614733,63.2929652206348,1016,62.024
61.9948314490569,1.05046409953406,59.9015465413503,64.0056465552807,1017,60.265
60.782265748247,1.03598093191993,58.7520396814188,62.7732015021317,1018,61.673
61.6677512196478,1.04034029939137,59.6437096491404,63.7351222547369,1019,62.519
62.4106774883479,1.05253516138127,60.3445435203657,64.5060640393336,1020,61.987
62.1019508903325,1.02788395771201,60.1021276789679,64.1165793252133,1021,61.422
61.6393448007245,1.03385059664303,59.6383107900023,63.6650291709017,1022,60.234
60.7175858530499,1.03678574241243,58.6591997739404,62.754913845787,1023,61.829
61.7798844683706,1.00874314338144,59.8019869069411,63.7791894332217,1024,59.142
59.9265761102594,1.03315456093852,57.9250704527259,61.934676243589,1025,59.98
60.358904691061,1.03450849009583,58.3242787470808,62.3769589075375,1026,61.244
61.3159680570702,1.03430025804293,59.2747891446479,63.3321236859678,1027,62.754
62.5337998284771,1.03936487785244,60.5499580862427,64.5770714964518,1028,62.71
62.5948165092221,1.03788342113877,60.574577422083,64.5922065154885,1029,62.427
62.4346899309947,1.03202345509112,60.3906707115523,64.4447713336521,1030,62.881
62.7371324885059,1.031043275838,60.7337051795176,64.7668031975294,1031,63.876
63.4808879091788,1.01653278143923,61.5185350274004,65.4762812688064,1032,63.578
63.3550841480196,1.02919467064271,61.2946229245958,65.3359887546333,1033,61.91
62.1093207289509,1.03210742668284,60.0980936151921,64.137004917855,1034,61.559
61.7266195272678,1.04213414634363,59.6809892651537,63.7242282683264,1035,62.722
62.552350591883,1.03062096971165,60.535128376954,64.5779198167426,1036,62.378
62.3660900075782,1.01511700838065,60.3475897280717,64.3329962475295,1037,63.265
62.988405364067,1.03792344057333,60.9998802087635,65.0385230690309,1038,60.66
61.163858570611,1.04307456932515,59.1169397271748,63.2175085321561,1039,61.774
61.7828522319986,1.03026044184385,59.7517242440429,63.7666989964411,1040,61.402
61.5658771608648,1.04245041654324,59.4662067794951,63.5937705169552,1041,61.899
61.9096026246854,1.0367197567298,59.8565091276289,63.9572523496048,1042,63.099
62.816326688288,1.03528017957095,60.7741503129189,64.8437698880941,1043,60.634
61.1238668064044,1.03415579486399,59.1079958305545,63.1453617693228,1044,59.074
59.8077388780584,1.03309730713881,57.751837948566,61.8151376889078,1045,60.441
60.6435930409112,1.04632560238211,58.5627675798345,62.6710307193944,1046,61.663
61.639187886729,1.02764565518058,59.6823450840209,63.6748506190715,1047,60.727
61.0703127351064,1.03626624639601,59.0455951076356,63.1115849239907,1048,59.102
59.8097199322993,1.02173588079591,57.8493194345739,61.798889044161,1049,59.926
60.2867683153302,1.04393983434275,58.2443726626289,62.3331908925321,1050,59.583
60.0554728294128,1.04082785614326,58.0090386215245,62.1041598199718,1051,58.781
59.4597720165548,1.03810782919046,57.4239620975222,61.5358412563343,1052,60.348
60.5569778355612,1.03931578199701,58.470839549589,62.5708161309139,1053,59.534
60.0552823645741,1.02641882469329,58.0262977833323,62.1274981598562,1054,61.152
61.1926350373336,1.05078507788468,59.1315560994047,63.2631391626977,1055,60.01
60.4810964996371,1.03261594170252,58.4725616411715,62.5284540280925,1056,60.131
60.4896591650227,1.03246299208765,58.5330315498271,62.5629873362487,1057,59.814
60.2597195908912,1.03235936527833,58.1877569651536,62.2793278268923,1058,61.112
61.1643957471337,1.04711745152169,59.1385365502419,63.2050638403268,1059,60.581
60.9024158743563,1.03209639885789,58.8738518627959,62.948345341469,1060,60.868
61.0780369396501,1.04021230101249,59.0334211653014,63.1329236888829,1061,62.175
62.0708513297116,1.01594467641523,60.0742276969588,64.0765096034562,1062,63.203
62.8906815738715,1.04122163214529,60.8848264585773,64.9208239833186,1063,63.792
63.416123931918,1.02916870490781,61.4198469754444,65.3997632560608,1064,65.039
64.3645547721489,1.04222717743845,62.3411771632835,66.4310716604287,1065,61.738
62.0914655546621,1.02844273238584,60.0751432856012,64.117771111055,1066,61.835
61.9293215806447,1.04203933390637,59.8733914915613,63.981937139451,1067,62.675
62.5175014429493,1.04155854172144,60.4685072163569,64.5633896141469,1068,63.333
63.0376192385689,1.02431154643821,61.0424060126659,65.0490252624894,1069,60.769
61.2277179379448,1.03179671728094,59.2204701719437,63.2714489001098,1070,60.365
60.7638847373501,1.02155197786964,58.7592436410422,62.753391104979,1071,61.029
61.1931195202891,1.02689514027979,59.1480289518981,63.1577130525187,1072,59.831
60.3280271715364,1.03381189075834,58.2999619316108,62.3364818688154,1073,58.647
59.3940269889762,1.02637584135639,57.396270788689,61.4376696372261,1074,58.574
59.2439027687738,1.03496308464718,57.1806256248308,61.2550984960147,1075,58.354
59.0736443370726,1.04064371911877,57.0571575011639,61.1381891830347,1076,60.084
60.2915980714299,1.03395253455726,58.2564374730448,62.3094389249529,1077,58.7
59.402743533675,1.02299261128605,57.3793799351849,61.3902140311112,1078,59.379
59.8388405165047,1.03765507980383,57.8607216281141,61.8562788814843,1079,60.279
60.5306412276642,1.02271749413686,58.5197097243386,62.5156385841704,1080,61.041
61.1820241626556,1.02156480023169,59.1905927531664,63.1713846886458,1081,57.45
58.613249400966,1.02711720581904,56.5794241185667,60.6487321467554,1082,57.605
58.4336282617605,1.0496082544001,56.3680238137226,60.4649850873696,1083,57.602
58.4507704140819,1.03947882457337,56.3809593911778,60.4978360111395,1084,58.523
59.0864439377437,1.03484463298122,57.0628682327096,61.1419686369699,1085,59.251
59.7007295122664,1.01837939459644,57.6760188443761,61.6858196900481,1086,58.654
59.3333366304928,1.0379824094006,57.3312225723135,61.3943102348349,1087,59.858
60.157010626567,1.02802069387225,58.1208954769043,62.1499127236492,1088,60.353
60.6223977435342,1.04195843691538,58.5667689121541,62.6577098463047,1089,59.498
60.0394960624075,1.03360703533558,57.9880760800499,62.0528823649514,1090,60.28
60.5766341182454,1.04107860300544,58.5198138305384,62.5674206176998,1091,58.987
59.6642355910575,1.03352811162587,57.6299387833139,61.6718340398737,1092,57.158
58.2524036528639,1.04025228892706,56.1943956593328,60.3188847344536,1093,58.568
59.1245217850083,1.04683426822311,57.0711454434355,61.1913004852439,1094,59.84
60.1003018876992,1.04152171953754,58.059112026702,62.1446647267162,1095,58.455
59.2289638565876,1.02292147341355,57.2018819737494,61.2507309977499,1096,59.533
59.910458861346,1.03543514515278,57.8556095959067,61.9280228692264,1097,60.23
60.4941173962417,1.01339461729873,58.5269228780433,62.4878396819607,1098,60.015
60.3837766961548,1.02267646342985,58.3766497444269,62.4168202338354,1099,60.62
60.8202666273964,1.02840301953642,58.8187207149854,62.8660338164859,1100,61.664
61.6421668786438,1.04395731452877,59.6083839736195,63.6671059552026,1101,62.303
62.1808716122253,1.03706925538719,60.1524907978832,64.2221639847977,1102,60.422
60.8734551264027,1.02618769724279,58.8301131566164,62.8918435656831,1103,61.426
61.4952717858473,1.0340108506293,59.5105008293607,63.5046164322463,1104,62.225
62.1315851085684,1.0413238566312,60.0997205380444,64.169053518045,1105,61.516
61.6612109298105,1.04366571204102,59.624831555808,63.7011230383575,1106,62.984
62.6960197881939,1.0369938183317,60.6536644777833,64.7559761187367,1107,63.704
63.3142809496611,1.03886239907652,61.2953399723715,65.3662959700327,1108,63.749
63.4015862124302,1.04187463839311,61.3504998596818,65.4313223071584,1109,62.712
62.6704184829873,1.01716757961646,60.6832802351843,64.6619224840806,1110,60.913
61.2795546376758,1.02884250463303,59.2985527645633,63.2640085568802,1111,61.893
61.8486429545798,1.02545221121476,59.8475596225026,63.8788815664566,1112,60.551
60.9489621517976,1.03260456710564,58.9510056877025,63.0048314625943,1113,62.067
61.9156212161161,1.03099240462693,59.91254844487,63.911509925773,1114,60.716
61.0302487048804,1.0344619170152,59.0244910779547,63.0467380959258,1115,59.093
59.7598664441693,1.02573887650298,57.7016833794391,61.7768620442538,1116,58.623
59.2940887709984,1.03556445211417,57.2808958921914,61.314458788827,1117,59.619
59.964769620711,1.02625658615959,57.9220350558002,61.9347668201511,1118,59.728
60.1524405083932,1.01841893800113,58.1667733496992,62.1950924182588,1119,60.676
60.8406803834338,1.03012854357435,58.8506579851863,62.8535276198869,1120,61.185
61.2772840466742,1.02336184237165,59.3041228728012,63.2682851178694,1121,58.323
59.255770715665,1.03275543363711,57.2197067349539,61.2389241241427,1122,58.9
59.4160155523655,1.03200165274039,57.389891853773,61.4387009204363,1123,60.005
60.262605521671,1.02663061095799,58.2133014150115,62.2549030593486,1124,58.835
59.5075049342922,1.03988204268028,57.4683518119662,61.5398181662221,1125,59.991
60.2693026032768,1.03247718591852,58.2656081124634,62.2964178492261,1126,61.261
61.2638950770347,1.02399694451313,59.2845422653723,63.2701661634052,1127,61
61.1869002485123,1.02485146094818,59.2024577726776,63.1387791291927,1128,59.772
60.2639483584675,1.04605388488833,58.2186606881418,62.2661527742873,1129,60.112
60.4263929847298,1.04232981296288,58.3674513390257,62.4603097410696,1130,59.537
60.0419452269698,1.02557801146907,58.0086122404906,62.0536491024326,1131,59.584
60.0364761712028,1.03890663770035,57.9917724509733,62.0800487200082,1132,59.666
60.0680289706567,1.03360910579124,58.0092844764649,62.0778470562093,1133,59.484
59.9651804083661,1.01998421188083,57.9750467218101,62.038481969457,1134,59.977
60.2938435919763,1.06425031348774,58.1910548702523,62.3413077850663,1135,60.894
60.9991999456172,1.01836338793304,59.0208305897277,62.9947006509815,1136,60.316
60.6507475294486,1.03324957435492,58.6034184673952,62.6779436576776,1137,60.372
60.6516288866529,1.0356364231261,58.6290331705069,62.6812510512055,1138,61.001
61.1246632138279,1.02229341494375,59.1163870329437,63.0924208592724,1139,62.456
62.2347268332178,1.0310361573955,60.2371456264742,64.2205394334287,1140,62.015
62.0032364600845,1.0147245051361,60.0132801333055,63.9742456621917,1141,63.082
62.8016097477627,1.03054924611418,60.7981648969112,64.7897430105056,1142,63.753
63.3643784638219,1.02734795625044,61.3760075103033,65.3743785726843,1143,62.739
62.6442846277522,1.04024946464022,60.5745948524875,64.6773676899447,1144,62.207
62.2051682666488,1.03984945512587,60.1451284218284,64.2206051907225,1145,61.67
61.7680008800052,1.03473528792561,59.765664234709,63.8004877253411,1146,62.616
62.4076416708437,1.03143872436269,60.4007553988467,64.4340018845905,1147,63.384
63.0218147137965,1.03879938006399,61.0134060217521,65.0775798140934,1148,62.593
62.5266134029387,1.01912181172894,60.5291718218151,64.4953147626893,1149,62.394
62.3267419922667,1.04314717818202,60.3253228058749,64.3353323814351,1150,61.898
61.934538957243,1.05170807002013,59.8523850667922,63.9892205927813,1151,62.081
62.0398776301864,1.0478558292302,59.9803129707921,64.1437696027419,1152,63.323
62.9465163800108,1.02493358164886,60.9350698531763,64.9921802501142,1153,63.393
63.1125033700424,1.03159123218383,61.1004297899965,65.1589888480995,1154,63.125
62.9356842794598,1.03082124716588,60.8982354158597,64.9667297597264,1155,63.372
63.0850994994102,1.03120601476478,61.055637511101,65.1234700065233,1156,64.094
63.6504302243159,1.02342146303106,61.6377606629101,65.6558535487713,1157,62.806
62.752410229209,1.01862337384986,60.7326714301616,64.742488819896,1158,63.162
62.9237135100993,1.02681954021196,60.9156427097858,64.9416975246277,1159,63.965
63.5116913617537,1.03722001360552,61.4739144071513,65.528864508154,1160,61.972
62.1409792618674,1.04309750125199,60.1008092668614,64.1395745297159,1161,62.328
62.2508732330438,1.03209719305665,60.2592871657715,64.321518478122,1162,63.496
63.1128576129525,1.02845377086773,61.0626236047866,65.1051933852271,1163,62.663
62.595141424531,1.04278507460939,60.5242364800827,64.6042537436659,1164,58.738
59.6615738183794,1.02332913191616,57.6587229975822,61.6774291776624,1165,59.924
60.2269202631284,1.02700805642576,58.1933790251113,62.2401805264129,1166,60.57
60.7384911969673,1.02433624492344,58.739015287561,62.7483538069717,1167,61.914
61.8120677216449,1.02446906316808,59.7854970939429,63.7999595617906,1168,61.488
61.5979506475514,1.0305871646167,59.5671889185581,63.6017856321093,1169,62.94
62.6220419804809,1.03344841915421,60.6131948265937,64.6560137533202,1170,63.225
62.9579515260404,1.03158233745879,60.904089367199,64.96858995351,1171,64.272
63.7675602383196,1.04808629008837,61.7080108039702,65.8315900139326,1172,63.111
62.9852144604461,1.05071976631746,60.9018050404292,65.0427474780354,1173,62.945
62.766639691796,1.02690852290046,60.8006020238823,64.7810276503394,1174,62.433
62.3783675393802,1.03148553982343,60.3195207758139,64.3787047337991,1175,62.391
62.3057165085082,1.02954335574531,60.316250214595,64.3399383258907,1176,63.732
63.2884432765332,1.03341529170838,61.197986028554,65.3104707755362,1177,63.958
63.5770192874582,1.03438178468884,61.5681923841467,65.6218608402743,1178,63.837
63.4797560993803,1.02560309332568,61.5089691275693,65.4695118658143,1179,64.418
63.9144678331819,1.03183413583448,61.8850596597689,65.9510392192012,1180,64.158
63.7490156044976,1.0268325000457,61.7675712041467,65.7982675120082,1181,64.201
63.7988320964233,1.01983712912007,61.7973361314231,65.8092384651641,1182,64.25
63.8205051945069,1.02131856503478,61.8238586736324,65.8101081707984,1183,65.405
64.6495747587681,1.02782713503235,62.6586076594043,66.6814291285366,1184,65.198
64.6058686740327,1.03018495040939,62.6303845963163,66.6265629962735,1185,60.237
60.9724609791926,1.03743304915024,58.9556051505826,62.9963481377276,1186,60.354
60.68045019087,1.0434827875755,58.5840932522966,62.7114891318842,1187,61.649
61.6010637205929,1.04223021241525,59.5662946298237,63.6350382390247,1188,62.055
61.9920659124414,1.03939933960698,59.9770058294892,64.0505874465601,1189,62.788
62.5669827345995,1.03461547616341,60.5345946960833,64.5488067876834,1190,62.714
62.5585249682116,1.03974463897934,60.5170090572722,64.5546644362718,1191,59.302
60.0676238399339,1.03840647120517,57.9714651620916,62.0774536283968,1192,60.807
60.9201485057592,1.02622329278329,58.9340051513939,62.9526545542199,1193,61.965
61.845245187689,1.03009319624993,59.8335936623687,63.8716817947032,1194,60.95
61.1743743516902,1.02566338425037,59.1740592310699,63.164794453777,1195,59.961
60.4295311821611,1.02647740195236,58.3977964691764,62.4056820611375,1196,58.363
59.1600424187041,1.03099085543585,57.1527547944297,61.1693933296295,1197,58.726
59.2958455065462,1.04160394852772,57.2536928538802,61.2976163002962,1198,57.567
58.450945928494,1.02739740031942,56.4286536200486,60.4495794366373,1199,57.742
58.503045061618,1.03587914288071,56.4925996728384,60.5035205684418,1200,58.657
59.1474730235173,1.02818032599423,57.1531170881598,61.163550498758,1201,59.257
59.6856579535553,1.03014361312936,57.6962282965959,61.7406130143478,1202,60.561
60.667008408172,1.03128189717198,58.6821130274041,62.7246141395689,1203,59.29
59.8625135862901,1.03859763692162,57.806225879588,61.9180785843423,1204,60.069
60.3582893542874,1.03947378207016,58.2794560092336,62.380907217382,1205,60.925
61.0284364592367,1.0344637386522,59.0184391784487,63.057025133981,1206,59.73
60.2135472097891,1.0415464779121,58.1969588811856,62.3069436597512,1207,60.743
60.8681475681509,1.02550242270827,58.8249156087994,62.8795277540102,1208,58.952
59.6315713984927,1.03636934685222,57.5855823979229,61.6279062063528,1209,59.839
60.1564003645287,1.02270610436355,58.1504946068665,62.1496660034607,1210,60.458
60.6533009359904,1.03763484124224,58.6208323063375,62.7106374603308,1211,59.466
60.009139237061,1.02086772888061,58.0108016262343,61.9917458316889,1212,60.53
60.6798269667583,1.03291441930028,58.6781260753459,62.6957695357133,1213,61.948
61.7909112583612,1.02665886915772,59.7749360854419,63.8029193961682,1214,62.212
62.1231477596502,1.0350141208552,60.1332436879067,64.1631223955923,1215,61.394
61.5597480311986,1.02311720138609,59.5296265237628,63.5478427508477,1216,59.478
60.0729614056426,1.03682350202883,58.0566683756511,62.0786059233458,1217,59.09
59.6371466723117,1.02585783358137,57.6593320558454,61.6190057665197,1218,60.191
60.3900010565498,1.03431685172378,58.3567023572417,62.4090852755805,1219,61.153
61.1948406946672,1.01739945785665,59.1828361893133,63.2131086418056,1220,61.685
61.6653060091589,1.03023524311085,59.6513993923713,63.7067005349363,1221,61.793
61.7821061101542,1.01811558094243,59.8194727896359,63.7895956063013,1222,60.888
61.1306268364884,1.03446685620597,59.0777431202017,63.1234200887047,1223,61.533
61.5503289779681,1.03479722209385,59.526306327216,63.5461946007329,1224,62.195
62.0610178759837,1.02581191423758,60.0776543453335,64.0683919250045,1225,61.68
61.7506141902829,1.0320516615134,59.7259913637047,63.7638660484014,1226,61.532
61.5902564863057,1.04240005640903,59.5492616681555,63.6276704003616,1227,61.532
61.5869282450548,1.03146227817505,59.5515686827223,63.6042074554017,1228,60.875
61.1116472114762,1.03388852777021,59.0642847235997,63.0891296907069,1229,61.729
61.6679610597283,1.03179014158846,59.6558878717933,63.7381679397688,1230,62.832
62.5561120282109,1.03737003426691,60.5081917988768,64.5637697056768,1231,62.387
62.3098234091086,1.01277624041045,60.2786660917881,64.2864921282368,1232,61.795
61.8556393105218,1.03129468157398,59.8721595997808,63.8871118479399,1233,62.201
62.0966071527519,1.03085131603348,60.0979245847411,64.109501086619,1234,62.772
62.5605930054385,1.03948693616357,60.5755407723745,64.5977534381793,1235,60.175
60.7043423212049,1.0379123698423,58.6675334604754,62.7255717514046,1236,60.905
61.020513729165,1.02132069610611,59.0278025007187,63.0265870066956,1237,60.41
60.7417946941783,1.03353842872265,58.7178195035558,62.7888915503578,1238,61.932
61.7656899304466,1.0310378959843,59.7162128362603,63.7478677085314,1239,60.825
61.087576423746,1.02968408313618,59.0955624424736,63.1196627347088,1240,62.084
61.9413829619051,1.03138046828089,59.9469321999368,63.9785731676137,1241,62.465
62.309266899607,1.04505339380704,60.2252750157943,64.3369353321697,1242,61.286
61.4684669778489,1.04105646228846,59.3767044498606,63.5110798459804,1243,60.248
60.6287527801241,1.02631457258521,58.5847792465745,62.6387997058316,1244,61.112
61.1972102970344,1.02858421571621,59.183743321438,63.2292377222394,1245,61.567
61.5791235183073,1.02036008800737,59.5636571599346,63.5595328765385,1246,60.947
61.1552480953438,1.0398745944151,59.1246032951669,63.161783320867,1247,60.082
60.475182049489,1.02681705612001,58.4783183926304,62.5069713560166,1248,60.137
60.4572099129684,1.04343789869014,58.4242329735518,62.4881960716278,1249,61.686
61.5719795480557,1.03842016465584,59.5451910064894,63.5798956992149,1250,62.155
62.0250504563749,1.03343836760399,59.9825913088117,64.0402252037179,1251,62.333
62.2183868106089,1.01891710333683,60.2029048949606,64.2297477125359,1252,62.142
62.0904258649302,1.03867130612307,60.098810314603,64.164955163338,1253,62.231
62.1710919296016,1.0369982651849,60.1535351973815,64.2256483645856,1254,61.913
61.9065781228416,1.01832367533445,59.8935008466961,63.8828884473971,1255,61.892
61.8935061213949,1.03655959665657,59.8272764256812,63.9080544936519,1256,61.644
61.7127318063592,1.03471389972712,59.6886883191158,63.7588334635578,1257,62.525
62.327210101334,1.02731794753865,60.3241322433681,64.3487254146299,1258,63.242
62.9326478539353,1.03993731637964,60.8579142719622,64.9507496051827,1259,62.81
62.6540485360296,1.03215069027345,60.6292939417213,64.6873406956636,1260,62.787
62.6152088259358,1.0212601301235,60.6057442325925,64.6384936813,1261,62.769
62.6130964740404,1.03854505178941,60.5945380041644,64.653247257885,1262,63.504
63.1428755131629,1.03608393073799,61.1211383749942,65.1478669274667,1263,64.646
64.0570672740067,1.03988468570764,62.0269011394316,66.1021013760919,1264,59.149
60.1128643981649,1.02798193416145,58.0761042896163,62.1229814573513,1265,60.65
60.8097535039954,1.03637054119301,58.7485880655604,62.8177342209943,1266,61.454
61.4671421104456,1.0359833596969,59.446822334419,63.5082881944053,1267,62.448
62.247745836324,1.02878818374962,60.2783227337778,64.3000711625238,1268,62.809
62.6252515687164,1.02999985376993,60.6317308991533,64.6797077354527,1269,63.021
62.8214392768076,1.02531680731123,60.8053314145866,64.8068118632774,1270,63.03
62.7962304032714,1.02868281771131,60.8055327242334,64.8427395009703,1271,61.966
62.0344801047593,1.02176442110654,60.0433684580973,63.9878670130305,1272,61.895
61.9208999189816,1.0379852724527,59.8639699990322,63.9358661506439,1273,63.206
62.8473387495964,1.0242572875971,60.8640452153052,64.8560503245871,1274,63.275
63.0160040494892,1.02072459147583,60.9982949977312,65.0093118415904,1275,62.818
62.7062971239649,1.03452134680421,60.6315177930796,64.7141569256705,1276,61.693
61.8266587171882,1.05274827731684,59.7585173565977,63.860901101991,1277,62.898
62.6098171825698,1.03123244021763,60.5938541629548,64.6192125438532,1278,62.866
62.6795675815799,1.02942435277259,60.6533594916633,64.6593403390994,1279,63.235
62.9723904232828,1.04006756662161,60.8973518579474,65.0110208846225,1280,62.593
62.5277996034827,1.02504058788917,60.5162602340346,64.5413457264175,1281,61.675
61.8083129330488,1.03066965744748,59.7519722559594,63.8447827194388,1282,61.678
61.7407104703032,1.03552984549958,59.7410455384409,63.7802449535772,1283,60.84
61.1312403016324,1.03156711723051,59.1218683651295,63.1467516587053,1284,60.687
60.9353118224132,1.01835407326089,58.9458652076953,62.9293150944244,1285,59.982
60.4099959449461,1.03649452208332,58.3796987156484,62.4796804362136,1286,60.773
60.9129249109582,1.02885983204043,58.919661626192,62.9330633355266,1287,60.434
60.7269762408744,1.03414786628903,58.6656109688875,62.7373354987126,1288,60.026
60.4153907804809,1.02528954854101,58.4332328220458,62.4572222434234,1289,60.3
60.5878885910502,1.03976567110777,58.5197198868604,62.6074905364146,1290,59.868
60.2849626264595,1.03422492196162,58.2630461081646,62.3204981581367,1291,60.127
60.4220912166123,1.04035041821892,58.3704060568898,62.5240991787029,1292,60.798
60.9664514005746,1.02634911922897,59.0054800297982,62.9706467210324,1293,60.149
60.5441833536217,1.03427194893324,58.5263602648966,62.5905692218295,1294,60.656
60.8547667893222,1.01911261206021,58.8332379941356,62.8611215721622,1295,61.366
61.3996955130664,1.03155597267686,59.3994232548299,63.4582140818752,1296,60.509
60.8321452773883,1.03078081767736,58.8212595696904,62.8590995797813,1297,61.424
61.4553347382056,1.03172942803621,59.417872568715,63.4492856857702,1298,61.005
61.2379053620959,1.04667698824007,59.2213151971696,63.302458269055,1299,62.39
62.2018518308958,1.02554742622163,60.1948636907192,64.2399978001037,1300,63.457
63.0957843591367,1.03915752116261,61.0188123650353,65.10338825841,1301,63.291
63.0431850208374,1.03638392187359,61.033130896405,65.116199467013,1302,63.458
63.1872137694832,1.02601312663367,61.1702256017475,65.1592685254577,1303,63.485
63.1895287233011,1.0354844772726,61.181068750323,65.2397569555379,1304,64.396
63.8730028792243,1.02701407846157,61.9301357719464,65.9056961481144,1305,64.364
63.9293548301951,1.02707625494471,61.9491745972391,65.9811504110527,1306,61.681
61.9919922503402,1.02675979422975,59.9945422207469,64.0111506971795,1307,62.743
62.5344123984858,1.03736539864089,60.4970829631988,64.5311662111898,1308,63.558
63.2161794159443,1.03787937866881,61.1559204696346,65.2521714169419,1309,63.377
63.1310920919407,1.04008534667528,61.1060350454554,65.1535558424247,1310,64.149
63.7019886427724,1.04462624308014,61.6533899823187,65.7253857105941,1311,62.835
62.7893627888685,1.04293941824985,60.7277710329888,64.8300138041821,1312,63.01
62.8227865271275,1.04607259581167,60.8084181213407,64.9110458608228,1313,64.01
63.5897652305519,1.04010224072843,61.5788921260193,65.6305239352035,1314,64.963
64.3376312903596,1.01303545342439,62.3591959161841,66.3408762680921,1315,65.13
64.5372841228051,1.02504228971057,62.5105848690773,66.5676504142083,1316,65.085
64.5435224157991,1.04361344695376,62.4841771641031,66.593239757971,1317,65.315
64.6984835241483,1.03490770354504,62.6730437880072,66.7704291649529,1318,64.622
64.2526876046145,1.0216012503343,62.2642763392753,66.2333963101621,1319,62.837
62.878740631261,1.02838839206418,60.8592445373347,64.8966000663746,1320,62.609
62.5605797017997,1.0269090721326,60.5445740609772,64.5528480416602,1321,63.429
63.0968839417304,1.02548915835295,61.041278924889,65.1238239850584,1322,63.719
63.4184482778407,1.03318174102697,61.4337627754964,65.448880829248,1323,63.068
62.9349702475696,1.02778123606854,60.9318973776469,64.9441276935212,1324,62.717
62.6138976356071,1.02922805324936,60.6282425505403,64.6578035996699,1325,63.815
63.407355822165,1.03244219219843,61.3825023496984,65.4388630568976,1326,63.758
63.4533715688283,1.04331355456275,61.3821848941418,65.5063709869753,1327,63.026
62.918442210249,1.02812266033616,60.8931984330634,64.9107914829771,1328,62.574
62.5312577909639,1.02845387069908,60.5321691795278,64.5511463947757,1329,63.717
63.3296424820541,1.03540527776911,61.3098343846477,65.373540581926,1330,64.61
64.074674878558,1.03602854294268,62.0522227940797,66.0873625775632,1331,64.086
63.7459415595286,1.02491208058787,61.713743568551,65.7520152760493,1332,64.019
63.6562259787744,1.03823155926447,61.6516364223546,65.7271483028208,1333,65.02
64.3859002650499,1.03619976724104,62.3332446214059,66.3979750268865,1334,65.218
64.6220532500335,1.04877362477428,62.5805029808944,66.674332674767,1335,63.492
63.3764552993816,1.03732145646242,61.3401518437978,65.4276292438459,1336,63.193
63.0123778619769,1.03412090714432,60.9729604990358,65.0144137156768,1337,63.341
63.1205997429943,1.04325332587374,61.0885065735369,65.1561059267604,1338,60.986
61.3638084950834,1.03387790996873,59.3143257861192,63.3719273662338,1339,62.599
62.4000680484888,1.02731899967217,60.3626957923698,64.4238395739653,1340,61.656
61.8027562785073,1.02690523386276,59.793687038807,63.8283320839178,1341,62.046
62.0079775126146,1.02401246525538,60.0075817559463,64.0027884617964,1342,62.957
62.6982335217134,1.02557605401455,60.7052754384575,64.7138999634367,1343,62.156
62.2075067842525,1.03740759920273,60.1606878326142,64.2239824049329,1344,58.965
59.8069357221514,1.04180604251193,57.7850113981901,61.8450774722632,1345,59.727
60.1040259928496,1.03213695189612,58.0914599939798,62.1475051566457,1346,60.024
60.3655070113975,1.02707472723349,58.3665444995909,62.3385549040047,1347,61.445
61.4276562226402,1.03475149909038,59.3879100102703,63.4367125579979,1348,61.848
61.8375440834826,1.02150382231682,59.8174820109453,63.8587774646977,1349,61.288
61.4680730750697,1.02048738766734,59.4608328444755,63.4231597662987,1350,60.927
61.1642392728262,1.03167153926903,59.1698675068621,63.176778284148,1351,59.725
60.2661910355618,1.01962140405476,58.2835784869206,62.3038085496195,1352,61.293
61.3191983639735,1.03205915977899,59.3152787775097,63.3453395212929,1353,62.063
61.9836170372387,1.02383724433616,59.9634376190285,63.982536521443,1354,59.262
59.9874673105388,1.03986565298078,57.9819603359923,62.010438520074,1355,60.852
60.9775885315389,1.02910282251022,58.9730893737361,63.0087687962988,1356,60.94
61.127318641155,1.03771084772684,59.1030263351031,63.1326738700937,1357,59.406
60.0319419195474,1.03761195308136,57.9859734073671,62.061870200053,1358,60.955
61.0555459457301,1.03224753872202,59.0481132847241,63.0712232416377,1359,59.783
60.30915145277,1.03830253736046,58.2755083449123,62.3732306597898,1360,58.302
59.1272983096292,1.02632011294627,57.0490893518981,61.1372917921907,1361,59.955
60.222402629416,1.02721391495961,58.2420455720186,62.2593070804505,1362,61.077
61.1319454866783,1.0271471018211,59.1283734686952,63.1779922494999,1363,61.59
61.6159467398725,1.04255072154863,59.5588732577913,63.6456424968193,1364,62.679
62.4734522865794,1.02058650649976,60.4903304160245,64.4786661739953,1365,61.685
61.8252285569695,1.01711219089156,59.8568666856933,63.8287427083376,1366,62.88
62.6328951825134,1.0354128217311,60.6181738744365,64.6578596339692,1367,63.752
63.3663651016263,1.03070426341625,61.3477105896065,65.3684865418876,1368,64.003
63.6070095015476,1.0413023098456,61.5570446831651,65.5785409742098,1369,64.518
64.0361472259218,1.04675903312264,62.0349407202601,66.0914325725832,1370,64.911
64.3679494948972,1.02934269372449,62.3293809076837,66.3824094011178,1371,65.267
64.6435927061963,1.0394058955831,62.6123487395943,66.7114446967791,1372,65.315
64.7203078063018,1.04365087741749,62.7106763957779,66.7284701249916,1373,65.295
64.7092505874735,1.02849072331408,62.6898150453212,66.7010098829552,1374,63.819
63.6337891137094,1.04500040829968,61.5622691008947,65.6829600655615,1375,61.685
61.9682882396254,1.05324600872319,59.8704904541178,64.0374185316016,1376,62.467
62.3780981519576,1.02836499409143,60.4053761987352,64.3983244247856,1377,62.429
62.3755664515599,1.02881705133319,60.3801481222567,64.3793593468205,1378,61.01
61.3403109246629,1.03957841236928,59.2813885207244,63.3877722777209,1379,61.935
61.912456463755,1.03718901479782,59.871193285768,63.9265611541769,1380,60.004
60.5480171974037,1.05573296853691,58.4984492630989,62.5905155870141,1381,61.168
61.2598179173071,1.04023290624922,59.2274834433723,63.2993118927667,1382,60.725
61.0056983046749,1.03333820369004,59.0043702849132,63.0164975091975,1383,61.752
61.7378685849271,1.03787435317281,59.6682556945363,63.7880015150196,1384,61.177
61.3930369539117,1.03913909618394,59.3748028941221,63.4742020788843,1385,59.323
60.0111508765483,1.02801158272818,58.0082901784862,62.050007483241,1386,60.506
60.7153036233154,1.03097296128553,58.698617222381,62.7140600345108,1387,60.828
61.0416564061293,1.02419763859444,58.9986017970388,63.0145553315991,1388,59.183
59.8689808077057,1.03777921369607,57.8414192241679,61.8984055511815,1389,59.299
59.8145940948181,1.04129297096205,57.7821263082429,61.8613585679233,1390,59.716
60.1103721492881,1.0316399408176,58.0809118362688,62.1386908657377,1391,60.277
60.5437223890155,1.02481638350774,58.5085449472652,62.5483602894647,1392,59.628
60.1486911464259,1.019582168005,58.1501531971675,62.1521860846676,1393,60.252
60.5316184957685,1.03122826383795,58.43970629557,62.5135722403005,1394,59.601
60.119555688337,1.03084072329998,58.0523976308026,62.1696673077209,1395,60.058
60.4221657799537,1.03000963835235,58.4025651929364,62.4271271392162,1396,60.821
60.9889697624727,1.03730891400055,58.9805973552463,62.9813080127557,1397,59.954
60.4219697477725,1.0271847763451,58.413008982534,62.427447846167,1398,58.645
59.4051055978992,1.03259700685728,57.3785852937282,61.4374619418612,1399,59.656
60.0484100933605,1.03308990187734,58.0317015148596,62.1012086130093,1400,61.084
61.1596392272029,1.02839914588319,59.18279244837,63.1819182232135,1401,59.787
60.3222368082905,1.01343960451409,58.3064894895545,62.3033255146413,1402,59.902
60.3241434840655,1.03658864402514,58.3047786098761,62.3417095456846,1403,61.034
61.1531868655751,1.03681370184924,59.1162760708208,63.1874177365417,1404,62.595
62.392390292089,1.02073775998426,60.3987253397195,64.3611167504334,1405,62.106
62.1510323473012,1.01892031703897,60.1484938514665,64.1360097074543,1406,60.787
61.1822290441993,1.03810918191662,59.1693665977698,63.1961959553231,1407,61.915
61.8867498155399,1.0275657346316,59.8562699873472,63.9400386290193,1408,61.683
61.8051354638625,1.03443668566748,59.7950638833217,63.8285963497284,1409,60.834
61.1574336963098,1.02822008209206,59.138719211482,63.1451074373432,1410,61.646
61.6962512642786,1.03461556321996,59.6359503220481,63.7324942640253,1411,62.014
62.01760316633,1.02337901185877,60.0638393272142,64.0492182592494,1412,63.054
62.81503078049,1.02306706935051,60.8444190144429,64.8180900388824,1413,63.035
62.9007479091722,1.03770773753481,60.8679185047691,64.9254394609059,1414,61.712
61.9188004103398,1.03917849036552,59.8655893353688,63.9345686045545,1415,63.206
62.9040439659954,1.02765300321534,60.9322795723191,64.9315566237737,1416,62.581
62.5545330381449,1.0232591708859,60.5703108577377,64.5459414251521,1417,61.901
62.0260237451681,1.03244810863772,60.0567051159642,64.0131314252304,1418,62.53
62.4580245487767,1.03338050557529,60.4510209975127,64.4787767932543,1419,63.33
63.0721665789343,1.02924067642154,61.0388242094509,65.1003167508662,1420,63.521
63.2852470311249,1.02747377533592,61.2925023239129,65.34221561809,1421,63.412
63.2450715689894,1.03027193053123,61.2552725564802,65.2586421092838,1422,64.107
63.7157951853727,1.02460873633271,61.7352791881414,65.7228094767086,1423,63.791
63.5593520023039,1.02865133133461,61.549085981237,65.5566783108716,1424,63.067
62.9880753414499,1.036190315536,60.9742535325635,65.0544269133346,1425,62.935
62.8567068070462,1.02624900516891,60.7923085809794,64.8726395584525,1426,63.331
63.1104046375261,1.04634940824282,61.0253684631303,65.1648255298743,1427,62.796
62.7468420867006,1.0403385472594,60.7038205890837,64.8069508672092,1428,60.487
61.0505378753095,1.03172542369496,59.067914693005,63.0920197469095,1429,60.489
60.8590885248358,1.02778214580827,58.825765164741,62.8571084506114,1430,60.448
60.8090207633217,1.03418539622713,58.7787018000408,62.7914315803256,1431,59.391
60.0412126561457,1.02225748980659,57.9812976046059,62.0489663831695,1432,59.089
59.7148597320418,1.03717204235216,57.7075348838679,61.7252892509545,1433,58.591
59.3437098575757,1.02485951437641,57.361476606413,61.3577114141177,1434,59.477
59.9554416955177,1.02921682296554,57.9562442839174,61.9596570052988,1435,60.335
60.6411045285288,1.02947075331462,58.6055097599728,62.6777494897145,1436,61.504
61.5816192650873,1.03078047586429,59.5469977891562,63.5792631915241,1437,62.798
62.6134006414258,1.03380702453567,60.5641836806979,64.6287102769124,1438,62.974
62.8473478034568,1.04127095923557,60.826623264504,64.9305101059705,1439,62.039
62.1989871581123,1.02452881781465,60.1921148490026,64.23336937583,1440,63.195
62.9544192802158,1.04807096374055,60.8946295258192,65.0117005052226,1441,64.148
63.7372517821032,1.0370306404226,61.6851769597754,65.7626078157301,1442,62.593
62.6769929955446,1.02898480750169,60.6649532383435,64.6868069329565,1443,63.539
63.2688778909585,1.03686450043858,61.2573861590859,65.2678008108359,1444,64.653
64.1286162134282,1.04514429032548,62.0796527982011,66.1409902750555,1445,64.455
64.0966783189051,1.03329081292402,62.0772224904383,66.1427406289583,1446,62.854
62.9093464592789,1.04130478103334,60.8129790700917,64.946050878533,1447,63.019
62.9127481278299,1.0324503555507,60.912678357043,64.9384033515378,1448,62.967
62.8999077832282,1.02939114359497,60.9107058034202,64.920167989328,1449,61.96
62.1487277291796,1.0346615206014,60.1584785403824,64.1788926336635,1450,62.855
62.7140933358116,1.03158627166823,60.7072530794351,64.7349318170762,1451,60.997
61.3985614224242,1.02801875140768,59.395597148317,63.4055394592503,1452,62.664
62.5121810626408,1.03642822657157,60.4773499079027,64.5279795014507,1453,62.608
62.5918403957435,1.03051816201045,60.5809834393105,64.6123816014455,1454,62.085
62.2318107631542,1.02198213505412,60.2743582825538,64.2079974373481,1455,61.68
61.8643536521693,1.03370817764094,59.8684492702063,63.9527875420009,1456,63.091
62.877325486154,1.02663503781374,60.8354349147195,64.8984567524183,1457,62.631
62.6294498089219,1.02835334453034,60.6369875600601,64.6596662824692,1458,61.221
61.5999653785879,1.03510958112451,59.5211955089999,63.6105252407525,1459,61.526
61.7052049928425,1.03122451205601,59.6590433589449,63.7170057314644,1460,60.316
60.8288247346598,1.03115465752666,58.7995291984048,62.8581461640781,1461,60.999
61.24078339202,1.02994479994372,59.1878270378265,63.2240078878902,1462,62.324
62.2354377817794,1.03195006198058,60.1800765322843,64.2130088218223,1463,63.02
62.8581533133643,1.04714827147723,60.7710467989828,64.8873230450245,1464,64.038
63.6706964511685,1.02860139946102,61.6500245864365,65.69394617752,1465,64.601
64.1608528142997,1.035063142294,62.1374392795316,66.2031033912166,1466,62.739
62.8424088205198,1.03540442571091,60.8459833088759,64.9036611320605,1467,62.618
62.6401194437138,1.02765548116936,60.6384822135562,64.6614801114991,1468,61.94
62.1194626394414,1.0486548721712,60.0356658195566,64.1712313769747,1469,59.291
60.1185593728199,1.03898863907397,58.0370254864607,62.1404812079793,1470,60.446
60.774008860064,1.03559581612485,58.7146503751455,62.7633068006584,1471,61.884
61.8782929258777,1.03123902419836,59.8652844481954,63.9011537835886,1472,62.185
62.2231102598784,1.03102713482788,60.1756855968352,64.253234158892,1473,62.147
62.2347757580218,1.02835109600676,60.2424994875049,64.271289851554,1474,58.394
59.471349623444,1.03535598762944,57.4316076475239,61.469473350151,1475,59.349
59.903217179173,1.03352965615142,57.8948783333735,61.934925043419,1476,59.189
59.8294580587366,1.02175467039985,57.81595144346,61.8039655160892,1477,59.361
59.933439682696,1.03948933951618,57.8676082058538,61.9292169392948,1478,58.653
59.434155870965,1.02778552568839,57.4256282090903,61.4674506294928,1479,59.984
60.3701247819043,1.03277294115401,58.3550056780586,62.3945839659701,1480,61.67
61.6613907087105,1.03845491314315,59.6208558667755,63.7047519378027,1481,62.085
62.1354958323215,1.0269511442645,60.1597422394945,64.1673296683055,1482,62.633
62.6009325171414,1.02582248169151,60.5921680660975,64.617998720759,1483,63.21
63.0269209618012,1.0247511946156,61.0656248935727,65.0877065107832,1484,63.065
63.0067922176346,1.01836389418313,60.9976944188354,64.9935893665929,1485,59.277
60.2092442020574,1.02393004823291,58.1871067808435,62.2036962961772,1486,59.797
60.3048576490607,1.0227481609657,58.3293808909171,62.2720750659392,1487,58.635
59.4535629152545,1.02913715442585,57.4232481551625,61.4627618706754,1488,59.846
60.2290829257741,1.04171027838991,58.190215013202,62.2692771325682,1489,60.918
61.1031882276276,1.03494537266201,59.1012751856299,63.1646752009122,1490,61.61
61.7178330782704,1.02394518406298,59.7343090061571,63.7255912401579,1491,60.585
61.0100921873902,1.02413640110863,59.0463252910337,63.0262771337673,1492,61.766
61.8078373199878,1.03011280487777,59.7838861961805,63.8466415066576,1493,62.947
62.7561663291904,1.03010542056155,60.7403835513214,64.7832810461811,1494,63.674
63.3878087664229,1.03683327042944,61.3382443593256,65.4144076570352,1495,63.792
63.5536556549618,1.02478380821645,61.5417701635751,65.5556799042718,1496,63.906
63.6659394476904,1.04006075423557,61.6337471240967,65.715180830311,1497,63.746
63.5469500979858,1.02639227398705,61.5134021725538,65.539043295216,1498,62.031
62.2877251004385,1.03519065447016,60.2586132868389,64.3070563968562,1499,63.326
63.0881436470864,1.03086339907038,61.0800094709735,65.0758912761057,1500,64.172
63.8031275416913,1.0231854131205,61.8285085689446,65.8308461779737,1501,65.117
64.5877953758902,1.0254402668407,62.59208616477,66.613951728001,1502,65.261
64.7323899336937,1.03393620107558,62.7000710846036,66.7184765722983,1503,63.693
63.6050739981247,1.02435997292494,61.5992273826743,65.6112912863727,1504,62.448
62.5744570568126,1.02587162071631,60.5607022876304,64.5839671510208,1505,63.694
63.3942969898445,1.01361167878925,61.421709702851,65.3341371115013,1506,64.151
63.8128397204929,1.0349132699288,61.8385351105353,65.8660173445213,1507,63.563
63.4036184436868,1.01984565519908,61.3908167156354,65.3945990021061,1508,63.706
63.4646515247489,1.05927481439516,61.3439575211331,65.5167634064681,1509,64.804
64.2874371808057,1.02692671126385,62.2890873552143,66.307004548831,1510,63.659
63.5345481122544,1.0431877337008,61.532843331525,65.5683107076399,1511,62.235
62.4162561495696,1.03499387372603,60.3523397951555,64.4628461340384,1512,61.059
61.4417859674274,1.03730298902931,59.4183539557429,63.4666230636047,1513,61.388
61.6068496368276,1.02867599896799,59.6151185098445,63.618130173728,1514,61.865
61.9451884975305,1.02302831989634,59.935423423046,63.9517428790579,1515,61.84
61.9511327563162,1.03857482954588,59.8905920654018,63.9700956463579,1516,62.2
62.2248148962603,1.03420833658975,60.2132627446412,64.233212694024,1517,61.745
61.9150847244338,1.03977741124685,59.8653994732547,63.9210606795534,1518,63.228
62.9663041152091,1.03564783056219,60.9552714965942,64.989282631398,1519,63.047
62.9578261517606,1.01874537592969,60.9576240092324,64.9688653353769,1520,64.153
63.7739705501551,1.0309580132107,61.7838705953791,65.778564615528,1521,64.271
63.9291864248691,1.03297373817093,61.8806033243332,65.9503327386038,1522,62.376
62.5724769706699,1.03900463568847,60.5095734924613,64.569061077062,1523,58.96
59.9131942815471,1.03319448020135,57.9165334028124,61.9342565663645,1524,59.497
60.0436751662527,1.02666718062523,58.0086811242978,62.0383171764998,1525,60.941
61.0968575367411,1.03620298103529,59.0709673950976,63.1380364063605,1526,59.791
60.3585578586773,1.03087197115941,58.3390540172146,62.3754574946369,1527,59.343
59.9679851303359,1.0286247384954,57.9097735582478,61.9902382047336,1528,60.261
60.5900515861408,1.03415225671602,58.5593816675709,62.6106995086616,1529,60.198
60.6050614691133,1.04275706426751,58.532895385348,62.6459689677883,1530,61.003
61.2065778369826,1.03914307594644,59.1704093013857,63.2411781161456,1531,61.574
61.7142975478524,1.03239089301401,59.6712605211771,63.7341739252525,1532,62.487
62.3855397169234,1.02913644504267,60.3532076702689,64.3654114360598,1533,62.422
62.4221700890257,1.03199761231308,60.3918418721194,64.3792947827073,1534,63.719
63.3861447419852,1.02813265896206,61.3540710981959,65.3591799834687,1535,64.091
63.7468185194889,1.03857899886401,61.7067108779451,65.7514453708547,1536,63.499
63.3481224915451,1.03691286439757,61.3266934529339,65.3565699063003,1537,63.221
63.097732716737,1.04007746904169,61.0343256331986,65.1307331194126,1538,59.678
60.5105673017522,1.03918958117053,58.4300902475866,62.5446283641576,1539,61.115
61.2959431648612,1.02968627573089,59.3212739817904,63.2981298421017,1540,60.14
60.6114752846872,1.03349753914667,58.6130473793139,62.5987679249286,1541,60.407
60.7810455740262,1.03558562409628,58.7576183786345,62.8332004271372,1542,61.127
61.2952491708172,1.02579965735094,59.3445680178552,63.3369234383234,1543,61.841
61.8661822586272,1.04151443657039,59.8370922939279,63.878621385073,1544,61.102
61.3878154639694,1.03608204877186,59.3641681556281,63.4235841410074,1545,61.214
61.4418779433598,1.04850308221582,59.4107124603714,63.4931729461498,1546,62.105
62.0862479032305,1.02800667873538,60.0884525298032,64.1085768017499,1547,61.968
62.0480247893295,1.02467567892174,60.0172745221327,64.0405731979139,1548,61.828
61.9440187654033,1.02102848870979,59.9722610113514,63.9569041427343,1549,61.156
61.4315351542566,1.04515523200155,59.3921937305803,63.4513389264174,1550,62.038
62.0398535171081,1.03550898015572,59.9897199850974,64.0654808136365,1551,63.28
63.0413986555526,1.04571846973638,60.9862152389617,65.1195356638137,1552,61.71
61.9499833229727,1.0362812885579,59.959157053872,63.9925775831237,1553,61.686
61.8404631538147,1.02819653939279,59.8377856867053,63.8804682313316,1554,60.908
61.2936803049942,1.03008832578348,59.2751658016949,63.3285355273519,1555,62.349
62.2587053047819,1.04051462759964,60.2342096997103,64.3131944516156,1556,58.996
59.9039042629962,1.02816924371536,57.8450124474233,61.8799383526512,1557,60.63
60.8401399332572,1.02853247976555,58.8221679998542,62.8445966063662,1558,59.603
60.1991434779189,1.02692542326535,58.1704433403465,62.2477291442795,1559,60.992
61.1533669171736,1.04113531943059,59.1155133671717,63.1702095466041,1560,62.322
62.20714679569,1.03128672049514,60.2117501725134,64.1882413317372,1561,61.633
61.8230200483326,1.0259940529149,59.8152349281846,63.8200021525601,1562,60.935
61.2695675426204,1.03551624400206,59.2560306439168,63.290975206446,1563,60.305
60.7418477289946,1.03777516339176,58.7420216969034,62.8033202870496,1564,61.259
61.3986801808656,1.03225582656458,59.3760009369587,63.4133794168535,1565,62.72
62.5189766214079,1.02655228141921,60.5101872945437,64.5160208959794,1566,63.394
63.131703894787,1.03043689238857,61.0698150222205,65.1135534810651,1567,63.666
63.4038168128716,1.03471366147955,61.3464078758197,65.4328381718164,1568,61.995
62.1978829732295,1.02475841109779,60.1800116912393,64.1961914202499,1569,62.937
62.7528174014728,1.0322861805397,60.7339918728951,64.8275178771649,1570,63.804
63.4346642450764,1.02839113488489,61.4021925485229,65.4431077274341,1571,63.77
63.5143550868482,1.02936840854662,61.4450890000423,65.5296898746268,1572,64.638
64.1502825892874,1.03057175311504,62.1426490567974,66.1691470835478,1573,64.076
63.7993463628374,1.02762615570439,61.75361997311,65.7567217507685,1574,62.118
62.3441151897711,1.0224592806089,60.3113784973618,64.3377817485759,1575,62.937
62.7799529201165,1.0300394281389,60.7921032601318,64.831760822151,1576,61.927
62.083606152946,1.03647295027599,60.0747019630957,64.1378643469477,1577,61.554
61.7621786505381,1.03127381892717,59.7154599853516,63.7908242087489,1578,60.976
61.2869872780722,1.03345660582376,59.2374181249892,63.2859466329551,1579,61.98
61.9655981809644,1.0274061659473,59.9636014445125,63.9766624919457,1580,63.17
62.9503118114251,1.02912971628882,60.9339957317984,64.9708308989435,1581,62.32
62.4064029282581,1.02850567196965,60.3653997633418,64.3452693397283,1582,63.378
63.0964033771047,1.04574210764343,61.037109201049,65.1424455299871,1583,61.545
61.8567233897867,1.04246494503303,59.8231709742302,63.8817054088055,1584,59.591
60.2812920071472,1.03274680643697,58.2654582284081,62.303829203987,1585,59.804
60.2985377235448,1.02784084507286,58.3074487719949,62.3251455109671,1586,59.561
60.0889305829829,1.02113873861391,58.0874075755239,62.0799528931763,1587,60.216
60.5415115376196,1.02546292400291,58.4989736108292,62.5379173611178,1588,61.369
61.4336098826988,1.02556551990259,59.4182273924289,63.4066901468833,1589,59.571
60.2459499623515,1.01506671065785,58.2346689822645,62.2490130498223,1590,59.981
60.4101027938196,1.0255094205257,58.426553766793,62.3910111190206,1591,60.832
61.049264377796,1.02383498197844,59.037354732997,63.0270780115367,1592,61.559
61.6391272761835,1.03170812533115,59.6519898529186,63.6597120685639,1593,59.838
60.4440626723567,1.02516129082803,58.4576298032979,62.4413198416948,1594,60.445
60.781924632956,1.0300593632501,58.7522582557918,62.8070017614697,1595,60.31
60.6964552852062,1.01796716448071,58.714014969188,62.6873013408047,1596,61.441
61.5102178547099,1.04328663078782,59.4677532976235,63.5921693779624,1597,61.778
61.8401640718919,1.03597788109233,59.7812368509592,63.8811500315983,1598,59.787
60.4191863320901,1.03398387279513,58.4055938189175,62.426588795565,1599,60.27
60.6335906092294,1.03906030410855,58.6440219066756,62.7139074843105,1600,59.557
60.1350662136802,1.05630663940268,58.0342072304216,62.1971362111266,1601,57.748
58.7429790926558,1.03165965978069,56.7417499823126,60.7651300921582,1602,58.923
59.4617141705061,1.03885758993555,57.4073533813958,61.463155885331,1603,60.029
60.3650013464175,1.02802401956763,58.3470560138978,62.3454365235105,1604,60.93
61.1207842623523,1.03106093972666,59.0788401222042,63.0950616877507,1605,60.805
61.0909428181953,1.02711185103201,59.0624179939912,63.0974614685394,1606,61.613
61.69017948296,1.03010441391942,59.6664296041869,63.7050643786743,1607,60.914
61.234112745014,1.0262475431273,59.2398470264168,63.2445806108319,1608,60.753
61.0730601639735,1.03696973352306,59.0547059625642,63.0985354390042,1609,61.806
61.8280290512615,1.0250796709512,59.8121378278607,63.8321088387847,1610,61.188
61.4531250079744,1.04309751804126,59.4131602434969,63.4813561534188,1611,60.899
61.1915148139994,1.03201234663623,59.1880002450539,63.196930096165,1612,61.541
61.6560512950104,1.04053925814225,59.6197642962349,63.7302874940995,1613,60.687
61.0625666136288,1.01893308590742,59.0443298956954,63.0173293470689,1614,61.349
61.4883510589698,1.02235739741547,59.4846831731908,63.4949312526581,1615,62.543
62.4075350320477,1.02016758687044,60.3860807184401,64.4381894773657,1616,62.593
62.5559599250992,1.03535024317925,60.4876152401222,64.5721914160362,1617,61.881
62.0274587467623,1.03300912986974,59.9422516375614,64.0288541588786,1618,61.996
62.0598374591729,1.02925960404171,60.0820661751422,64.0996646072769,1619,61.26
61.532894021695,1.03359837520861,59.5161235148497,63.5559454084953,1620,62.762
62.565246500071,1.02875399552738,60.5479727824113,64.5723029654071,1621,63.37
63.1639174559809,1.03855156686909,61.1470023229547,65.204175710316,1622,63.305
63.1427409549659,1.04116256603445,61.0857162611035,65.2008270292376,1623,63.367
63.1833906947186,1.03467537818665,61.1658281271181,65.2084951122942,1624,63.231
63.1000949736839,1.02218056139033,61.0681778239218,65.0729085602532,1625,62.792
62.7492697574513,1.01821857873395,60.7633046086286,64.7352247588756,1626,59.767
60.5153025385909,1.04221753750655,58.4600595957954,62.5422141346866,1627,58.297
59.2163272348411,1.03776023782912,57.1954953488132,61.219213082962,1628,59.066
59.6120694483572,1.01922412581448,57.6105626721362,61.6171661452356,1629,58.596
59.3557389865282,1.03816318925929,57.31144927314,61.3993878046615,1630,59.766
60.1394229076575,1.03412198197501,58.1373739150046,62.1378175225367,1631,59.78
60.2354393703616,1.03440995106776,58.1872390165062,62.2791360078461,1632,58.765
59.5240227812621,1.03921738870003,57.4990893594933,61.5715235317234,1633,60.134
60.4451882330759,1.03988870418024,58.371233420233,62.4860583994133,1634,60.358
60.7238289328755,1.03714657918988,58.6660306647838,62.7281206287733,1635,58.856
59.6220455021205,1.01323835203932,57.6267373341555,61.6168969013336,1636,60.075
60.4145200965876,1.04654615518589,58.408244230074,62.4812365690641,1637,61.134
61.2615646911098,1.03846082150115,59.2650706982798,63.2894653842819,1638,59.526
60.1712593590216,1.02648354103768,58.1892286325239,62.1992387657051,1639,60.699
60.9258150103638,1.04484801227309,58.8877433970922,62.9511009716968,1640,61.285
61.4216477439023,1.02152338925189,59.4185213741311,63.3981041631931,1641,60.157
60.6536156701219,1.02515794614129,58.5939515452614,62.62390081387,1642,61.141
61.3165194209497,1.03490700805054,59.2658062016267,63.383480188181,1643,62.322
62.2284471238969,1.0270346478108,60.2344572989777,64.2310450441848,1644,62.187
62.2335374500342,1.0208063758253,60.2321711875614,64.2222627467774,1645,63.538
63.2164001212349,1.03465880517524,61.2033446641038,65.2051023900384,1646,63.698
63.4156047893549,1.02134530234158,61.4281728198925,65.4242097957828,1647,64.489
64.0397567616657,1.03684211182312,62.0107275993667,66.0518553603255,1648,64.62
64.2023280779853,1.03057275160782,62.2088984750291,66.2090429631563,1649,64.696
64.2385067487798,1.04537096260172,62.2084798366691,66.2631929803095,1650,65.823
65.0918313740668,1.04305296693875,63.070617972519,67.1246219940511,1651,64.153
63.9662623116474,1.03362477310244,61.9501847327107,66.0025998152379,1652,64.604
64.152458793354,1.03297141086919,62.1140121350277,66.1300939166251,1653,64.97
64.4541512785255,1.02480147642132,62.4109382930603,66.4582105945265,1654,65.169
64.656571311323,1.02367302300584,62.6534451335458,66.6698826208419,1655,65.155
64.6517538583648,1.02464249977911,62.6515055622113,66.6776745833595,1656,64.409
64.1037686126828,1.03907813178096,62.0250336122693,66.1070331722379,1657,64.263
63.9274632199171,1.03443857567648,61.9263427633802,65.9504181499161,1658,64.541
64.1229625393541,1.02759030522784,62.0739049530976,66.1305116725451,1659,64.445
64.0610697014682,1.01239498079692,62.0695690240739,66.0149064886727,1660,64.602
64.159104224693,1.0291481238339,62.1479046551178,66.1954432026672,1661,64.533
64.1535526539751,1.0242177133408,62.1567089784399,66.1567012607305,1662,65.452
64.8168305599112,1.05128269805949,62.7885804282526,66.8450350140632,1663,63.628
63.5512622848206,1.03975592849613,61.4918783349023,65.5698046413399,1664,63.438
63.2873490705864,1.03523713181664,61.2711400103253,65.3185757775689,1665,61.845
62.084026243583,1.02583179605004,60.1231426836554,64.1120415584989,1666,63.073
62.8443162076011,1.04554533280336,60.7972945760452,64.8913514607471,1667,63.535
63.2757614575588,1.03263446192371,61.2434636080691,65.3078536197387,1668,63.144
63.0366970222621,1.03223090564138,60.9865960894109,65.0540793910569,1669,63.646
63.3804530164818,1.02959849115555,61.3463730984039,65.3894303151563,1670,64.45
63.9832272284989,1.03174312756392,61.9846141349606,66.0277868674459,1671,63.232
63.1733111659515,1.04031809566968,61.1299713074074,65.2184329244902,1672,63.711
63.4286329218946,1.03544093871937,61.4113666286463,65.4489856216091,1673,64.398
63.9578693473879,1.02944853451135,61.9684352934041,65.9663846553121,1674,64.568
64.1422837041763,1.03092023128608,62.0895358893591,66.1311247912546,1675,64.688
64.2647254495488,1.0329242809486,62.2351894020448,66.276458210794,1676,64.378
64.0375778705099,1.01702420941173,62.0285916996363,66.0805146831114,1677,64.444
64.0710992527642,1.02062558049606,62.0676226686212,66.0894479343264,1678,64.278
63.931278230838,1.04828608852269,61.8820084592166,65.9900642062293,1679,63.922
63.6671718000674,1.03493230920754,61.6585555573242,65.7252026423046,1680,62.538
62.6230469397873,1.04810408176181,60.5381191198413,64.6579797780002,1681,60.485
61.0177456913073,1.04688181322843,58.9546087131194,63.0499813983732,1682,61.704
61.7361530139246,1.03093821052161,59.7409815823864,63.7203033669818,1683,63.091
62.8491639508704,1.03060223613844,60.842001986452,64.8329958274149,1684,60.918
61.3510852921472,1.02972996389721,59.3709716288152,63.4186013908853,1685,61.961
61.9495142278248,1.03598411664984,59.9497106227781,64.0066250061243,1686,62.671
62.5341566870926,1.02241450622088,60.5203085839087,64.5270731628875,1687,63.207
63.0068246817716,1.02169902259801,61.0015939816395,65.0213647937309,1688,62.752
62.7212584910029,1.01976752947066,60.7473418848047,64.7473358161658,1689,62.264
62.3234645093436,1.02116366185626,60.3261211011025,64.2951985850666,1690,63.22
62.9640335078558,1.04006580735796,60.9573811728493,65.0623993248081,1691,63.365
63.1574909429263,1.02868264987052,61.1196112567455,65.169001407003,1692,61.962
62.1396514160396,1.04049727638456,60.095154430024,64.1373394759311,1693,61.814
61.9097669327871,1.03168952201416,59.9097270918825,63.9331206586267,1694,63.268
62.9813844171633,1.0279852466317,60.9687952662263,64.9982114402273,1695,60.304
60.9046928312551,1.01963812779201,58.8976635798087,62.9310871489238,1696,60.87
61.115907196003,1.02766655765334,59.0809605533254,63.1781312479608,1697,60.156
60.5973390825905,1.03277110308094,58.5618161771244,62.6140018872352,1698,60.762
60.974036869763,1.03740876104352,58.9472707330834,63.0214595352426,1699,61.655
61.6852678531843,1.03947170096412,59.6539810718532,63.7442186249842,1700,62.929
62.713387986283,1.03186810710905,60.6796824462537,64.7455238193509,1701,63.585
63.2519539399851,1.03586201446745,61.230120098551,65.2837874810235,1702,61.7
61.956346241802,1.03282510049805,59.9492819141962,64.000019504543,1703,62.343
62.2854200925251,1.04110204475141,60.2267356400373,64.3266457453823,1704,63.181
62.9128972506262,1.0302071749219,60.894575054078,64.966159874204,1705,63.665
63.3333684340271,1.0362387747702,61.2899429935715,65.3450706606236,1706,64.109
63.7186199750793,1.02855400295299,61.6726451816813,65.6954348633446,1707,63.765
63.5188520284944,1.03590911720845,61.5224256165239,65.5332201681882,1708,63.654
63.4072174777557,1.02771362901511,61.4031557803144,65.4175844466011,1709,63.992
63.6515301407785,1.02344555697951,61.6716793199961,65.670624948074,1710,63.899
63.5901232940365,1.02776871915536,61.6162727548528,65.5944433831864,1711,60.141
60.826703120826,1.03367201216615,58.7963707210271,62.8384483427071,1712,61.161
61.3057326662695,1.04453491230114,59.2753359684742,63.340649492027,1713,62.572
62.3924419123724,1.03207939683233,60.3666949520671,64.4345369206137,1714,63.607
63.2288461993193,1.03115600673935,61.1664504982285,65.2479449001934,1715,64.57
64.0537658935048,1.02266760058728,62.0437765828516,66.0657969791053,1716,64.783
64.2584822355106,1.03383159183828,62.2166843619166,66.3135024062239,1717,64.981
64.4546807769563,1.02706853181129,62.4305545042881,66.4113740346097,1718,65.082
64.5372355936454,1.03425812884096,62.503602099404,66.5669921606059,1719,64.811
64.3621912943349,1.0417590282966,62.3501002412604,66.4064995347047,1720,64.275
63.9378838162542,1.0302926495715,61.95038436843,65.9576960210736,1721,65.093
64.5033662799714,1.01899099916304,62.4858268486587,66.4736053521414,1722,65.213
64.6374318411049,1.03531346647999,62.5822996959153,66.6620288871512,1723,65.697
65.0133235181409,1.04863935746645,62.9706749162111,67.068804839501,1724,66.687
65.7495069051672,1.02765757882311,63.7365614546774,67.7290785513056,1725,66.216
65.5050157899612,1.04669811422286,63.4432725972303,67.5686873625685,1726,63.829
63.7170007985918,1.04820307908423,61.641800556707,65.7774340673217,1727,64.653
64.1543899911313,1.04295198549167,62.0955827086959,66.2176977164687,1728,64.746
64.2541442232457,1.00764704152387,62.2777124054159,66.2451980566826,1729,65.323
64.6826188146205,1.03481735341624,62.6689330874234,66.7353935186101,1730,63.07
63.1048403632136,1.04035323773874,61.034192903765,65.1417798635438,1731,63.433
63.1809028321392,1.02708279704999,61.1950474982657,65.1718796078291,1732,64.389
63.8980422327515,1.04351785248958,61.8745989436366,65.9355890917123,1733,63.268
63.1693045340401,1.03326977992974,61.1234203687957,65.1906822243156,1734,62.948
62.8559719330289,1.03696578576837,60.8184774694667,64.8927228019782,1735,63.272
63.0582783495009,1.02238961096529,61.0806363572628,65.0776417478073,1736,63.681
63.3883619071844,1.02846837278307,61.354537278153,65.3584216442187,1737,64.343
63.8564779405072,1.0485570145761,61.8090786310967,65.9383276344185,1738,63.769
63.5141794588119,1.02751379915197,61.5084447454814,65.5482915383378,1739,62.084
62.2361926854316,1.02677427396516,60.2321549071871,64.2598914916017,1740,62.012
62.0546635923493,1.02101645747361,60.1009425971035,64.0653099329523,1741,62.199
62.1674283016993,1.02177659760563,60.177680853409,64.1679883729134,1742,61.93
61.9725875942403,1.04161558306347,59.9618050216146,64.0344044443738,1743,61.939
61.9772926518498,1.03725701060548,59.9616772018399,63.9902110332239,1744,63.422
63.0402677581447,1.03441061612139,61.0271148058188,65.086335176119,1745,64.587
64.0147845025751,1.02290550682757,61.9793455916785,65.9970295257903,1746,63.89
63.5971723012493,1.02843375943148,61.5639466864872,65.5712338553367,1747,61.795
62.0385965222841,1.02785376168135,60.0189086800335,64.03519540534,1748,62.059
62.0689664891367,1.0382243869824,60.0419651135682,64.1453854617712,1749,61.204
61.4561473560578,1.03610267283585,59.418964829319,63.4562024590025,1750,61.183
61.3567460427868,1.01656077335184,59.3638704108692,63.3749828070912,1751,62.674
62.4454936285755,1.03321115339217,60.4043883931296,64.4922546424467,1752,60.719
61.1091190001804,1.02328944111164,59.0666516508252,63.0821923645031,1753,61.58
61.5925436959992,1.02511737959204,59.6004481567712,63.593520327727,1754,60.88
61.1523755226254,1.03122346779717,59.1556682804029,63.1599148005955,1755,60.401
60.7559241859949,1.02157091288559,58.7521063313642,62.7368895137313,1756,60.864
61.0464599968774,1.01556069305198,59.0683991209963,63.0342341069158,1757,60.414
60.7442212586033,1.0282159989848,58.7100574190813,62.7323626293933,1758,61.77
61.6911250367982,1.04002610316743,59.6141592297063,63.7077206349186,1759,61.418
61.5355154677278,1.01758251853494,59.5559218817934,63.574879894658,1760,60.769
61.053794706889,1.03695317668506,58.9775396603905,63.0644642780526,1761,61.601
61.597202664904,1.03396486962355,59.544926366442,63.5740789827725,1762,61.516
61.5988544599901,1.0141719593422,59.6195303782033,63.6048750314567,1763,62.062
62.0150358135645,1.03344932642036,59.9571567300347,64.0520893077106,1764,62.082
62.0703581710087,1.02510304021765,60.0505718075539,64.085653795146,1765,62.001
61.9987725296233,1.03548283759319,59.9796823771586,64.0196358494124,1766,61.447
61.6119904177582,1.03689564276839,59.5593617387404,63.621903229403,1767,62.103
62.0398327780034,1.02990428698479,60.0346314727694,64.0550928329296,1768,63.145
62.8402764532104,1.02039536771473,60.860619237716,64.8701790927802,1769,61.921
62.0249545496191,1.04249604750068,59.9976784647507,64.0694523864528,1770,61.163
61.3871376300234,1.02684548327291,59.3789052640249,63.4046816184543,1771,62.146
62.0263416552773,1.01725191165577,60.0172925208391,64.0329680130126,1772,62.039
62.0119891755218,1.03353747747561,59.9930913271456,64.003039549947,1773,63.429
63.0464834131809,1.01836024678447,60.9978698148291,65.0094728588224,1774,59.857
60.5222511409042,1.04268770421112,58.4822204588453,62.5673590947515,1775,61.439
61.4346168947178,1.01991104793993,59.4274720736584,63.3997004823707,1776,62.117
62.009245574462,1.03677404152999,60.0140428410981,64.0151762858813,1777,62.478
62.3479505456871,1.04087442915152,60.3037958734941,64.3638024494325,1778,61.188
61.4452026933303,1.02797983103219,59.4274740272525,63.4369597956506,1779,60.663
60.9330210089996,1.03439399413359,58.8622415620824,62.9724516883181,1780,61.497
61.5221766263711,1.0229570018678,59.5309469521231,63.4915064040409,1781,61.62
61.6659598604597,1.0257193885541,59.6611874235311,63.6676070253222,1782,58.845
59.6498034343064,1.03774004848016,57.6151256306182,61.6559424562315,1783,60.297
60.495549192799,1.03052797930967,58.4982908113179,62.5436963693816,1784,60.724
60.8670769001709,1.0222352189027,58.9309435182134,62.8916996954371,1785,60.409
60.7052096086463,1.05253408140472,58.6354873934868,62.7464021690001,1786,61.914
61.788855901226,1.04324338870659,59.7659253162369,63.8175259966492,1787,63.367
62.9513518298017,1.02900313803157,60.9709157398003,65.0033901901472,1788,63.242
62.9972696862,1.01735079643742,60.9633221062544,64.9837767324322,1789,62.094
62.1484453839195,1.04121706766511,60.1200091905007,64.1900423813671,1790,61.386
61.565900095275,1.02442222206849,59.5579325720674,63.561474641393,1791,62.096
62.0117347937419,1.03890165912176,59.9839594422889,64.0477590860347,1792,63.67
63.2286210137313,1.04110157873321,61.2447971528535,65.2363807063106,1793,63.556
63.2519108114709,1.03539806818003,61.2252050993438,65.2603093696058,1794,63.299
63.0567497634038,1.0244919252873,61.0828814021475,65.1393855756248,1795,61.986
62.0941702614509,1.03693342292891,60.0321779684409,64.1196043953043,1796,62.401
62.26989238843,1.03481285448671,60.2550880068523,64.2775930661768,1797,62.576
62.4219046114266,1.03765386883386,60.4043585952416,64.4969128387302,1798,63.803
63.3244605869074,1.04873945120027,61.2476505780194,65.3839198182154,1799,64.546
63.9775910178665,1.03697318273874,61.9409090240829,66.0027498401279,1800,62.922
62.8548703559024,1.02697481527059,60.8391710126949,64.8272458658692,1801,63.283
63.0039625507544,1.02241836065152,61.027699519107,65.0061935409392,1802,62.971
62.7855073894002,1.03808444732045,60.7749887326775,64.834533806581,1803,62.976
62.7723590661099,1.02498602265948,60.7772568706558,64.7653751391264,1804,63.31
63.024693921091,1.02785203606088,61.0149235423025,65.0722550234521,1805,63.229
62.9677327738209,1.03391291459932,60.9406569881029,64.9867054433214,1806,64.336
63.7688740038206,1.03620040276329,61.7451881413747,65.8071155904134,1807,63.379
63.1421292016411,1.02972731237603,61.144233414826,65.1696054537011,1808,63.983
63.5531011486327,1.03486062385289,61.4887530935857,65.538962977786,1809,64.319
63.8182644624934,1.015664800673,61.880142368822,65.8648695874588,1810,64.251
63.7929437378286,1.04466510014119,61.6724830492156,65.8412165611118,1811,65.117
64.4318704965589,1.02485326081703,62.4083312626675,66.4715223144538,1812,65.106
64.5054406943362,1.03768844183934,62.479201470738,66.5337826280949,1813,63.916
63.6546711641058,1.03119262363817,61.5929570937753,65.6538339700265,1814,64.337
63.854375097881,1.03397428872961,61.841981761748,65.8811965305453,1815,61.475
61.7921656682358,1.04270137662614,59.7672933526948,63.8581952041462,1816,62.583
62.3674397278719,1.03016012720876,60.3661343377358,64.3842465649388,1817,61.905
61.9394395055883,1.03459308148423,59.9063234603719,63.9927726893189,1818,63.323
62.9165953459781,1.02553675698227,60.9164387221439,64.9119075966054,1819,63.018
62.7869545980304,1.04990691807905,60.6889565869761,64.8019738575901,1820,62.671
62.5354746153075,1.039171596184,60.4953332784742,64.5771158006913,1821,62.378
62.2690791459929,1.04283093419461,60.1927491452019,64.3239010183434,1822,62.37
62.2527464175954,1.0320802359697,60.2306427075937,64.2645574943735,1823,60.873
61.1713899675551,1.02528263518996,59.2045084618993,63.2049862004166,1824,59.62
60.131201104431,1.03863053396288,58.039374451456,62.127757105646,1825,60.698
60.8279854163103,1.01934329723221,58.8222372029524,62.7925979953929,1826,60.019
60.4061731505306,1.02399167069394,58.420199263432,62.4334617039348,1827,59.265
59.7866423465846,1.02854807767344,57.7699997857314,61.7926918082913,1828,60.378
60.5269962716183,1.0366045483833,58.4729288648438,62.542000122079,1829,58.842
59.4823864718394,1.04007008045472,57.4402007687455,61.5134018804342,1830,59.356
59.7779491993104,1.02848547291928,57.7628419170503,61.821169241053,1831,60.215
60.4155658467935,1.03680896045726,58.3665787933763,62.4859786741806,1832,61.784
61.6439996218423,1.04021269959244,59.6142425567554,63.6777676428244,1833,62.498
62.2624110599353,1.03302645908481,60.2200570808933,64.242592924838,1834,63.514
63.0876544400721,1.02278822037793,61.0433950546426,65.0820657065046,1835,62.229
62.2425948794234,1.03959436223442,60.1964873038252,64.2887511760938,1836,61.184
61.3935557501752,1.0367838041919,59.3837970644614,63.4233611884111,1837,61.057
61.1817666459781,1.0324191188269,59.1655322509523,63.214523425982,1838,62.212
62.0322294269343,1.01552797697929,60.0208696768197,64.0004101751353,1839,61.501
61.5899215728574,1.02987068034035,59.589188950661,63.6249681394285,1840,59.232
59.8783682372124,1.03497121453927,57.8292015791903,61.9339601363028,1841,60.185
60.4022746800638,1.03127316802697,58.4006438240864,62.4065140256154,1842,61.746
61.5814666287543,1.04027239823914,59.5465846861686,63.604780232094,1843,59.138
59.8258092118437,1.03756951489543,57.7808152949214,61.8536559092585,1844,60.752
60.7992542048365,1.01770426290124,58.7998968322758,62.7848391077818,1845,61.337
61.3401064768527,1.03782821094149,59.2638597555465,63.3512266695419,1846,61.605
61.5908324879462,1.03129605776182,59.5646151131413,63.5966514445034,1847,62.329
62.1559411151116,1.03462027368046,60.1198600618595,64.1585000410521,1848,63.396
62.9953396589724,1.04107890237663,60.9449154597924,65.0090993780494,1849,64.26
63.7098818283828,1.02803891341908,61.6531068287193,65.6991656795365,1850,61.834
61.9792930173722,1.0336646852883,59.9615709811536,64.0355873046939,1851,59.878
60.4205714219021,1.04013698272001,58.4072674006394,62.4815258436123,1852,60.965
61.0224674953242,1.03007497210251,59.0004927961704,63.0715509837772,1853,60.777
60.9556347453471,1.03316323403865,58.939259709551,62.9885864623131,1854,61.702
61.6200160930582,1.03766993351105,59.5873903792998,63.7059418468561,1855,61.003
61.1856525830717,1.02749536938719,59.2020063328756,63.180966710695,1856,61.785
61.7009406656385,1.02005413124522,59.7384926682346,63.716277614368,1857,61.164
61.2944017845965,1.04600746158034,59.2702231076667,63.3637981783143,1858,60.148
60.5153089189527,1.02734491804227,58.4875062968008,62.5355938493979,1859,61.561
61.4762818117454,1.04703937275625,59.4331987682591,63.4898296443049,1860,61.515
61.5198600089899,1.03026511791238,59.4884323697238,63.5333680136884,1861,62.215
62.0634272597087,1.0352863337089,60.00797558628,64.1029016224185,1862,63.004
62.688677162815,1.03522572425724,60.6644780938391,64.6954104584616,1863,64.111
63.5506274753742,1.01789215938938,61.5756559987638,65.5549639510105,1864,62.506
62.4784937387908,1.02082589547192,60.4515073922773,64.4622451599929,1865,62.052
62.0263381985662,1.02995431425391,59.9946456594504,64.0537907879495,1866,62.25
62.1255531237956,1.02072798947391,60.1251027776581,64.0930764013272,1867,61.916
61.8709893034786,1.02435681622205,59.8625805948828,63.9209307061049,1868,62.389
62.2082032398444,1.03684905721362,60.1660049231729,64.2600451655574,1869,63.151
62.8166166093949,1.03492117430464,60.7572338137898,64.8185951883227,1870,63.487
63.1029424172212,1.04723598168343,61.0516502592044,65.137776431811,1871,64.31
63.7385456492475,1.04297109148238,61.7377817623793,65.8273966774515,1872,64.154
63.680378085277,1.00632819601861,61.7472492750586,65.6490675152892,1873,64.852
64.2095725053005,1.03999018854027,62.1903586885139,66.2459382366712,1874,60.751
61.2493636919814,1.04737798870209,59.2609740073597,63.3547814029932,1875,61.944
61.8317345686852,1.03142158797755,59.8386240521389,63.8094011035064,1876,60.56
60.8661189894842,1.03079379252211,58.8513327629187,62.9217261450572,1877,59.335
59.8796347224782,1.03499850941223,57.867533308061,61.922408679763,1878,61.03
61.0118501473671,1.02829361469887,59.0182267610154,63.0307849005736,1879,61.979
61.8047478667343,1.02768217091675,59.7922026620389,63.8236130832232,1880,62.797
62.5066625614673,1.03451380447566,60.4696661539461,64.5768943019071,1881,61.891
61.9038040899682,1.03089906075681,59.8780032951702,63.9408739584415,1882,60.849
61.091393836852,1.02692723137853,59.085106389173,63.0991755410793,1883,62.418
62.1686628922301,1.03574372418835,60.1185080184967,64.1802564332855,1884,62.759
62.5022739386865,1.0396267895174,60.4907211705079,64.5612312871041,1885,61.143
61.3602743086789,1.04014802861331,59.3014291727511,63.3811009870967,1886,61.888
61.8094643549701,1.03365159017936,59.7789711902529,63.8433641612531,1887,61.112
61.2961391719071,1.0552259960343,59.2652507257423,63.339078260964,1888,61.983
61.8756307651241,1.02928476753591,59.8450012432525,63.8986751990341,1889,62.806
62.53512371946,1.03830831155005,60.5128572776668,64.5614570468705,1890,62.847
62.6146369672602,1.02938552538027,60.619961474992,64.6183340227212,1891,62.753
62.564434985379,1.00962539105134,60.6004361919367,64.5510591954164,1892,62.749
62.5599569689934,1.02551387293326,60.5564586836007,64.577066271835,1893,63.048
62.7797810572733,1.03311871304409,60.7628177302745,64.781773943497,1894,64.012
63.5140400480675,1.0360448377465,61.4779132315939,65.5501346456066,1895,63.696
63.3469914504004,1.03046192923619,61.338529924049,65.3509412719636,1896,61.703
61.8852947268396,1.03602730938614,59.8205413174943,63.8993712881197,1897,63.157
62.7986634506172,1.03301679769235,60.7676701597172,64.815658304842,1898,63.66
63.2395443331299,1.01966338704688,61.2393502941128,65.247819804049,1899,62.229
62.2513465332314,1.02270303585028,60.2385461076008,64.2526637499351,1900,61.748
61.7955828617659,1.03424475403909,59.7293901309193,63.7909353400509,1901,62.761
62.4808592099617,1.0256962697431,60.4669394860729,64.4898514440497,1902,63.736
63.2709229310934,1.02875428408205,61.2785004884354,65.2908142774673,1903,64.606
64.0029815697539,1.03276912660435,61.9938191584027,66.073708560619,1904,65.167
64.4816457624572,1.03124249896485,62.442989574515,66.4942842395889,1905,65.567
64.8226643188322,1.04485255868969,62.7628050836563,66.8778691091321,1906,66.544
65.5791522838329,1.01520521026143,63.6299797097607,67.5649263681623,1907,61.759
62.1454337344754,1.04536887254247,60.1132115942533,64.1730239435636,1908,61.332
61.499214826067,1.02235380481188,59.5102166038291,63.5220822619877,1909,60.984
61.1510384499104,1.02951340595471,59.1070829012321,63.1643969304167,1910,60.473
60.7599727059275,1.03935184972492,58.697994730129,62.7602084237301,1911,61.293
61.3227591050447,1.04390111813438,59.3078593786162,63.3715952851644,1912,61.904
61.7999038656802,1.03903689729236,59.8178305555745,63.8290843778505,1913,61.815
61.8241666289072,1.03439451751606,59.8078870126507,63.8526341231241,1914,62.12
62.0274927475226,1.03142631537125,60.0163672842495,64.0171481031651,1915,61.679
61.7052267050078,1.03846747724698,59.6422011414257,63.7712946707049,1916,61.614
61.6554769498967,1.03203411676914,59.613536561541,63.6454684683539,1917,58.819
59.5909809265459,1.03315399771647,57.5954618663996,61.6107391392688,1918,59.455
59.852402048066,1.04446163876309,57.8230215372675,61.8776859526871,1919,60.862
60.9016388376484,1.03420189013274,58.8804749114872,62.9423280338711,1920,59.94
60.3222025580881,1.02359229431844,58.3098689448918,62.3575747671692,1921,60.41
60.6226117501523,1.03204489873958,58.5982362846888,62.6360919620059,1922,60.727
60.8760293870423,1.01504311724712,58.8945202432371,62.8583680466132,1923,62.308
62.0570321653567,1.02580426319606,60.0280257916008,64.0532699908676,1924,61.699
61.751589944165,1.03033265364337,59.7266890832412,63.7759089426385,1925,61.517
61.5759259847781,1.02924008370741,59.5545711053534,63.5888615162205,1926,62.824
62.5214933238578,1.0239827033624,60.5071008429339,64.4913481925071,1927,63.125
62.8439448454567,1.02668255565627,60.859526046858,64.8736010302477,1928,62.677
62.5265101002348,1.03233205578827,60.4809631637912,64.5145558634913,1929,60.711
61.0701190459576,1.03092957384766,59.0411306076712,63.073588521872,1930,60.433
60.7212138994399,1.01624491924908,58.7603339490671,62.7206463955961,1931,61.095
61.1686654702943,1.02745780989954,59.2083474293804,63.1995699207628,1932,60.191
60.5580908661541,1.0351339359703,58.5251267511275,62.572353939254,1933,61.007
61.1056916257811,1.03404639867355,59.1174875138061,63.1431182881135,1934,57.225
58.370498950252,1.02092875735617,56.3807845143056,60.3911285307727,1935,58.443
58.9975553819272,1.02954602934204,56.9453311259105,61.0126060748295,1936,59.812
60.0391104728758,1.03720874056597,58.050677783084,62.0752126828853,1937,60.549
60.6991897266287,1.03513944963247,58.6762009060139,62.6983823946107,1938,60.709
60.8898934551018,1.03612656057209,58.838607300111,62.910788917687,1939,61.43
61.4123746504124,1.03411251080297,59.4064821099861,63.4533316947263,1940,59.39
59.9962269005605,1.02878022147569,57.9404085384166,62.0043214624445,1941,59.87
60.1994816147517,1.03896445165164,58.1703811161219,62.2221403834436,1942,59.867
60.2178645975738,1.02774968441548,58.1595776159925,62.2388670775656,1943,61.06
61.0702645259706,1.02026557829897,59.0715676277264,63.0719705038106,1944,61.258
61.3021640532952,1.02459758899515,59.3136170468788,63.2877414301867,1945,61.232
61.3406047076808,1.02456540644963,59.3467534248436,63.326279436268,1946,61.673
61.6560586046784,1.01944420724574,59.6471198841634,63.5956894860949,1947,61.891
61.8535908408837,1.02974515535796,59.8388813717732,63.8688714174977,1948,61.543
61.6185311716919,1.01476171836624,59.6502084311735,63.5930998543954,1949,62.597
62.3341437129661,1.02113208086918,60.3298117708958,64.3621106359209,1950,63.152
62.8431383662029,1.03195537964111,60.8244691315719,64.8896064099371,1951,60.882
61.2338141759516,1.03372030014342,59.1958124806362,63.2644723088741,1952,61.415
61.4758947702115,1.03460320693316,59.4960897200045,63.509842254733,1953,62.801
62.4913406030953,1.03437545368907,60.4546790233503,64.5040547763682,1954,62.306
62.2369249690182,1.0313395107383,60.2079991148826,64.2182166243591,1955,62.312
62.2190970930397,1.02526445342724,60.1922743748401,64.2402545605598,1956,62.103
62.0777053905685,1.03703674506865,60.0261471826871,64.1154163038024,1957,63.015
62.7181950495869,1.03535604057016,60.712198148449,64.7719802017919,1958,62.509
62.4177777641208,1.02660734268067,60.4092331542216,64.4003797197322,1959,62.366
62.2761090032079,1.03638690578652,60.2222345281115,64.2984744388886,1960,63.401
63.0282061007752,1.02962151893708,61.0118945850315,65.0555078381835,1961,63.032
62.8345836263846,1.01710534358103,60.8575269454735,64.8169898445033,1962,63.751
63.3318905030342,1.03378217449246,61.2914977068632,65.3469649876451,1963,63.26
63.0420917104931,1.0419435727006,60.994062320341,65.0575234248323,1964,64.166
63.6477161116908,1.02711023207913,61.5661104029577,65.6112719037673,1965,64.231
63.7690366425867,1.0358761832528,61.7295700760629,65.8252966109005,1966,65.209
64.5020461905879,1.04231376120522,62.4989312872821,66.5534843554795,1967,64.988
64.4208594942147,1.02494330831151,62.4204672194202,66.4656810987865,1968,64.66
64.1699998552167,1.03877346385447,62.1282342175353,66.2041412012718,1969,65.445
64.7247289150388,1.03540793496667,62.6895552767808,66.7540670055744,1970,64.599
64.1738850320997,1.02330755027155,62.1553196822827,66.1414941011907,1971,64.305
63.8713743558257,1.02574332394018,61.8663262956444,65.8909399031501,1972,64.227
63.7826625420135,1.02254267678161,61.7923923189247,65.8123552856399,1973,63.896
63.5409350756234,1.03180543953205,61.5641743609211,65.551416981015,1974,63.844
63.5026092830379,1.01185616513298,61.5292522797957,65.4674739090418,1975,64.037
63.6165283050226,1.02545255616377,61.6020381531719,65.6657894859367,1976,63.867
63.5287556791851,1.02026855158358,61.4996993296363,65.531597888193,1977,64.537
63.9674246863467,1.03522911534484,61.9663230482313,66.0217830958288,1978,64.634
64.1126301839889,1.02982471463312,62.1637095884679,66.1618424803627,1979,65.088
64.4560833684445,1.03597541239476,62.4424144013286,66.4782155697527,1980,63.182
63.0931002304663,1.03654763246016,61.0640936942268,65.1513940372821,1981,64.004
63.5578826070209,1.04016552404605,61.4922817578663,65.5941615396409,1982,63.849
63.4726170181442,1.03517720077965,61.4305443132032,65.436641242667,1983,62.551
62.525941446236,1.02779941563012,60.5306845958472,64.4843234466337,1984,62.521
62.427811043954,1.02891389248892,60.4530414775442,64.4734746619785,1985,62.808
62.6077835270629,1.03770411680067,60.6034212934766,64.673397473528,1986,63.919
63.4205149277896,1.04021055003708,61.4036672356198,65.4665877275825,1987,63.273
63.0554657575848,1.03461944365986,61.0638140444078,65.0709304986094,1988,59.748
60.4457455343211,1.04269857651772,58.4221270385789,62.4964778165315,1989,58.069
58.9307813265359,1.03460523187245,56.8467209980189,60.9821851321459,1990,59.631
59.906700417855,1.02972993313647,57.9385340684057,61.9371938394983,1991,60.372
60.5374529503796,1.03031893490852,58.4962662687582,62.5578472787712,1992,61.32
61.3172096497159,1.03069799805298,59.3089470189457,63.3464990054354,1993,61.097
61.2270926201415,1.03720664663897,59.2081150487334,63.2508538705489,1994,61.416
61.4681730131534,1.02595524740239,59.468010074658,63.5391638907454,1995,62.096
61.9777762162772,1.02953666300255,59.9669361523808,63.9978729536109,1996,61.687
61.7344531388154,1.03870365069428,59.6854336222825,63.7340955433224,1997,61.08
61.2768543208244,1.0359842287418,59.2247162388264,63.3222388067779,1998,61.277
61.3519961527831,1.02904746507397,59.3452627619974,63.361527324516,1999,62.824
62.5252796024829,1.03604874983414,60.5387536145808,64.5665577747056,2000,62.233
62.1895594523514,1.03648748674597,60.1167543807913,64.257844637192,2001,61.623
61.7084160390516,1.02756833259362,59.6840384691753,63.740502467266,2002,61.433
61.531199026507,1.02671899015997,59.5151732595828,63.559464335966,2003,61.215
61.3548208382923,1.02478291344086,59.3222119419807,63.3549178295972,2004,60.586
60.8610450562826,1.03047247680959,58.8517708890166,62.8754122493849,2005,60.709
