Year,Q_in,Precip_km,PA,Vol,Elev_adams
0.0,1.8546436810000002,0.00018320736131999997,0.16039804483565998,2.6798422751122013,60.72774202569946
1.0,1.2552928284,0.0001679495359533,0.16499185676209346,2.599022567893485,60.624656100780186
2.0,1.7402480479999998,0.0002052377389312,0.19863080505750189,3.1160350554304097,61.25748180550415
3.0,1.6168024868000002,0.00018659698317,0.19669562368350135,3.397663724484303,61.57657941844623
4.0,1.6127158261000005,0.00020300690212,0.2223014315548531,3.585711208144552,61.78009270763648
5.0,1.9643223628,0.00023211593501969998,0.26006640137393094,4.13656418080335,62.33464135781413
6.0,2.1750443791,0.0002350864230325,0.27920179216146956,4.7906813296966035,62.918955568070686
7.0,0.19568758539999997,0.0001375904607325,0.1731356344007351,3.279147482069484,61.44442064682917
8.0,1.2575958452,0.00016306565930369998,0.17583015677262528,3.068908591435034,61.202363201356285
9.0,1.9388962847000002,0.00018257658324479997,0.19113763047629148,3.5833627464263715,61.777597082777994
10.0,1.8460494187999998,0.0001824892640853,0.20440764447618048,3.959617460139201,62.163054821732
11.0,0.9439838030999996,0.0001500911801908,0.1751632364323708,3.2920678761507816,61.4589769217436
12.0,1.1819862597,0.0001653518420928,0.17860264536065462,3.051070727496952,61.181369074713615
13.0,1.5128572720999998,0.00021780297021329999,0.22741308698752222,3.230247734194991,61.38899739045803
14.0,0.6315344013000002,0.0001632055301917,0.17482123928147428,2.3929897794495227,60.35463397874435
15.0,0.7485188903,0.00013365608771999997,0.12410951280387623,1.8867967203818337,59.64548483726897
16.0,0.15337293559999998,0.00012999795069329996,0.10632562080654652,0.8885616711508048,58.04153342422662
17.0,1.7229767844000001,0.0001867600682613,0.0978104243117522,1.931503393755638,59.710814268787864
18.0,4.247351110300001,0.00032825069336369993,0.27198130252341723,5.239389568154342,63.27795840961258
19.0,2.5243151226,0.0002607426729925,0.3400228895706207,6.16436319011064,63.9256026210946
20.0,0.43427043350000005,0.0001460557486132,0.2042895385580626,4.771474818337774,62.902862433592844
21.0,1.3676859658999998,0.00016629553776130001,0.20892575520924664,4.493771771721572,62.663153465762875
22.0,1.6869474682999996,0.00018333043681169998,0.22496813373963198,4.558838175565771,62.720514644368606
23.0,3.1995718604,0.0002850343300717,0.35174955995284085,6.21062493414035,63.95509711368266
24.0,2.1161129799,0.0001874694085332,0.26313356321601417,6.428026800810367,64.09040354916593
25.0,0.7345495259999999,0.00014074853331719997,0.2008436548538688,5.215557027998352,63.259682733859854
26.0,4.6756854024,0.0003154082286528,0.41055087243310956,8.355795769757803,65.10483870863695
27.0,1.3605923117,0.0001537476284608,0.25644085621232243,7.453461259397051,64.66480093237301
28.0,1.7913906379000002,0.00023520905924999998,0.363821440687588,7.3058682616874275,64.58778903879703
29.0,0.9059695980000002,0.0001336933228212,0.20434150625187883,6.138823876359201,63.9092112156243
30.0,2.0481374156,0.00018790805648519998,0.26232245443133856,6.317414289030329,64.02223005349326
31.0,1.5341320152,0.0002016394811037,0.2853218455629725,6.084069096868473,63.873805306468725
32.0,1.8794682784,0.0001950696714612,0.27119781157490597,6.131060609127931,63.90421323084867
33.0,2.2770195638999997,0.00021042031685969997,0.29357785584026863,6.5857874967426,64.18532857233777
34.0,2.0338326316,0.0001924218094608,0.2779163132286256,6.71666476781637,64.26210689442438
35.0,2.4620453686,0.00020034510346530001,0.2922968323441771,7.354359762107816,64.61327534613059
36.0,3.6295265751,0.0002811662354448,0.4314283046187107,9.059503097053135,65.42280620712958
37.0,0.5582178354999999,0.00022198417587719995,0.39341190094312006,7.3457038459761,64.60873937268967
38.0,2.6511930844,0.00022024354468769999,0.3377108704401289,8.038670495234214,64.95542793127629
39.0,2.5420180155,0.00021442378315569998,0.3481465275337189,8.428881408188083,65.13862877684053
40.0,0.4403976339,0.00013261651571729998,0.22258309215371394,6.525502704133802,64.14936816674862
41.0,1.7200069813,0.0002014770525325,0.2896515864196362,6.309372214444661,64.01721997207073
42.0,0.6284360025999999,0.00015554844307329998,0.219968274829759,5.092929693855031,63.16427385210234
43.0,2.2958940416000004,0.0002439431806093,0.31450264976831926,5.8312356194139285,63.705501179999494
44.0,0.8981857103000002,0.00013135061349249996,0.17916901660982412,4.894872477467151,63.005192413949594
45.0,2.0821528608,0.0002295452030208,0.29130834961953456,5.322601674575555,63.341099136220784
46.0,0.6078161135999998,0.0001423915446357,0.18688191633988438,4.171721991076833,62.36802159242785
47.0,1.6841929641000002,0.00020280200613,0.24167060647186464,4.314242545360342,62.50096884715602
48.0,2.1253191887,0.0001930310261008,0.23310418946522424,4.876929944068962,62.990468980786204
49.0,0.7520493709999996,0.00014145844742280002,0.1792599258073071,3.899114518419153,62.102989152500314
50.0,1.7047071490000003,0.0001674436918957,0.19420163820140085,4.115325608150611,62.31436323805812
51.0,1.6182704731,0.0001693346270677,0.20069950096847905,4.111816020677823,62.31100411052793
52.0,2.0577027538,0.00024279772527880002,0.2876719238134083,4.709353114362976,62.850386748438765
53.0,0.27173075189999985,0.00012905681052129998,0.16130748807060308,3.3213293818658522,61.49180830864832
54.0,0.9487672739999997,0.0001506248323828,0.16332523265255466,2.8268116186218135,60.91119318395533
55.0,3.4613423364000004,0.0003256414108125,0.3281873429534113,5.1387640356259,63.200206042176816
56.0,1.1014331522999998,0.00017325074169250002,0.22416690662882982,4.5330218075532915,62.697844536612564
57.0,0.6261312661999998,0.00013903754770529998,0.17119881737925022,3.433780263178904,61.6162496872187
58.0,1.6929727664000005,0.0002064283794925,0.22707734422116085,3.73555969923645,61.936971279985734
59.0,1.3530832772,0.0001717846695952,0.19577660407258907,3.553260817861551,61.74550674357483
60.0,1.1004378524000002,0.00015801105407969998,0.1763622557227771,3.184470917320623,61.336634705273056
61.0,1.4325913842000002,0.0001714258526373,0.18246837074290073,3.217739366480326,61.37473559359414
62.0,1.2408711759000002,0.0001745475058708,0.18664996960715696,3.044229012990896,61.17329759469588
63.0,0.5087513213000001,0.00014698471132679997,0.1533134477706324,2.142002877013149,60.011312182948714
64.0,1.1660794866999997,0.0001782466588933,0.1562177148058406,2.128659675922483,59.992608267427144
65.0,0.7749350527000001,0.0001616687629972,0.1412170149073508,1.7656439912029471,59.465744688392824
66.0,2.5497309591000006,0.0002617825112397,0.20628822975057576,3.3675918566367233,61.54333446550875
67.0,0.9095261311,0.00013386906133,0.14603095759270596,2.784641585630007,60.859079841591864
68.0,1.1649314852,0.0001645483613952,0.16465710074370002,2.6176304156423553,60.64853053213544
69.0,0.7933931584999998,0.0001332301242333,0.1293936900651985,2.088577370147455,59.93614447284334
70.0,0.2709889942999997,0.00012863474579249997,0.11122293278495966,1.1532341193270867,58.49476981826443
71.0,0.16667561359999983,0.0001409997910032,0.08645780419304602,0.47330208426496023,57.287438436759444
72.0,2.8806991391,0.0002631018087213,0.09571206052004846,2.8939949568770076,60.99335505388717
73.0,0.7789580543999999,0.0001490972908125,0.15192994002644217,2.294331169911895,60.2215912669746
74.0,1.9010777891000004,0.0001989027284877,0.18073681281498652,2.996156619542333,61.1162834268602
75.0,0.8283815810999999,0.00015511556954369998,0.160621581902733,2.4272660095673677,60.4002841361882
76.0,1.4878295378000002,0.00016766645674119997,0.15682093699660907,2.623862767672688,60.65650805099486
77.0,3.0349775194,0.0002625513122293,0.2552882628813892,4.460211661561509,62.63327525595827
78.0,2.1453983091999995,0.0001888824887325,0.23109999101091913,4.956201016269181,63.05512288122365
79.0,1.4095884426,0.00016313555951519998,0.20805349532892034,4.699006409510005,62.841583326963764
80.0,0.35745729319999997,0.00013356341303879998,0.16679608141781238,3.34657689089806,61.51998602882802
81.0,1.5671717764,0.0001741934690448,0.1895040822843123,3.470161441412972,61.65592846055217
82.0,1.9305325903000004,0.0002514092522317,0.2778063320418725,3.997287712408969,62.20009058973515
83.0,0.19882009029999992,0.00012952341629249997,0.1517370140654004,2.6404972439596954,60.677754425275026
84.0,1.0846919123999998,0.0001682785830717,0.16412979416105103,2.4577702318490022,60.44066447548791
85.0,0.9735812964000001,0.00013834555011719998,0.1302164870530037,2.1732709278584466,60.05496185580634
86.0,1.7766464905999997,0.0002174441996757,0.19204459631640552,2.8019574528765467,60.88052939899316
87.0,0.33022427469999993,0.00012868707165729996,0.1291520227230835,1.7341618177655156,59.4183868870078
88.0,0.7064928144000002,0.00012844633408,0.10018966355825941,1.3724192287056232,58.85451957630916
89.0,2.9523573260999996,0.0002486862024477,0.169259089729118,3.4903054568023766,61.677777129398315
90.0,1.5267082774999996,0.0001702661556948,0.1886077306112053,3.5040492202203923,61.69263454969069
91.0,1.8771217207,0.00021910956212769998,0.2431182102036608,4.010979509625062,62.2134833513082
92.0,1.2472657715,0.0001619568391597,0.18999365665881493,3.7468731018659005,61.94862850901166
93.0,1.5373913603,0.0001869052244517,0.21327453744901917,3.794028049094252,61.996937208507774
94.0,0.9763051538999998,0.0001630097898693,0.18696585064969362,3.2150810823396654,61.37170020693843
95.0,0.810047376,0.0001297825273125,0.13873038878523195,2.5458784962533567,60.556006419310734
96.0,1.7093144412,0.00016928908476999998,0.16217523150313187,2.973224715761864,61.08889965295842
97.0,1.6533674302999999,0.00018719607800369998,0.19315725309598517,3.301927776353274,61.470060617456284
98.0,1.779437681,0.0002022297968532,0.2187216905595701,3.682352519190873,61.88179703283306
99.0,8.878745221900001,0.000672838128,0.7622722801393323,11.57364043878933,66.57214175244958
100.0,0.7772268386999999,0.0001367484578125,0.29593283700827766,9.30554054717636,65.53128147502817
101.0,1.5896776357999998,0.0001854617801157,0.33575373772591843,8.583314396595743,65.20934691303448
102.0,1.1644367947999998,0.00015608080781249998,0.26546292016995093,7.4161558285498455,64.64549167478353
103.0,0.6861550564000001,0.0001293044435877,0.19940298696995976,5.989361880356416,63.811701644689265
104.0,0.6160463284000002,0.0001288514135952,0.17786376517392916,4.761869604783835,62.89479108995581
105.0,0.5771633819999997,0.00014855048203680002,0.18648380304626744,3.669030045403201,61.867891250449944
106.0,1.866283626,0.0002025156252688,0.2290891371775234,4.0936784848250385,62.29360675530025
107.0,3.166106710000001,0.00029376934907970003,0.34745110985049527,5.812782925351341,63.692898298024105
108.0,1.1073896743999998,0.00017139472162769998,0.23346679818086746,5.166019464081566,63.221419041257505
109.0,0.13067429359999982,0.00013152831083169996,0.1705453808900621,3.5755885171068895,61.76932747551588
110.0,3.6153960135,0.0002799363229428,0.31327283418008633,5.842930630118772,63.713465683945564
111.0,2.215206692499999,0.0002301908483157,0.3142686521112385,6.297672712456169,64.0099182406917
112.0,0.5411296567000003,0.00014272171316999997,0.20165033631338494,4.9432918353256685,63.04466345178753
113.0,1.4005577963999998,0.0001622185505652,0.2066701311491169,4.697352497406809,62.8401744229228
114.0,1.6006306422999996,0.0002083482071568,0.26015252614097667,4.624396231287978,62.77756113048398
115.0,1.7043875802999997,0.0002090075443557,0.2593769489941021,4.719821199293774,62.85927498139876
116.0,1.5729542618000005,0.0002091141427392,0.26159890223418325,4.659110549963726,62.80746764924121
117.0,0.7713336260000001,0.00015609329399680002,0.19428016345055454,3.808751749865648,62.01192923776765
118.0,0.7951522361999999,0.00013238187492,0.15207778448828327,3.082488121457372,61.21829714840609
119.0,2.050755091,0.0002209729915293,0.23179744749580092,3.7994984856201564,62.002512431227096
120.0,0.8614162327999995,0.0001474063904925,0.169169166669433,3.0862792585778243,61.222738139708895
121.0,2.8541586346,0.0002561405978925,0.26883713915980206,4.681786693043399,62.826891722161264
122.0,1.2479044164000004,0.00017609196562529998,0.21958954510845888,4.285372379900796,62.474341847849914
123.0,0.2402929332999999,0.0001291705224213,0.1555735995875246,2.8644457957383223,60.95734797169781
124.0,2.2371777717,0.0002194490170132,0.22254639780532864,3.755039522082615,61.95702696193488
125.0,2.4233584611999994,0.0002329395593157,0.2660418892219918,4.788366700247046,62.91701940285842
126.0,0.7677973808000003,0.0001519297914213,0.19114301877999956,3.843245513654979,62.04688129350896
127.0,0.7276258267999998,0.0001479585090832,0.17059883651252417,3.015813893389275,61.139660880991784
128.0,0.20298504109999982,0.00013144055313569998,0.1365145783294914,1.7965120617820316,59.51191680771739
129.0,1.8390008960000004,0.0001913437916997,0.15226455354141893,2.612183757776992,60.641551004872
130.0,2.3652121038999994,0.0002473878955077,0.24001891210530427,3.8057327905107146,62.0088588131353
131.0,0.4637465487000001,0.00012844292614529998,0.14750493262309236,2.665399311315334,60.70943565575584
132.0,6.210201677700001,0.00044893249508680004,0.43987112126444594,7.836290742055716,64.85734367799986
133.0,0.9070134884000001,0.0001530241406997,0.2442780694421256,6.615483009429742,64.2029027422261
134.0,2.1473410391,0.0002029863998373,0.2938454088222462,6.840733061615504,64.33331640945926
135.0,0.6519016143000003,0.00014569873551879999,0.21462997013941346,5.450990162518729,63.43651490559351
136.0,1.2859318774,0.0001677110858125,0.22228496526723468,4.91491919150382,63.02158045188129
137.0,0.8570123564000001,0.0001312820490432,0.1668753893809241,4.059106559203552,62.26027152824992
138.0,1.0684174039000003,0.0001555589332677,0.1833625506940119,3.590123012775136,61.78477786052382
139.0,1.7845333546999997,0.0001936623037093,0.21709435371924757,3.9434455276122926,62.147070213221326
140.0,1.3984802910999998,0.00016913746032,0.19706541748706027,3.820979832483726,62.02434705953667
141.0,1.9636845211999998,0.00019312647692129999,0.22215094644076594,4.290946307598965,62.47949462790967
142.0,3.5286320260000004,0.00033226456009119996,0.4003864160565717,6.383409138606653,64.0630683936156
143.0,0.41051473270000005,0.00012865321893569998,0.18296102592253277,4.816502405805837,62.94049421584102
144.0,0.8757785772000002,0.0001337698532752,0.1686848248830237,4.0105877765758,62.213100679285084
145.0,0.8736962995000002,0.0001628703135853,0.1910577728426133,3.346846446373797,61.520286121424654
146.0,1.4424174076999998,0.0001889194147837,0.20553153868189294,3.3328876535706495,61.50472523063675
147.0,0.3495368335,0.0001284451663248,0.1394861655771373,2.1955609238234945,60.085924290385975
148.0,1.9669927618000003,0.0002075436825492,0.18429287949765172,2.999604922227115,61.12039072688034
149.0,1.9430850300000002,0.0001964724732948,0.20355388519646644,3.6089202021534126,61.80469424552527
150.0,0.8032094502999998,0.0001816199480653,0.20404102626068912,2.941949001228231,61.051357168457464
151.0,1.8900151639999998,0.0002161052365677,0.22190044881501883,3.5518321807023576,61.7439790186208
152.0,0.7031435543,0.0001486998563892,0.1659415272331281,2.7673363865408,60.83757261937485
153.0,1.4213976777000004,0.00016974564928,0.16935384703040068,2.86623401837193,60.95953280235455
154.0,0.5076267526999998,0.0001412026236048,0.14323755195801408,1.9890178651238233,59.79407703710828
155.0,2.6604939716000002,0.0002548025486925,0.21455403484282218,3.5737834713992402,61.767405604835766
156.0,4.4465660574,0.0003100897348293,0.3469434322534688,6.677457598056581,64.23928855956233
157.0,0.7066914576000003,0.0001390685007157,0.2022818243573429,5.428811929887733,63.42020368979614
158.0,0.5318523135,0.0001293539532325,0.17115667716805616,4.093082498042312,62.29303402548294
159.0,0.8984975569000002,0.0001368308316517,0.16182512709635452,3.4345830525680263,61.61712829107767
160.0,1.2207949883999998,0.0001667645008653,0.18346427722663017,3.1782814622276176,61.32951904361517
161.0,0.9616321466,0.00016321953278279998,0.17358303464933605,2.714917779429414,60.77199156773495
162.0,0.19265454110000002,0.0001361567848317,0.13460230140571802,1.51813546122408,59.086061663823465
163.0,2.9145793324000007,0.0002682754248357,0.19379008287368454,3.538372113904087,61.729564343392155
164.0,0.21506157429999995,0.00014014773614130002,0.15614736660922943,2.267580773660745,60.18509376270637
165.0,0.5754976551,0.00015466369668,0.1396831716045726,1.6265766062921638,59.25449854752445
166.0,2.6172383863000004,0.0002486862024477,0.18698921793360945,3.2875955693380177,61.45394250522022
167.0,2.0446515603,0.00023131965093000002,0.24970829151393809,3.9187133913781516,62.122525266762196
168.0,0.4919648539999999,0.0001294474658325,0.15043872966352093,2.8533864375266567,60.943819150550006
169.0,1.4625033542000003,0.0001842312983892,0.18649236347081316,2.9973672874729047,61.117725773231186
170.0,2.3144054111,0.00024085096289969997,0.2494464921440183,3.9941240928956763,62.1969908876488
171.0,2.9417568191,0.0002948702358117,0.34533130710810395,5.538777502871297,63.50038952771657
172.0,0.5395851099000002,0.00012948369572999999,0.1727669222114591,4.206091859275188,62.4004288077784
173.0,0.8802690579000001,0.0001668821926173,0.1995147648767957,3.5031731339998213,61.691688667427464
174.0,0.19513124979999996,0.0001289839129773,0.1431019716735854,2.214569611334417,60.112227793946246
175.0,0.6402806655000002,0.0001573050910912,0.14031873325724545,1.679372780792094,59.335322757914604
176.0,0.7229359096000001,0.0001392563503668,0.10664920429917896,1.3908090853247563,58.884073379092655
177.0,1.9115848995999993,0.00020190381227080001,0.13850868675495412,2.387541930607301,60.34735131848485
178.0,0.4989319600000002,0.0001506695965332,0.1397451446912092,1.5977212806968277,59.2099987312177
179.0,1.5388970899000003,0.0001783640323572,0.13273257487444332,2.188517493071714,60.0761542760863
180.0,1.7028772841,0.00017772852227999997,0.1575501396422343,2.735290400949621,60.79755756055596
181.0,0.5612581176,0.0001415959240372,0.14048355176228694,1.9084182391257873,59.6771468279969
182.0,1.9510469319000001,0.00019439303173169998,0.16000271130540994,2.79729405700201,60.8747597149393
183.0,2.6407465299999995,0.0002544291576493,0.25514659533213396,4.174066368115185,62.37023914661481
184.0,1.5365398465000002,0.0001886243220573,0.22482579962858965,4.154180433765535,62.351396112649766
185.0,1.9009941667000003,0.00020519612836679998,0.24411460878818533,4.517618749084392,62.68426294474133
186.0,2.0375459464,0.0002098194593325,0.25800869599313575,4.975422589802932,63.070647157816325
187.0,2.0521274263000002,0.00021448984767999998,0.2739683542203354,5.336620751596582,63.35163522872025
188.0,0.22222744779999992,0.00013812253480319998,0.18147435582828014,3.8323701823489165,62.03588718364584
189.0,2.1007363156,0.0002510672038068,0.2891506470660618,4.540614796569947,62.70452428640628
190.0,0.6153978215000002,0.00014045037259079998,0.17305205603858906,3.4980871138410476,61.6861942459877
191.0,4.8123136092,0.0003278481491133,0.3635087783632652,6.993215100933771,64.41883509616021
192.0,1.3085971191000003,0.0001515172744557,0.2258868528279976,6.298928725452598,64.01070287337649
193.0,3.8932688967000013,0.00030183353902919996,0.4264987590486958,8.5230317094132,65.1818467891397
194.0,2.1243073123,0.0002344254050932,0.3966500973175211,8.485474620678309,65.16464725803212
195.0,0.6536148827999999,0.0001297577960208,0.21884448878705828,6.801817120008868,64.31114121899307
196.0,1.9573476787000001,0.0002145779731728,0.3151390598395274,6.837421978217423,64.33143531568372
197.0,1.3476324591000002,0.0001722077920573,0.2536151301261835,6.252392186377467,63.98151071144703
198.0,1.0419288192000002,0.00014875333825569998,0.20945235773031848,5.386963537290317,63.38923210558118
199.0,3.0574511733000005,0.00026008803008530004,0.34304126010223107,6.870778494112336,64.35033831081299
200.0,0.36239910639999984,0.0001446783120133,0.21362763170945406,5.189518558570227,63.239616876362646
201.0,1.8142509495000003,0.0002022909992925,0.26277985250660396,5.363436021162833,63.37170762085864
202.0,1.3552154222000001,0.00016484863082129997,0.21703469858769284,4.9221612517788005,63.027484728562584
203.0,1.6703796260000003,0.00015906626987519998,0.20231039712124932,4.886733181638762,62.99851991840399
204.0,2.0926359638999994,0.0001860369931653,0.23593821025620437,5.285375496076892,63.31298014437809
205.0,1.2775747303,0.00016309361093250002,0.21343993046214743,4.749300131510981,62.88420548477224
206.0,3.8997485296,0.0003225196763773,0.40445644627294014,7.1689941414236635,64.51483616494058
207.0,0.8496917532000003,0.00013801932911879997,0.20865195599666767,6.012639350061716,63.82706834040121
208.0,0.26195227909999996,0.0001439310503892,0.19902785842514342,4.437134301008328,62.61261336886404
209.0,1.3726356155999997,0.0001700974000077,0.2076925693547488,4.227444136640582,62.420450431865866
210.0,1.2054785971,0.00017542228912,0.21014584305601688,3.8794909373730553,62.083352310481715
211.0,2.835317397600001,0.0002715797573568,0.31433467167816703,5.343597893156919,63.356868109576965
212.0,2.0664511775000003,0.0001860009577917,0.24451103117081094,5.659725914639837,63.58662303267846
213.0,1.9101472916,0.0002086243736253,0.2809206906444941,5.876349069025044,63.736126455684285
214.0,0.031078527600000072,0.0001324299311253,0.1812554989615508,4.078187284161925,62.27869800950825
215.0,0.8928293355999999,0.0001356187318288,0.1601583245970369,3.382918017739887,61.56030217228503
216.0,2.0391944285,0.0002171755952973,0.2373711611342743,3.98804811053826,62.19103220532785
217.0,2.7747619084000004,0.0002605788600613,0.3049848806985341,5.274696596745803,63.3048756482343
218.0,1.8624236070999998,0.00019625721070770001,0.25662955010767957,5.43003511281359,63.42110513957287
219.0,0.21337073210000002,0.0001382783791653,0.1829822395029182,3.7933710792046815,61.996267249094586
220.0,0.3036667639999999,0.00014101663171079998,0.1617290831901708,2.4951449833068433,60.48982526547093
221.0,1.4678731198999997,0.00017988542293919998,0.17060490528561395,2.696487620958935,60.74877774230916
222.0,0.9658983963999996,0.0001366801229925,0.1346762156418882,2.2698707514248553,60.18822526770547
223.0,0.24134532480000015,0.00014370751798919998,0.12985652177605456,1.281622977979245,58.70718239384128
224.0,2.9254832776999997,0.00029082125232,0.19001535122117283,3.421542792820677,61.602839441541946
225.0,1.3787301199999997,0.0001823148371613,0.20024486545691955,3.384079850746695,61.56158637822971
226.0,0.7410887056000003,0.00013707446543729997,0.14984348452379534,2.6616235640414754,60.70464164181251
227.0,1.7251281126000002,0.0002100981540852,0.20571563701594253,3.1212206858045177,61.26351627160441
228.0,2.5897425768,0.0002483999703312,0.2620392525551346,4.426610359371797,62.60315933425923
229.0,1.2107322812999999,0.0001794605243317,0.21892078188656805,3.9892689217051087,62.19223002467486
230.0,0.9238456086999998,0.00013757609475570002,0.161040671810772,3.31546211002373,61.48524021615808
231.0,0.27218774040000016,0.0001293497411092,0.14014823185435285,2.1308064592463296,59.99562065080151
232.0,4.386618176,0.0003638047137973,0.31795307580180976,5.528751421276981,63.49314972035054
233.0,0.24883331779999995,0.0001442033181333,0.19226070493537212,3.991887281364505,62.19479809417294
234.0,1.6200907428,0.00020743812704769997,0.2428822500898372,4.088482846150677,62.288611581534234
235.0,0.7095910718999998,0.00013408800128519998,0.15851012724445548,3.198050704824903,61.352216731288046
236.0,1.9730121126999998,0.0002221644984693,0.23692305669749905,3.8507427049342158,62.05444661238416
237.0,2.7470822184,0.0002282838006517,0.26342445481632903,5.149973001354676,63.20894387548797
238.0,0.6460140824,0.0001292736477373,0.16741210780921037,4.008353539249458,62.21091755251007
239.0,0.9295520360000002,0.00013383037190369999,0.1569568544809767,3.3214602035885283,61.49195467095486
240.0,1.9354909956000004,0.0002095840127508,0.22725963856049447,3.890802730429551,62.09468105881423
241.0,1.5439038394999995,0.00021825244808129998,0.2529107783384187,3.9867328966186086,62.18974143653598
242.0,1.4820859029000002,0.0001941810866368,0.22724191092461765,3.8928535566654605,62.09673224412003
243.0,0.9806165799,0.00016915261008129998,0.19605583140184635,3.2962053832639375,61.46363055942907
244.0,1.4686860958999999,0.0001854438512148,0.20041484554128144,3.3866402228658634,61.56441540010672
245.0,0.7673001544000004,0.0001316500348957,0.1439607226048083,2.6745151120277906,60.72099571786768
246.0,1.8351421188000003,0.0002201298293392,0.21604460991726787,3.267138132107893,61.4308579294073
247.0,1.7494467211,0.000215373132,0.23185856430420843,3.5999261084023293,61.795173815993344
248.0,0.3868226203999998,0.0001423206641925,0.15972320309528734,2.4266507448923353,60.39946729084364
249.0,1.5603697850999998,0.00017952838972770002,0.16789399437279715,2.773118356780462,60.84476645267468
250.0,0.9744505492000002,0.00016575689711519997,0.1655390770974453,2.431357286045305,60.405713449896496
251.0,1.5832207193000003,0.0001930501106277,0.180716854438865,2.746025807491323,60.8109898126446
252.0,1.9238038487000004,0.0002112825180517,0.21001689178500085,3.4365241959825275,61.619252184023196
253.0,0.8079532865999997,0.00014746849706130002,0.16227525081498972,2.8045145851518583,60.883690975674604
254.0,3.0065527575000006,0.0002994655310292,0.30067759833931257,4.6147781636543845,62.76923842637139
255.0,0.17716614239999995,0.00013009451149329998,0.1613145595165353,3.053211789457988,61.183892795841416
256.0,1.4539200919000002,0.0001745958893173,0.18235772842058576,3.070968688270681,61.204783165218366
257.0,2.0820260741,0.00024343338470130002,0.2549255491059585,3.8754599514834656,62.07930914922957
258.0,1.2429859640000003,0.00017428988925,0.20164323876729592,3.5621221342416236,61.75497310425454
259.0,3.8052632404000004,0.0003049741427092,0.340750887357546,6.027685975611624,63.83696563174247
260.0,2.9667689411,0.0002605788600613,0.36073695695268143,7.236139184071611,64.55081433234005
261.0,0.22088578559999994,0.0001285423619328,0.19537115606908398,5.299705654441057,63.323828914872394
262.0,0.0766209203999999,0.0001324489462557,0.17352685520920957,3.5400986468310145,61.73141545326096
263.0,1.5582492590999997,0.00017387280119679998,0.19376249420193534,3.651790579243655,61.849842757053096
264.0,1.7827598479000004,0.0002104848255168,0.23763802269247475,3.999734412173757,62.20248652292213
265.0,1.3503946713999997,0.0001698678282432,0.1990495412095395,3.7442549139674632,61.94593306471431
266.0,1.5638034466999997,0.00017385679739970002,0.19832807989051687,3.818966449507106,62.02230449865092
267.0,3.4947404937,0.0002877198306397,0.33088921877092986,5.881409896432892,63.739545590727666
268.0,2.7218826518999997,0.0002465864839572,0.337628944818582,6.885040793076177,64.35838866780274
269.0,0.9469492490999998,0.0001640365056912,0.2424817717193844,5.858326193282155,63.72392323910563
270.0,1.2902088615000005,0.0001741452969933,0.23802789970090119,5.28812281474717,63.315062399519775
271.0,1.3403651652000002,0.0001578434206228,0.20661277599313482,4.844104206101441,62.963396070449825
272.0,2.0343308380000003,0.0001846755748717,0.23340265827028675,5.225302562387551,63.26716636591476
273.0,3.2579788174999997,0.0003008033252325,0.39183641822212445,6.956582122038441,64.39848496052247
274.0,0.5799832508,0.00013099308225480001,0.19472626515239988,5.5693551963341985,63.52238249703921
275.0,1.2787381560999997,0.00015259041398279997,0.20406992048832823,5.106032928654991,63.17457956298261
276.0,5.281079212,0.0003453142137693,0.44565329561535694,8.838057171160287,65.32426898516718
277.0,1.1196487614000001,0.0001682935721728,0.2925968469367134,7.666633592190108,64.77322388114159
278.0,1.772848791599999,0.00021466614376320001,0.3378938194278638,7.377680833613116,64.62546759272996
279.0,0.5916539560000005,0.00017127266680319999,0.2633009514521425,5.992001556679366,63.813447627527545
280.0,6.3672867274,0.00041173898059680003,0.5684687244524513,10.864031772976354,66.22696395714385
281.0,3.4737114967,0.00026257881027719996,0.5405029269034731,11.719135022376305,66.64685782545675
282.0,0.9305691142999999,0.00015399912483249998,0.3363511093651346,9.70281298384416,65.70548738131754
283.0,1.4507586173,0.00016784512523079998,0.31440325121770824,8.63265677100013,65.23176294129456
284.0,1.9713104303,0.00022338676175879998,0.38155513318721507,8.364394368850519,65.10882560772475
285.0,0.6277432652000001,0.00012848780336369996,0.21446668402071775,6.74548407805468,64.2787819378492
286.0,2.8075384991999996,0.0002518308888237,0.3682346211064561,7.793167728542002,64.8361339082002
287.0,2.5416226612,0.0002333039588112,0.371097681640814,8.240787344342541,65.0512034940647
288.0,1.9500058071000002,0.0002014770525325,0.3327715014012409,8.046224778670922,64.95904504238034
289.0,1.763896386599999,0.00021260605756680002,0.3454150027530681,7.7367171973004645,64.80819462408029
290.0,1.7000392219999996,0.0001857490258597,0.2940753962371205,7.3670192876610505,64.61989892423082
291.0,0.5148435358999999,0.0001543484728308,0.23707850142902692,5.781815536497574,63.67164774002936
292.0,0.5777523003999998,0.0001523808070032,0.20708352513401196,4.49917683360801,62.66794686170803
293.0,0.2772534101999997,0.00014540401502079997,0.17851213617508316,3.1005200814344356,61.23939102647205
294.0,0.6420437379000001,0.00015161036252999996,0.15945660258401353,2.375787485818954,60.33161269914728
295.0,4.9032977773,0.0003256080698068,0.3012385660015078,6.1640802576741915,63.92542145731219
296.0,2.0577937774999997,0.0001791049708852,0.2505104411415518,6.389433955531299,64.06677236396145
297.0,1.4200424534999994,0.0001721920842132,0.24499109073337563,5.9441752905317955,63.7816780814757
298.0,1.9575976647000002,0.0001807405050292,0.24864335034216387,6.108318928338296,63.88953050911597
299.0,2.2476962747,0.00021204064350719998,0.2953314121144444,6.535657493876213,64.15545239364076
300.0,1.1749401982000003,0.00015843872447999998,0.22795530009647572,5.799584974714638,63.68385697126261
301.0,1.1828713200000003,0.00016102852523249998,0.21912860152718344,5.133166967072534,63.195835641735904
302.0,0.7418052618000002,0.0001499587818388,0.19394480141134512,4.067236300546989,62.26813105517121
303.0,0.9799980274999998,0.00015415543597319998,0.18185364928631045,3.5029966663079373,61.69149812126032
304.0,3.4316307801,0.0002982876321168,0.33092991707948866,5.609597869133669,63.55112838637474
305.0,0.9228251410000001,0.00013554888081569998,0.18183188666978253,4.671046814535738,62.81770303932047
306.0,0.3813859643999997,0.00012855362295329997,0.1601639582358723,3.306744458023065,61.475467410526015
307.0,0.7042214306999997,0.0001312940894613,0.14209158738518407,2.5211445778178523,60.523820409449456
308.0,0.9024590647999999,0.0001571140354957,0.14978240652235456,2.1837140014341276,60.06948398084663
309.0,1.7261336934999996,0.0001702200975933,0.15071891023220474,2.7504015765611465,60.816456950628314
310.0,0.9583097999999999,0.00014396846363079997,0.1432152460102214,2.327024977630874,60.265951325736616
311.0,3.9998344112,0.00031886544157,0.29187311633882607,5.211929824528383,63.256893710405606
312.0,0.18459653320000013,0.00013674161164679998,0.17793952207169997,3.6802056148859634,61.879558593916954
313.0,1.5997784518999998,0.0002064074121408,0.23378666140566892,3.7772411165477253,61.979791071959966
314.0,3.0008860330000005,0.0002602242801408,0.2979248176263194,5.38051559071401,63.38443739869204
315.0,1.5914059404,0.0001838594675277,0.24238054675219065,5.283869127062955,63.31183795456349
316.0,0.6206080158999998,0.0001466487525333,0.19189632636305365,4.16649325565359,62.3630719864248
317.0,2.0381260731000004,0.0001865788766973,0.22222748109113924,4.581348305668031,62.740186388494045
318.0,2.1038089494999994,0.0002268653530237,0.28050709811416435,5.118911908964723,63.18468285581742
319.0,1.0807945719000003,0.0001647484029012,0.2128347828116862,4.501128212037879,62.66967614227228
320.0,0.8948558052000002,0.0001385635428997,0.17014306194580298,3.6938086770070755,61.89372564268657
321.0,0.5707264030999998,0.00016354450367879998,0.18552173356755278,2.736349587691909,60.7988840466238
322.0,3.3853173323999997,0.0002857780123392,0.2835856504744033,4.883871104075377,62.996171052270924
323.0,0.20789508960000003,0.00014301944329169999,0.18133994845468035,3.4193145217151755,61.60039417104331
324.0,0.5081550909000003,0.0001492486776453,0.16388092031193602,2.443736567738676,60.42211596293781
325.0,3.0628092192,0.00027101218014879996,0.25435119849171256,4.382406841773494,62.563232327154424
326.0,3.3201893728000007,0.0002844109983508,0.3455816629237435,6.244667322543712,63.97664079334865
327.0,2.4096416819,0.0002304544780788,0.324302026561017,6.84519183354508,64.33584788062828
328.0,2.1449254533999995,0.0001862714979072,0.2744935520718257,7.072907598189383,64.4626913848733
329.0,1.8700795183999994,0.0001708362913773,0.2562976267410414,6.951968515552904,64.39591340465557
330.0,2.535163142,0.0002150192771008,0.3195185141565044,7.597225190904983,64.73826897379395
331.0,1.8086029391,0.0002078607718437,0.32531860141503494,7.351895070268656,64.61198435995908
332.0,1.6734089463000004,0.0001918911125248,0.2943837674184679,6.955798308411157,64.39804821125267
333.0,0.9740326252,0.0001398088789317,0.20781847699173062,5.953108101147861,63.78763372283435
334.0,1.1602937744,0.0001627172152212,0.22399936757699657,5.329463344240843,63.3462596815902
335.0,3.513815814400001,0.00026835966933000003,0.3523946287742268,7.171047131070772,64.5159417516573
336.0,0.6478246496,0.0001474892217997,0.22300467337378876,5.844460323040952,63.714506115658715
337.0,1.0806328832000003,0.0001556579546133,0.21253688873117196,5.10192917330903,63.17135483196218
338.0,2.2043755291,0.0002170190968468,0.2799888174669635,5.707652427119982,63.62023841781829
339.0,1.1874989669000002,0.0001679047715892,0.22690905952409185,5.143194744833058,63.203662273033906
340.0,0.36389551539999987,0.00012843825477119997,0.16624218527167983,3.7319138939363374,61.93320912943628
341.0,3.1664930054999996,0.00027575722677,0.31414372957586995,5.494619628526884,63.468396849057314
342.0,1.9451570511000007,0.0001981275429012,0.26347214847243006,5.684674264738952,63.60416049902506
343.0,4.928704710600001,0.00036544673598279994,0.49301523483509424,9.100449645110597,65.4409196312609
344.0,0.5394323215999999,0.00012894038504370002,0.22932623848665934,7.245545560905821,64.55582499849146
345.0,2.0332485351000003,0.0002117153098077,0.3220282176751805,7.391229153549332,64.63253153580432
346.0,1.7526787483000001,0.0002072272274397,0.31892423071824916,7.202049653851981,64.5325947180505
347.0,2.1142394695999998,0.0002079242658048,0.3151622887467804,7.326897617851508,64.59886426480311
348.0,1.5620648123999996,0.0001801924407348,0.27587947105920646,6.8551004249190015,64.3414667344353
349.0,2.0878717474000004,0.00020362328124999999,0.3002957868015764,6.999343379410165,64.4222276256483
350.0,3.2885537405999994,0.00025683916825330004,0.38308920081347786,8.50068028907102,65.17161711490415
351.0,2.1466756228,0.00022868753892,0.38619938422458794,8.478770515604525,65.16157151515634
352.0,1.7830789803,0.0002290206408948,0.3860352034711939,8.13143056144268,64.99963667403817
353.0,1.4394218306000002,0.00017472503585969998,0.2859209870568087,7.3678176687926,64.62031623120377
354.0,1.2120655930999997,0.0001565824536925,0.24052541245853606,6.535593856877642,64.15541429963227
355.0,5.088227852400001,0.0003729250303077,0.536547000831865,9.943291178899479,65.81115773468606
356.0,0.1875184246999999,0.0001351246453125,0.2583159159608201,7.532830812316476,64.70554323919241
357.0,1.8371084607000001,0.0001902936045813,0.29625744623942046,7.297797706605397,64.58352938738275
358.0,1.7628270335999998,0.0002097980410048,0.3204543298941458,7.0492010788761,64.44970379928232
359.0,0.8122663778999999,0.00012973871841329997,0.19427581226600305,5.794362007516842,63.680272630357734
360.0,1.5396548435000001,0.0002219347706133,0.30189147413998224,5.5455728804965085,63.50528841698599
361.0,0.2918006714999999,0.000128710425,0.17182366168577512,3.962372574542389,62.16577291814115
362.0,1.6345777212999995,0.0002023522270992,0.23622048967838516,4.052612942979683,62.25398462262517
363.0,0.5308681824000003,0.0001429560319248,0.16839917596776266,3.01055530200817,61.13341575359878
364.0,0.6089356007000002,0.0001435132589277,0.14893434483049536,2.170324377358803,60.050859299911686
365.0,2.0828716931999995,0.0002122796246133,0.1873484667191793,3.1461399108651076,61.292430261944816
366.0,0.9836881983000003,0.0001528947918592,0.1618664034705314,2.70953373659654,60.76521846673957
367.0,0.5241395885999998,0.00013900663979250002,0.13728818522409084,1.8824570557959115,59.63911486374207
368.0,2.204055307899999,0.0002414054754693,0.19719351369152283,3.068754586093238,61.202182255019245
369.0,0.5818125500000002,0.00013137093453,0.1375278111012804,2.257387553284098,60.17113850318291
370.0,0.3710112534000003,0.00014453507396679997,0.13022896381793952,1.4417796068434536,58.96548310401727
371.0,1.9221544151,0.00018103283813249998,0.12686403392894371,2.4436184107984786,60.421959585439865
372.0,1.1282956793999999,0.00014865712163079998,0.1395147357415947,2.2703247090130327,60.18884588829786
373.0,0.3505731103999996,0.00013634935666079998,0.12322040858514657,1.3807266481486606,58.86788214705123
374.0,1.5239494871000003,0.00019822668608769997,0.1354001979006945,1.9858989084325573,59.789584259249864
375.0,1.0795918511,0.0001680540847872,0.14138693692304222,1.9611724272389384,59.75387525848295
376.0,0.4166402508,0.0001300848732213,0.10869376977138229,1.2556388275292865,58.66457992478918
377.0,1.1487493038999994,0.00017640391012,0.11385122783716141,1.5816804559096536,59.185160999619775
378.0,0.5044757605999997,0.0001388451131328,0.10272109594306121,1.045186555465706,58.31226477105375
379.0,1.6863846639000002,0.00020552932856519998,0.1187465221787828,2.0030233610537174,59.814219911538515
380.0,3.7049377165,0.0002882296553748,0.24363276872826137,4.699379074903359,62.84190072212335
381.0,2.1457521983999994,0.0002224405439517,0.2777958878876045,5.2820874030486475,63.310486541709736
382.0,1.9015935132,0.0001981077227197,0.2591970360813222,5.441385890654946,63.42946003615735
383.0,1.6448093463000006,0.0002068062738037,0.27390137598528785,5.4315453620089835,63.422217850802504
384.0,1.7939140583,0.0001964137314933,0.25994204255539854,5.529568320688836,63.49374013080552
385.0,0.9818768636000001,0.0001887717782253,0.25169770516729073,4.793117116708233,62.92099211630902
386.0,0.2703297362999999,0.0001284504407397,0.16166673387987246,3.3792237660222972,61.55621687891441
387.0,2.0264713894999997,0.0001857310518612,0.2029067800756658,3.922516150630754,62.126307072713004
388.0,1.4284265606999997,0.00017117712024369998,0.19901337317172307,3.7622929276798898,61.96447511888842
389.0,2.1536997621000005,0.00024980838220679997,0.285534421179046,4.44724233470546,62.62167511549058
390.0,1.5924245255999998,0.00018832995089249999,0.23016055820860848,4.415018459234082,62.59272292419482
391.0,0.47874552089999955,0.00014229413053319998,0.1734033455128637,3.255782828355296,61.41800470227784
392.0,0.9050978386000001,0.0001507704807597,0.1620627574906672,2.7126072875940004,60.7690858287757
393.0,1.9458160527999997,0.0002064283794925,0.2039879015550218,3.3863540798473704,61.56409930339554
394.0,0.9023843004000001,0.0001517459995717,0.16592982600548942,2.8625300306167154,60.95500648141616
395.0,1.5531998823,0.0001728858957492,0.17527101239372525,3.092998426859758,61.230601085757456
396.0,1.8927708621000003,0.0001920235795917,0.20174005702226996,3.5817693460530062,61.77590317859354
397.0,0.6399747878999995,0.0001443356061325,0.16164123675578151,2.758486188196369,60.82654598491325
398.0,1.4268292338,0.00017591183125,0.17523741531662143,2.862868719529721,60.95542049691633
399.0,1.8960760604,0.0002041801913797,0.20700853945858697,3.4807244589543025,61.667396100766865
400.0,0.7841498187000002,0.0001322322930192,0.14630554306160826,2.7392719787301107,60.80254255418495
401.0,1.4280525746000001,0.0001847290064308,0.18340576842823664,2.9035020919917516,61.004896694309934
402.0,0.6863719983000001,0.0001414083766653,0.14431562195073788,2.1555301980946875,60.030227114124116
403.0,0.42106306979999975,0.00015154009623249997,0.13325756789522533,1.3883666461253892,58.8801537657952
404.0,0.2778768078999998,0.00012996836734929999,0.08906709487004186,0.7000200616587042,57.705769861109545
405.0,1.6788540516000001,0.0002152403518548,0.09776625139166396,1.7806918811634556,59.4882854869276
406.0,1.5814103779999997,0.0001862714979072,0.14749048023419314,2.2984393179517,60.22718021263749
407.0,0.9512550122000001,0.0001316118081472,0.11970268743312197,1.9672038560514666,59.76260054711066
408.0,2.6223395620000005,0.00026167286291729996,0.21901233190565192,3.585281655485414,61.779636323661826
409.0,1.1538852239000001,0.0001700667537973,0.1905359233792817,3.2991842638984545,61.46697871958203
410.0,0.5932150295999996,0.00014833804842879998,0.16037679076226477,2.44628805015887,60.42549193431028
411.0,1.3454676031,0.0001785319483152,0.16764477058237853,2.592281972763562,60.61598695797638
412.0,0.8124823371000001,0.00013414943088,0.12966513048047376,2.096589871647167,59.94746510088219
413.0,2.403732074399999,0.00026368104344519995,0.22845919802799564,3.4539536432849927,61.63828645830322
414.0,0.8244352011,0.00013067309109569998,0.1441050538118195,2.7253727500596243,60.785124085011304
415.0,0.6639998940000003,0.00015762492638369998,0.1561139134941945,2.0181016993691405,59.835847904801106
416.0,0.9015353755,0.00013833060350879997,0.11740584598064563,1.742625803165894,59.43114560937493
417.0,2.3979186313999996,0.0002292112329172,0.17928281510582833,3.1756038930001464,61.326438150439394
418.0,0.5653986126999999,0.00012936539568,0.1375277097982946,2.3351003941750754,60.27686669863469
419.0,0.7544406063,0.00013534137408,0.12410612203105724,1.8656781663114765,59.61443846113814
420.0,1.2043917052,0.00016974564928,0.1379682323768744,1.9781191936564457,59.77836656348684
421.0,0.9755568419999996,0.0001590399924948,0.133516065071006,1.8483491769584381,59.58887363754484
422.0,2.5048417790999995,0.0002431534775232,0.19660673750907426,3.2969692157026325,61.46448926605089
423.0,3.3633567728000004,0.0002842034973333,0.30717853703839043,5.349000126330275,63.36091487557547
424.0,0.5861824487000002,0.00014453507396679997,0.19008003405028864,4.129020488240479,62.32744861061372
425.0,2.4545835335,0.00026990864739250003,0.320325822931106,5.179732813315205,63.232049012409234
426.0,0.4242890599,0.00012850107114120002,0.1667982596404962,3.8203944836243706,62.02375331160919
427.0,0.6954227387,0.00012864325147079998,0.14796744464197273,2.9774345401455404,61.093935801645294
428.0,1.8617368804,0.0001905740379828,0.1967709562898398,3.5057771731072584,61.69449968927977
429.0,1.8310998679000003,0.0001863437490448,0.2068053846727375,3.914036231713803,62.117869970351535
430.0,2.5012962559000007,0.0002574856935925,0.2990950800091575,4.971518594064633,63.06749889918652
431.0,0.8073059430999998,0.00013229271256929998,0.16892510633443694,4.040409361508213,62.24214756027773
432.0,3.9283004261,0.0002974223109888,0.3499343732512231,6.517349050353485,64.14447499722033
433.0,2.7279811939,0.0002402727038388,0.3452100782800501,7.464784439139859,64.67064140714942
434.0,0.6242530296000002,0.0001289185859508,0.19959510157434668,5.8974426568962475,63.750355726608056
435.0,1.7832903779999998,0.00019012564894920001,0.2606363514192714,5.832549817021063,63.706397059345335
436.0,0.6434245078999998,0.0001582828528272,0.21592733489856664,4.691268489830752,62.834987690705766
437.0,0.6684260150999999,0.0001393032728832,0.17385152972301726,3.614664711132539,61.810766123074615
438.0,3.364396256399999,0.0003055108484325,0.34345483583121045,5.599124160864599,63.54366849197352
439.0,1.4404755132999996,0.00017461202277,0.2340476493878877,5.2820312737879025,63.31044396073691
440.0,0.9625698588,0.0001365037715653,0.17859586382268794,4.452735773853146,62.62659226954682
441.0,0.18413696550000003,0.0001494006169237,0.18267305352284674,2.9632866841146805,61.07699476105644
442.0,0.6176578908,0.0001440260897973,0.1483832956606262,2.1401475308103457,60.00871420212376
443.0,1.7155503200000002,0.0001739849066973,0.15241224371168985,2.736550364408397,60.79913546177119
444.0,1.9307893600000003,0.0001996220895237,0.198097653923837,3.3531835632928892,61.52733660990083
445.0,2.0857776175000007,0.0002359217388813,0.2568775762175127,4.096938998684506,62.29673883502064
446.0,0.4206706497000001,0.0001298439427237,0.15361968588158492,2.9238343429878957,61.02950952039374
447.0,0.3721908104999998,0.0001442033181333,0.14764674978571285,1.9465191340843966,59.73263703486446
448.0,1.7927345795999994,0.0002336689924917,0.19444110445637453,2.7219087102638078,60.78077578710452
449.0,0.2231155399,0.0001286567633325,0.12734550300548908,1.5650197734771412,59.159287587686
450.0,3.5527381767,0.00030117759328769997,0.22145186443993978,4.202847435527671,62.39737911897264
451.0,0.26748515110000004,0.0001292981332653,0.15453415478412394,2.890812104370672,60.98948637828604
452.0,2.0039702546000004,0.00018882712079520001,0.19231570754195101,3.5922116315546013,61.78699447104285
453.0,1.5474759634000002,0.0001591188584592,0.1784148757063357,3.688247217697654,61.88793819063591
454.0,3.0627631061000002,0.0002918212366317,0.33082972672843525,5.362989649010856,63.371374356966946
455.0,0.34036546720000005,0.0001284322144192,0.1690841686942858,3.833115388603551,62.03664128356808
456.0,0.7940694629,0.0001433844434437,0.16514699462067875,3.028454690783721,61.15464730408683
457.0,1.9340065014999994,0.0001767003750772,0.18387264089000288,3.5413642995189223,61.73277203020716
458.0,1.5878203511,0.0001822974099712,0.2031814816623163,3.648390702650719,61.846276093539785
459.0,1.6141574485999999,0.0001816892340357,0.20504814935994412,3.7374022224681474,61.93887157321714
460.0,0.6888842385,0.00014903257985729999,0.1698814279167408,2.901982114106445,61.003052856489845
461.0,1.2979460863999996,0.0001800217625488,0.18367801766140202,2.830304922051023,60.9154913863222
462.0,1.9677523714999996,0.00021603855477,0.2178546248072357,3.5373944009337013,61.72851580610048
463.0,0.8608531184000001,0.00014031902925,0.1563199634405599,2.842160713766358,60.93005751943541
464.0,0.7718977774,0.0001555465682832,0.15716369097726426,2.2758764422425344,60.19643160575345
465.0,1.0786957334999996,0.0001579981422868,0.14296647035702237,2.103400067931932,59.95707387281989
466.0,1.9349829292000003,0.0002367108949453,0.2054489615571443,2.923019597104785,61.02852508963276
467.0,0.2701871643999998,0.0001406570410933,0.14399714442512185,1.8430771764265956,59.58108001456594
468.0,4.193446509900001,0.00035765302878930003,0.28872612026602246,5.1101422105410395,63.177806010289025
469.0,2.0620122232,0.0002357740934397,0.3043818871100604,5.496583423728865,63.46982549660745
470.0,2.5781177946,0.0002759590257597,0.3670280587043851,6.48700340933675,64.12620166068318
471.0,1.3531970335999999,0.0001930882881373,0.2767746270259292,5.937732855889298,63.77737655252036
472.0,0.30887075109999995,0.00012844164475079998,0.17661056547656862,4.36175061903404,62.54445352351318
473.0,1.6380798910999999,0.0002031299750068,0.24636036322295057,4.478566907380618,62.6496415148032
474.0,0.7439214153000004,0.0001590794127933,0.19494969885638336,3.638144813346447,61.83551313394469
475.0,0.9598822655999997,0.00015309483836129997,0.1725750889986872,3.062594248019887,61.19493984484064
476.0,0.7531592667,0.00014953129029249997,0.15639665586210902,2.367124938795538,60.319991795995776
477.0,1.2101563400000002,0.0001707435748125,0.1576693812825822,2.3218892069934514,60.25900084388141
478.0,0.5927104666000003,0.0001291339158672,0.11806780240109839,1.650077729201734,59.29057081798209
479.0,1.3329661394999999,0.0001616140322772,0.1225275108787378,1.976033296939512,59.77535615215889
480.0,2.0003597961,0.0001828739954653,0.1534363086545668,2.9030551273697487,61.00435455120204
481.0,0.31302650799999965,0.00014206523476479997,0.14497557841864767,1.8602479252757047,59.60643611346214
482.0,0.7242411990999997,0.0001546758587253,0.12551536971206304,1.5182992755367548,59.0863185884216
483.0,3.5680134319000008,0.00030592182008320004,0.22099809266480622,4.195499901652254,62.39046531040864
484.0,3.9210106039,0.0003224204566612,0.3850823047374308,6.73597354584703,64.27328816261029
485.0,1.7334828359999999,0.00019433519470079999,0.2839531606245431,6.512151033341731,64.14135187232485
486.0,0.4543586553000001,0.00012883766638769999,0.1850329142285208,5.005554175646854,63.09486386911861
487.0,1.832248758,0.00019196679108,0.24578885322678973,5.110879958697964,63.1783849831708
488.0,0.18437440149999995,0.00013828583133,0.1785358944360128,3.5517421950329773,61.74388277736394
489.0,1.9476762497000002,0.0002033764251892,0.22695539094410694,4.016069385794734,62.21845279216582
490.0,1.1921226675,0.00017794547559969997,0.20885642734502935,3.676011129181118,61.875182541995486
491.0,1.4652985395,0.0001822974099712,0.20638083261734427,3.636405049261449,61.83368341518872
492.0,1.1245617836000004,0.00015727958037,0.17725693972500967,3.279388576114859,61.44469260139906
493.0,1.130173272,0.0001638243105957,0.17665388775643767,3.0068798234098106,61.12904698312842
494.0,2.3865285895,0.0002260426111632,0.2344499779958903,4.094004216692288,62.293919747591026
495.0,3.2015301203,0.0002410272507408,0.28508026758032096,5.816874681949022,63.69569674045701
496.0,3.5464681591,0.00029539136877,0.40249383376595055,7.654412771666397,64.76709283997491
497.0,0.22165209490000004,0.0001358626594452,0.21363839033704826,5.803781081120311,63.68673401529354
498.0,1.5581396448000007,0.0001952636312832,0.26579988427725193,5.523185802572206,63.48912469036682
499.0,2.5566723339,0.0002466122936637,0.32865982126238263,6.346069589754136,64.04002234442534
500.0,1.2493269635999997,0.0001736649716853,0.24627303664929132,5.728540725401977,63.634792344193436
501.0,0.33983687159999976,0.0001408236442653,0.1906110785799699,4.235451706940925,62.42793706162585
502.0,3.098625802099999,0.00025528343464769997,0.30604403808312924,5.8875955923742485,63.74372022311126
503.0,4.5047287623,0.0003250417039557,0.44525787476050727,8.801477990020777,65.30788219217416
504.0,1.8508544626,0.0001959447103077,0.33959565142420794,8.446187344358083,65.14659832531662
505.0,0.3937893609999996,0.0001415356892325,0.23790556510933297,6.6050708821256645,64.19675110383476
506.0,0.7560979658,0.0001350755921077,0.19538029472984283,5.379735220711092,63.383856702097134
507.0,0.35025409839999977,0.0001444684465773,0.19044028892346568,3.883326991328464,62.08719695692272
508.0,3.45706208,0.0002800240089477,0.3242384151165399,5.97035893811189,63.79910666243354
509.0,2.0599031128000007,0.0002110233841693,0.29087586973162094,6.306278899548172,64.01529093053229
510.0,1.6953696918999999,0.0002042215257213,0.2887313625517231,6.224592437661026,63.96395277086451
511.0,1.6185995429000002,0.0001941425878068,0.27278814549172775,6.031051362018921,63.83917546776621
512.0,0.9077881267999999,0.0001426231518973,0.1974929343122924,5.0974158761930255,63.16780525353308
513.0,0.4483298831,0.00015757363435569999,0.20322274386480824,3.7704596762511997,61.97284839099806
514.0,0.4568024979999996,0.0001452965864325,0.16622404444278074,2.657619817139712,60.69955438816373
515.0,2.1052723676,0.00020657522987519998,0.20211810297434626,3.4694203235178276,61.65512298241564
516.0,0.8754788625999999,0.0001356442167552,0.1498727287348736,2.848926409000594,60.9383551315494
517.0,0.5700709915999997,0.0001664271419092,0.1683457644043616,2.0943702787720486,59.944330779508476
518.0,0.41037911760000023,0.0001295681647248,0.11219692208650243,1.3469255421370703,58.813389461606405
519.0,1.5410662383,0.0002242912196157,0.15096200530166995,2.0145887186050313,59.830814326748154
520.0,0.8362965578999999,0.00013199089689249998,0.1119189439009369,1.6611196357507367,59.307466528197416
521.0,4.204759371899999,0.00032208990748320003,0.24513016490144898,5.001643941544683,63.09172939888917
522.0,1.8918881826999998,0.00020628166722119997,0.26403510782544526,5.184246533355713,63.23554154381661
523.0,1.0680747168,0.00016309361093250002,0.21177481496246792,4.580650880259093,62.73957822918477
524.0,1.0623788156000002,0.0001764697123008,0.21818250126165778,4.044022459856404,62.24565513320491
525.0,1.0712039483999996,0.00018285647808,0.21521814798139094,3.517010871392554,61.70660987334484
526.0,0.1864440639999998,0.00014001806141169997,0.15560377554084032,2.1788938745343756,60.06278461132797
527.0,0.3144987162999997,0.00012845077636679998,0.11360190294777345,1.257378414836267,58.66743818295016
528.0,1.3138354239,0.0001837887835317,0.11871601269786979,1.7531027038846634,59.44691154610535
529.0,0.9546617769000001,0.0001576891048372,0.12376039665237847,1.6653622530370567,59.31394939998274
530.0,1.1022250447,0.0001707435748125,0.1301368183595766,1.7219072758470808,59.39987953594442
531.0,0.42035680359999983,0.0001290250004325,0.10023568482286194,1.0883126726600478,58.38552356134241
532.0,3.5856668834,0.00028730058661169996,0.17010319412814162,3.9372797532164787,62.14096235592633
533.0,1.5184482207999999,0.0002033764251892,0.23680820416223167,3.9735812245407756,62.17681567332963
534.0,1.1946033686999997,0.0001758137198848,0.20547389103960492,3.6553145824016995,61.85353711875258
535.0,0.3155017339999997,0.000153939132,0.173867561234631,2.452712160920269,60.43398477912618
536.0,0.4816855695000002,0.00015490747312,0.14565376582585862,1.672641783175219,59.32506122511401
537.0,3.0482083391000003,0.00025797165302769996,0.19711275719494015,3.785973215533395,61.98871711208353
538.0,2.1850647512999997,0.00023103085410120002,0.26475261779002945,4.573357180162495,62.73321300507206
539.0,1.7543728308,0.0001954773126357,0.24153193760860028,4.7366055135186835,62.87348753232632
540.0,4.1902739701,0.0003357367857268,0.4205885186309358,7.444777209637026,64.66031531007627
541.0,1.111792464,0.00017306020125969999,0.2675006277006482,6.452145501744395,64.10508895686843
542.0,0.49944209750000024,0.0001311748268133,0.1875270961048728,4.952029374751504,63.0517458199054
543.0,0.9525649454000003,0.0001752109419957,0.22337910265759797,4.241694431439269,62.433765384755965
544.0,0.4245011774999998,0.00015196433272320002,0.18228713287901877,3.042039714437765,61.17071253113553
545.0,0.8296291999000003,0.0001362295502772,0.14204866395065452,2.4974780632670495,60.49288263002777
546.0,2.1116446460000002,0.0002401220988672,0.22784053118450773,3.403158346996271,61.58263275705234
547.0,1.1500332806999998,0.0001604616658317,0.17583483454492488,3.1098992254362825,61.250333784432314
548.0,2.7279057294999998,0.0002471290796997,0.260272714326179,4.565646713031619,62.72647398953791
549.0,2.0578692927999995,0.0002181174863397,0.26932779141592417,5.015631986130466,63.10293109803732
550.0,0.30057482729999974,0.00013417785539250002,0.17193512839494843,3.5589180198274986,61.75155211516199
551.0,1.76820881,0.0002160830064832,0.24134036829444566,3.9256518239924456,62.12942332614952
552.0,2.0519955651000004,0.0001933558463877,0.2248714010958764,4.405540844336089,62.58417210154019
553.0,1.5593491355999998,0.0002265358419453,0.27582937002353036,4.3747033791664265,62.556238063758876
554.0,0.0728377321,0.00013466089443569997,0.16351031763881269,2.731121189132846,60.792333596782115
555.0,3.1128990158,0.0002570275704372,0.2548216239408278,4.5945597423652575,62.75169087544492
556.0,0.6883269952000002,0.00014145844742280002,0.175103667670307,3.636526382860533,61.83381104266595
557.0,2.4959766824000003,0.0002524118173125,0.28447665597541344,4.780411695220968,62.91035830493945
558.0,1.6735174311000005,0.0002129986142352,0.26779841586720654,4.879932514493652,62.99293651970759
559.0,1.5527703650999993,0.0001679644630452,0.21290082615974004,4.803800971953664,62.92991316304662
560.0,3.8211345015000004,0.0002965899869973,0.37361335973800547,7.123661306008978,64.49033285937088
561.0,2.2824345772,0.00026525951772929997,0.3995630952289491,7.591401256657202,64.73532106987969
562.0,0.2065029248000001,0.0001558192490388,0.24375293147413843,5.671312541740528,63.594778383582906
563.0,0.6091138087,0.00015265057200000002,0.20572964972284363,4.503924579998988,62.67215306594515
564.0,3.6133785771000007,0.0002952686759668,0.3626506894969428,6.657907530406106,64.2278527551059
565.0,0.5871058327000003,0.0001313872420948,0.1908207379949236,5.308551520913508,63.33051048613003
566.0,0.5047986574999999,0.0001509954853237,0.19796017754708498,4.031845612371754,62.23382387086236
567.0,2.5101287371000005,0.00024117846453,0.28351911481317355,5.063359192671072,63.14091800365348
568.0,1.4215691958999996,0.00018652457419079997,0.23991657073266381,4.855337736747975,62.97268080690023
569.0,0.41040591299999996,0.0001334563950708,0.16882342513519796,3.566636416806612,61.75978929251382
570.0,0.5193624015000002,0.0001300605335013,0.1453955357232418,2.5835795230490297,60.60477830381267
571.0,0.6426507199999998,0.00014591647612319998,0.14080530627880072,1.9093081398343004,59.678447296953074
572.0,0.5350598484,0.0001494550148352,0.12304649943825725,1.3205230647775923,58.77059669132956
573.0,1.1438383254,0.0001645198291348,0.10943250846899152,1.5549084454358366,59.143547303597096
574.0,1.1393150030999997,0.0001584777558117,0.11608777740027171,1.715296055805766,59.389877915874266
575.0,1.8036256420999996,0.0001815853219917,0.14075933104073282,2.512850585899958,60.512993877223025
576.0,1.3163414651999998,0.0001709910444733,0.16274400373754402,2.5913631729937414,60.61480442501033
577.0,1.2405742007999998,0.00016989840117,0.16419043078495993,2.5317270360578545,60.537609634974714
578.0,3.3233895166,0.0003032433226677,0.28969659271495357,4.7576101748988915,62.89120690592205
579.0,2.1849455976000005,0.00024837396614129997,0.31168811191947754,5.359766459958836,63.36896703873531
580.0,1.1854417550999998,0.0001677706307013,0.22081961728212082,4.774551611043033,62.90544462323923
581.0,1.8545797148000003,0.0001761903644877,0.2214133034124621,4.96859839791831,63.06514239834666
582.0,2.6527375969000007,0.00023814859685729998,0.3040219868282369,5.997431080952543,63.817036190559904
583.0,2.270141024,0.00023476789864319998,0.3242655523398718,6.481225512092855,64.1227111784288
584.0,0.8676614492000001,0.0001329130478013,0.1904346949740188,5.434751629319994,63.424579051972756
585.0,1.8962118844,0.00019018160879250001,0.2517557392451663,5.558802493549412,63.51480726648675
586.0,1.5148232559,0.00017328253789169998,0.23155780932008496,5.320226893343493,63.339311479959186
587.0,0.8447789271999997,0.0001599530773125,0.2098922527243349,4.449912505134694,62.624065846626756
588.0,0.9570986039999998,0.00014194277240519998,0.17351106981058528,3.727054954706378,61.92819092483363
589.0,2.1553327856000006,0.0002488164206992,0.2833003185177048,4.472114246622341,62.64389489726963
590.0,2.2145298663000004,0.0002847967238013,0.3488170645307937,5.208398536440826,63.25417651751036
591.0,0.1341249964000002,0.0001300670620432,0.169207657104381,3.4978876616539045,61.685978666459334
592.0,2.807728807,0.00022999933179250001,0.2550105943592596,4.906264623972156,63.01451342587508
593.0,1.6977525402999998,0.00018576700267679998,0.2359677309757914,4.89517814987119,63.00544278994899
594.0,0.6144014416000001,0.0001669263735312,0.2118460612601919,3.823252253177089,62.02665143594429
595.0,1.1949103165999997,0.0001714725702912,0.19729064251367706,3.4916819181908725,61.67926692836653
596.0,0.7902167101999997,0.0001329989099988,0.14735064471840745,2.7773052654620494,60.84997078963121
597.0,2.0327992695,0.0002137864672512,0.21365914573729217,3.523705856562108,61.713814550114336
598.0,1.6785130369,0.0002159941143312,0.24023027207066827,3.8108727235025484,62.0140852733163
599.0,0.5871654631000003,0.0001469131908477,0.1688095198139783,2.8181232246284225,60.90049043320802
600.0,2.4415985675,0.0002343520854925,0.23584080247037356,3.9870619521934465,62.19006440772776
601.0,2.0650608692,0.0002099694665472,0.24572654257229753,4.569770166521968,62.73007921328764
602.0,0.15951653360000018,0.0001447261989588,0.17876877490926432,3.088897219005174,61.22580295847289
603.0,0.5510252445999999,0.00015136920772000002,0.15893326894310084,2.2364933382587973,60.14244994621659
604.0,1.1021197623,0.00015932966377119997,0.14286214210029033,2.1455452105601864,60.01626992103038
605.0,2.0807940601999997,0.00024674138447519997,0.2164378544373132,3.1477738300331923,61.29432124722993
606.0,0.3589743358999997,0.0001284307293117,0.1359984339226368,2.013844688586046,59.82974782538218
607.0,0.46551098759999965,0.00014622560790929998,0.12396403774118724,1.3478764890401336,58.81492700984383
608.0,1.7070363799,0.00021753382466370002,0.14647541842534503,2.1909052092239505,60.079467731505176
609.0,1.7907978147999999,0.0002110449631572,0.18719187275075258,2.8784654568725454,60.974457006081686
610.0,0.7465859634999998,0.0001401152498125,0.14241848647317554,2.255112670719621,60.16802040856642
611.0,0.9175567974999996,0.0001458470470453,0.13134185769378623,1.908901931971788,59.67785370560736
612.0,1.5365451635,0.0001882197477333,0.15494329476451751,2.3359090530763993,60.27795883952959
613.0,0.7777371216,0.00015635615496369999,0.1434019651734653,1.8588469839554862,59.60437031121188
614.0,1.4827930141999999,0.00019898247710129998,0.16140114706916894,2.2553251367098963,60.16831168346269
615.0,0.8360970602999998,0.0001386013674432,0.124822941887191,1.85416019860488,59.59745542723891
616.0,0.8189961515999999,0.0001557447462672,0.1261516845230273,1.6000853240947346,59.21365318194168
617.0,0.9175167362999996,0.00015488304474119998,0.11535755117435785,1.5010612629663376,59.05924132574719
618.0,2.1033679266000003,0.0002093489072197,0.15022588232768425,2.701013576628687,60.75448597236755
619.0,1.111790896,0.00017470888267680001,0.1722869794809684,2.515250364191333,60.516128158673574
620.0,0.4592673544000001,0.0001482111294352,0.1411300324373848,1.7300717601223137,59.41221446663174
621.0,2.3261838391000005,0.00024057421819080003,0.1873988956642114,3.0862589934619638,61.22271440950766
622.0,1.8272780979999999,0.0002178703200192,0.22866917685676402,3.571831877760065,61.76532693498642
623.0,0.6214112543999999,0.0001475307050997,0.1650265935838605,2.677389355357689,60.72463650070913
624.0,1.6020521855999998,0.00021805004351999998,0.21411496705967245,3.0297232511994387,61.15614924488018
625.0,0.5176162268,0.0001285603746093,0.1338042094747498,2.1053081214774725,59.95976385399173
626.0,2.6686310826999993,0.00031560307437,0.2740552568157283,3.720146722555288,61.92104797392476
627.0,0.7376617379999999,0.0001580627294373,0.17983110780383788,2.8754505195632296,60.9707815712361
628.0,2.5969204774000003,0.0002461739119828,0.2500977779687839,4.197271756673768,62.392133497912425
629.0,1.5226989552,0.0002352581334672,0.2810271810051659,4.177044541884325,62.37305472010917
630.0,0.8771070208000002,0.0001372840768272,0.16367847995050233,3.475120633294923,61.661315313395484
631.0,3.8207962039000005,0.0003197839553172,0.35357527891370727,6.03971207281769,63.84485598567937
632.0,4.3938627046,0.0003427692111412,0.47494862785739694,8.816811587832673,65.31475561810186
633.0,2.294006832699999,0.0002332067236032,0.4047113079877793,8.935891989453804,65.36793433610528
634.0,2.1344140948000003,0.0002274551397312,0.3988173412035799,8.828776109853296,65.32011453709342
635.0,1.5304986416,0.0001723492894912,0.29940775931443536,7.995888292659627,64.9348852378448
636.0,1.3116832558999998,0.0001660475750592,0.26863220165132995,7.132464869483937,64.49510497178488
637.0,1.0662148464999999,0.0001625505877908,0.24502313455549934,6.185799947821204,63.93930115613498
638.0,1.4232954752999998,0.0001914945399925,0.26827931996608206,5.749019658528386,63.649004312622765
639.0,0.6509613992000003,0.0001616961452688,0.2192008906302203,4.563170902044812,62.7243079096214
640.0,0.4188681796,0.0001284572996352,0.1585831530887849,3.263287298911469,61.4265022956951
641.0,2.3936622299000003,0.00022750239877,0.24478937823732633,4.254044148176846,62.4452739871449
642.0,0.5395055271000002,0.00014515064253,0.1743141337826117,3.182423915167086,61.334282328723404
643.0,0.9643245369,0.0001805003717568,0.19207246212944493,2.7684587619300878,60.83896968065766
644.0,0.5056114959999998,0.0001374188131213,0.13712816662016966,1.9071251163594716,59.67525672768779
645.0,0.1537830644999998,0.0001438470354837,0.11835443003009906,0.9359174867155512,58.12416667593581
646.0,1.6993049616000002,0.0001726487560437,0.09330034559563234,1.8947918475042653,59.657207269707555
647.0,1.9926370366999997,0.00019958202918929997,0.16362238161807932,2.8310179931621784,60.91636840504466
648.0,0.20793300989999963,0.00013935695397,0.14054513512713868,1.6340818251621534,59.26603504055796
649.0,2.1083078367000003,0.0002020463417397,0.15232426132216584,2.7699164062109207,60.84078361729655
650.0,1.2578648589,0.0001801924407348,0.17985650119227378,2.7501665926380454,60.816163474637044
651.0,0.25094404270000004,0.00012844812261569998,0.12777087744676202,1.646082420134729,59.28444912479324
652.0,3.160502639599999,0.00027492267369329997,0.2081417769440445,3.852957124277158,62.056679009282185
653.0,0.8211732313,0.00015102933325,0.17431870381747697,3.1271524720214985,61.27041161735874
654.0,0.19645023240000015,0.0001345714245277,0.1420816934343519,1.9333299553025838,59.71347206435384
655.0,1.9356230949000004,0.0002143577439988,0.17770475886958365,2.7993870409547865,60.877349848400804
656.0,1.6197995999999995,0.0002034998024848,0.20414611289974652,3.121083538556934,61.26335675259714
657.0,1.9061840079999994,0.0002150192771008,0.22682119377864296,3.6832564509639623,61.88273922120114
658.0,1.0904448308999997,0.00015610578299970001,0.17687349079133538,3.2381475941754636,61.397986831779
659.0,0.37176048409999973,0.0001446209406925,0.1550810811447047,2.127860709640876,59.99148684626411
660.0,0.9184791492,0.0001702661556948,0.1486969800053491,1.9221082598426822,59.69712953893394
661.0,0.6546737187999998,0.00014684180848,0.12134272385702739,1.4767899606429444,59.02097447160383
662.0,3.3611451829000005,0.0002656764277428,0.18883008473333981,3.982280623033362,62.18536941475414
663.0,2.3834652786999992,0.00024386663934879998,0.2852585297007426,4.912304705849358,63.01944683427288
664.0,0.7538397795000003,0.0001619843398125,0.20585836210753491,3.9955479676991854,62.198386235387474
665.0,1.1891624075,0.0001587255433332,0.185914844986257,3.6024816541359863,61.79788062421731
666.0,2.3850574919999996,0.0002255974258093,0.2532580896904446,4.599728851773689,62.75618387747572
667.0,0.1552776399,0.0001341040982272,0.16607337385376386,3.0296013361728846,61.156004916769284
668.0,3.603430810900001,0.00032195776673279997,0.33508391320356673,5.394318108685245,63.394693578649054
669.0,1.4943029559000003,0.00018165458541329998,0.23972680407791053,5.127740782495411,63.191594047392265
670.0,2.1277448939999997,0.00019820685181319998,0.25623617198973403,5.565560114144749,63.51965999777492
671.0,4.608946985999999,0.0003101857497972,0.4147140715662719,8.556414498373304,65.19709143664343
672.0,1.7718261658999999,0.00017550370331249998,0.29780742035711627,8.133209471880335,65.00048018558655
673.0,0.3200335981000002,0.00012945022493249998,0.21186493975400683,6.147352630416336,63.91469371001532
674.0,1.9451337019999997,0.0001994619158325,0.27863113248204713,6.289933323133926,64.00507946203021
675.0,2.6630824999,0.00026673543810720003,0.37664717314504903,7.1697447680646285,64.51524043721484
676.0,0.4941549836000001,0.00016913746032,0.25571038139628727,5.639071819328138,63.572040036268355
677.0,0.4272235375,0.0001293631015533,0.17392091565082607,4.178862411555758,62.37477251918172
678.0,2.0960173899,0.0001863437490448,0.2222087957645153,4.706345000325217,62.84782918801781
679.0,2.5561942711,0.0002358971242612,0.29477267502003923,5.657565908178514,63.585100670436084
680.0,1.9032056328000002,0.0002095626254277,0.28213807648150135,5.759312701769248,63.656126361723416
681.0,0.4030172396,0.0001286715025933,0.17456683017425165,4.297579714721941,62.485619384335486
682.0,2.0561970148000004,0.0002073959245773,0.25006923847793844,4.810079367247055,62.93514678758718
683.0,2.489184033899999,0.00025737782662530004,0.32438481654070894,5.726060722709365,63.63306746515088
684.0,1.3262084108,0.0001916832290325,0.25940330870080874,5.247439454969447,63.284111961698635
685.0,0.7732657044,0.00015111971840519998,0.19719127131011904,4.207626485446889,62.401870637570504
686.0,1.8896074911000005,0.0002108077493133,0.25206607238919815,4.546085960557553,62.70933114347967
687.0,4.1490214208000005,0.00033481481334369996,0.41272781398432873,7.30775241708228,64.5887827581531
688.0,3.3549069844999995,0.00029594404446719997,0.452399767064824,8.8767399595054,65.34156110560087
689.0,1.7605198135000002,0.0002028634453317,0.3538824741713883,8.36304343342042,65.10819942775699
690.0,2.2112732028,0.00023889595632930002,0.3987095003836231,8.485184952180596,65.1645143976377
691.0,1.7702391413000003,0.0002173098467517,0.3664972852715197,8.041686101314635,64.95687221575756
692.0,0.4547911066000001,0.00014192532288,0.23049385303763764,6.268837820129503,63.99185542060934
693.0,0.5448394112999999,0.0001362162948288,0.1920386355342005,4.836495806165543,62.95709576846777
694.0,1.5184288931000003,0.00017957931837,0.22682105528812072,4.713474995463903,62.85388876629318
695.0,3.2632013646000004,0.0003098657985552,0.3874329319626772,6.546801996245883,64.16211705212484
696.0,0.8155327008,0.0001563687031572,0.22516940322511003,5.379017299015068,63.38332239657491
697.0,1.9440164599000003,0.0002286637670613,0.3014111559870734,5.68670385619765,63.60558348641489
698.0,0.8578893122,0.00013386906133,0.18062712011413892,4.763481113987369,62.89614633398776
699.0,0.5625293472999998,0.0001685661387933,0.21163875733339232,3.661892309874206,61.86042597804765
700.0,4.7480509071000006,0.00030734809253169995,0.3473960790332976,7.011756722480149,64.42908917538665
701.0,2.0406880806,0.00020764930851569998,0.3100234003445232,7.147960283754288,64.50348852799699
702.0,0.512416268,0.0001399293285972,0.2111850115136904,5.5646867620127,63.51903319173586
703.0,1.7884787226000003,0.0001719724703488,0.22990961454022435,5.5137633552143255,63.4823004534025
704.0,1.5448346663000003,0.00016704431332,0.22246055193908848,5.289096634406772,63.31580020899501
705.0,1.9511320838999997,0.00017239650603730002,0.22567930826717336,5.480582569363905,63.45816901181425
706.0,0.4930559055999999,0.0001502129018997,0.19954170682903552,4.187364377623629,62.38279822335755
707.0,0.3431962124000001,0.00012850425722769998,0.15336073090868352,2.9278027035170364,61.034302161279825
708.0,1.6876609955999995,0.00019445089412999998,0.19921963843580062,3.319879666666796,61.490186129124034
709.0,0.7493952620999997,0.00014906492265119998,0.16160305383846113,2.623946947349599,60.65661573802783
710.0,1.9540001216000005,0.00018612713092480002,0.1809810735878539,3.3160049838167387,61.48584824900906
711.0,0.8182737088,0.0001600064212813,0.17337659600474847,2.6904720346903623,60.7411831587361
712.0,0.9038567802999999,0.0001324387122432,0.13035610711835374,2.2431035279859746,60.151538047639804
713.0,1.7082903716,0.0001915322552517,0.17200225338113712,2.772350677965017,60.84381177550396
714.0,0.8142945694999999,0.0001357723178512,0.13557599681547206,2.185373293333006,60.071788802874835
715.0,1.0147253890999997,0.0001551892098237,0.13746526175894758,1.9870679967037872,59.79126860257907
716.0,1.4133256276,0.0001911556100077,0.16087444217469843,2.2998926859325826,60.229156427732505
717.0,1.0309709542999999,0.0001678600325925,0.15272099230777064,2.158918898105683,60.03495803875825
718.0,1.4271461590999999,0.00017206652293,0.15143398515335688,2.3999535110703283,60.363932249574326
719.0,1.4760068563999997,0.00018901177923720002,0.17577156580964123,2.6364793713919012,60.67262873073515
720.0,0.7564607613000001,0.0001318445932372,0.1284984576839063,2.0349678564396187,59.85996936324932
721.0,1.6654135118999998,0.0001964920595325,0.16752531901879533,2.580711698053431,60.60108053774498
722.0,1.4200066159999998,0.0001756504264308,0.16940489566366743,2.722060990560225,60.78096699987454
723.0,2.0259734511,0.0001897904226048,0.1878611498855026,3.4510347727529735,61.63510335239416
724.0,1.4920263088000003,0.00018315465695969998,0.20190825827870865,3.5270640138174225,61.71742480554636
725.0,2.3420522959000003,0.00026640057408,0.29641217258988756,4.546928760072809,62.71007114432774
726.0,2.3377904863000003,0.00023676031303169998,0.29187679349269735,5.308710495173736,63.33063045814854
727.0,1.2225702927,0.0001588170899653,0.20821711194760026,4.7634737627349235,62.89614015273334
728.0,1.6796233194,0.0001922699562768,0.2413993118908161,4.803543608188635,62.92969848677973
729.0,0.38444365469999964,0.00014356863467969997,0.18084908543474135,3.5014383122085553,61.68981515671703
730.0,2.5363729476000003,0.0002455564069492,0.2723767437223755,4.641055889790163,62.79193933447259
731.0,2.1183689479999996,0.0002210186777893,0.27467005209771994,5.153277552521137,63.21151620632418
732.0,1.592617936,0.0002217741288208,0.28727631401999987,5.1179800657817145,63.18395270895003
733.0,0.26429264549999987,0.00013689978656369997,0.1768448597552921,3.6121538217432008,61.80811298632212
734.0,1.5367881975,0.0001818626462637,0.20439028389211075,3.652535363774442,61.85062375973643
735.0,2.5849136106,0.00023802428357280002,0.2687529760162837,4.822206733801751,62.94523755652977
736.0,1.6922139724999994,0.000188974825,0.23840992253073462,4.814122975117766,62.93851404551595
737.0,1.4403501015,0.00017231782588679999,0.21725180711850475,4.643158285833604,62.79375042528778
738.0,1.2548850134,0.0001797152521012,0.22338009369609152,4.272646706640693,62.46255621927062
739.0,0.6339243655,0.00013550460774279998,0.16301085467213994,3.312631488533379,61.48206880459368
740.0,0.8094703159000001,0.0001348030290112,0.1460023826272924,2.628377935906959,60.6622816672224
741.0,0.29776277770000004,0.0001378728507508,0.13417168886941655,1.5819656690288237,59.185603251197065
742.0,6.648535518699999,0.00044452714698120006,0.3289067508837853,7.41781509252628,64.6463527150014
743.0,0.21485003999999974,0.0001349062425972,0.20806964235243106,5.499046884665741,63.471616873112886
744.0,0.7888031973,0.0001725698504052,0.2295624599350301,4.515785618070407,62.682643807393085
745.0,1.6373599875,0.0001907800922037,0.23455919495799502,4.553026243682862,62.71542119580194
746.0,1.6765954264,0.00017918951372369998,0.2210200174766928,4.554392183678502,62.71661880632999
747.0,2.1331610646,0.0002107646561653,0.25999674784605886,5.085720374477156,63.15859228853203
748.0,0.9124158907000002,0.00016312157383569997,0.21018454270373702,4.3372629190415175,62.522091077540594
749.0,0.6935030255999997,0.0001546515374533,0.1871492735800967,3.459093495379752,61.64388718736719
750.0,1.6894143437000002,0.00019373903078369998,0.21378933314407994,3.67452764422665,61.873633976160434
751.0,1.5676307600999997,0.0001802778855253,0.20406030377329082,3.769575990627742,61.97194300952867
752.0,1.8066872982,0.0001780290460212,0.20365143906703934,4.028038946088629,62.23011936787756
753.0,1.4826238924,0.00016892565961479998,0.19850661334651262,3.931983604593052,62.13570999463626
754.0,1.7017927736000003,0.00020186311493279997,0.23491831463556534,4.178546510883358,62.37447405290023
755.0,1.3515114311,0.0001707744690597,0.2036368311638465,3.998999873857313,62.201767347702486
756.0,1.0935667016,0.0001636409211648,0.19173875673786966,3.5646071865708033,61.75762487964697
757.0,0.2169640599,0.0001334457552832,0.14914416486921145,2.2428441601114124,60.15118166299177
758.0,1.1485252767,0.0001665003539757,0.14951372835346713,2.18769954305443,60.075018861967585
759.0,1.8026526244000003,0.0002333282746597,0.20679650253586557,2.892049475207559,60.99099065108322
760.0,1.8362639095999995,0.00024007191975879998,0.24455614373126233,3.4392933569806567,61.62228065373523
761.0,1.0866770816,0.0001753246851028,0.19299493984796218,3.013026027473267,61.136350786011455
762.0,0.7087267224000002,0.00015756081839519997,0.1635739444729163,2.3510453129473747,60.29837081793291
763.0,2.0248667924,0.0001869778701933,0.17205763314324615,3.212240823671639,61.36845530056793
764.0,2.4938562324000006,0.00023799942937169997,0.25430874577251644,4.3992286987077485,62.5784682328123
765.0,1.1926300512,0.00016654431503879998,0.20266957167559962,3.9324737834384247,62.13619635228276
766.0,0.4668278148999998,0.00015735614635679999,0.18313253160138074,2.8762395949577297,60.971743718328995
767.0,2.2019004789,0.0002643722292877,0.26862068905392117,3.808720904336612,62.01189787566359
768.0,0.28189603509999994,0.00013284793810080001,0.1526126834245585,2.524153714374101,60.52774419369816
769.0,1.6151706813999995,0.0002116286612613,0.20187315883460724,2.918835443059968,61.023467088932755
770.0,0.8564643235,0.0001311787613652,0.13420440204566023,2.3720519108978046,60.326603693833675
771.0,3.3924656447999997,0.0003517246944277,0.3251385372337012,4.742691036867267,62.87862886998389
772.0,1.07208771,0.0001567970188032,0.19652396842470665,4.114030994072998,62.313124398315644
773.0,1.2017162191000001,0.0001679793929557,0.19906828595578555,3.7069066949631613,61.907330876930224
774.0,2.0854829397,0.000208858425,0.23727242490596304,4.295535631085323,62.48373290413224
775.0,2.0325500781,0.0002503321019988,0.30178320831799915,4.786856778555612,62.915755886555914
776.0,0.4967976084000001,0.0001459760966868,0.18362986681340154,3.5893893938255634,61.78399906914488
777.0,0.7368026949999997,0.00013174876272,0.14767695745424356,2.7778336025763535,60.85062721875956
778.0,1.8110119035999999,0.0002314401027325,0.23132323438363636,3.327529130536219,61.49874044052581
779.0,1.4250000799999998,0.0001759772951988,0.19097037417234053,3.297120686381425,61.464659535452476
780.0,1.5659769921999995,0.00022122440547999998,0.23911301184939007,3.503952801703357,61.692530457653454
781.0,1.9372489787999996,0.0002017410905652,0.22384399673342167,4.02641984001385,62.22854286666778
782.0,0.9299805492000002,0.00013546676931999998,0.15916300030345448,3.301948723934453,61.470084142387215
783.0,0.9096127178000004,0.00015445737315569999,0.16705387602402325,2.7788944127081505,60.851945016010745
784.0,2.0222881778,0.0002309827607568,0.2309081258816441,3.51952986799268,61.70932175162669
785.0,1.3675641235999998,0.0001671624334992,0.18582599294563365,3.449128931135209,61.63302400052518
786.0,0.9920188075999996,0.0001608660580557,0.1772956026910764,2.998644002421444,61.11924644173355
787.0,0.6260807906000001,0.0001424270525037,0.1475388340191935,2.267790219430997,60.18538023165156
788.0,0.44993041079999996,0.0001287319849152,0.11626877219108846,1.504875767114925,59.065240300597345
789.0,1.2021348851999996,0.00017462815904129998,0.12549728248981573,1.7873260069391395,59.49820344999984
790.0,2.4350678939999995,0.0002405490764925,0.19086789877568763,3.2014160538919807,61.35607193722822
791.0,2.058664328800001,0.00026777049058529994,0.2856920309065802,3.9475962273270446,62.15117772301556
792.0,1.2878186691000004,0.00016549625092679998,0.19290488274418727,3.647828388607065,61.84568596420591
793.0,0.28629153799999996,0.00014099137487729997,0.1591077442590482,2.3819627688009644,60.33988541521151
794.0,0.5242915784999997,0.0001604885463925,0.14867434786951372,1.6551337239579547,59.298311395942314
795.0,1.7207279264,0.0001910052675933,0.14506545703257082,2.396566082423324,60.359410725889376
796.0,0.8536740015,0.00015170016435330001,0.14097209316884116,1.961269198586138,59.75401532767351
797.0,0.5647785256000002,0.00013113173276999997,0.10957145327475204,1.3879156343282086,58.87942979833987
798.0,2.1419440433999997,0.00020559188393249998,0.14086459978384688,2.6594743039089073,60.701911222285545
799.0,0.5734200932999998,0.0001349174150133,0.1320512168966806,1.8561841216416801,59.600442248504685
800.0,2.0070564248000005,0.00020403560997,0.16536751686435305,2.7759713946991456,60.84831323608812
801.0,0.6994986529,0.00012942366489249998,0.12931697466464487,2.151588989469074,60.02472110391375
802.0,0.6763979981000001,0.0001475514636613,0.12962390228431422,1.6651922587559609,59.31368973804506
803.0,1.8686173646,0.0001924788009117,0.14669430948577972,2.512579120867671,60.51263923532967
804.0,0.4207290334999998,0.0001494550148352,0.14223899975163456,1.622571954409267,59.24833649612519
805.0,0.6417626211000003,0.0001462857527325,0.10983706534839198,1.2253287944546085,58.614637526426435
806.0,0.3749521535000002,0.0001410334836928,0.08969679476717421,0.748844545427277,57.79376436354425
807.0,0.5537044375,0.00012864876076529996,0.06081224794035067,0.6761622451425099,57.66250389461015
808.0,1.2441023521999997,0.0001947019243237,0.08665461093886397,1.3557029850099085,58.82757151427066
809.0,0.6318702723999997,0.00016418047401329993,0.11093192734405394,1.079884546990592,58.37124995131242
810.0,1.8129103662999997,0.00018408950197,0.10848306559169826,2.092062007436602,59.94106987161705
811.0,1.8887212998999998,0.0001792233505893,0.15510288507025594,2.878748847769134,60.97480237178505
812.0,2.1776109684,0.00024064966019730002,0.244616772539737,3.7579772751742855,61.96004487725891
813.0,0.4859434322999996,0.0001528126565325,0.174584553999825,2.721391819911455,60.780126705591584
814.0,0.21761502639999986,0.00013881448708,0.13738714270130883,1.550754052305531,59.13707188777772
815.0,3.8343900519,0.00029517668595970003,0.21588543673501268,4.4828405422153645,62.65344346351839
816.0,1.7125834053000002,0.0002169967511997,0.26602622112691926,4.599238207338682,62.755757607162366
817.0,0.9018737119,0.0001446209406925,0.17908984601261096,3.812736865808641,62.01597948591358
818.0,1.2089900942999998,0.0001570631944437,0.18050840320337497,3.463748159218758,61.64895436515663
819.0,0.4601707408000002,0.0001407652049088,0.15542236919751545,2.4302744160505645,60.40427683674617
820.0,1.1964634702999999,0.00016077147297280001,0.1504664079378606,2.3312421968174935,60.27165370698278
821.0,7.1649724491,0.0005349723335700001,0.4901439857271331,8.635693442567623,65.23313984944501
822.0,2.5751721032,0.0002485040152768,0.42456767705726395,9.085905444380511,65.43448900697985
823.0,0.027608700099999606,0.00013965842609969998,0.24807625371806702,6.775632901567284,64.29613873603235
824.0,1.8873837618999998,0.00019573028484479998,0.28687352782780196,6.719161624478814,64.26355484890253
825.0,1.8159254591999998,0.0001875789183168,0.27372432732130686,6.563490996976224,64.1720729800026
826.0,2.2611258555999996,0.00022773886307999997,0.3283620455963277,6.924132334485078,64.38035659122566
827.0,1.0807385047999993,0.00015430014596999999,0.2287891641195776,6.0650111127249255,63.86139671401352
828.0,2.0005192840999992,0.00020937026635680002,0.29066157106159357,6.2627040883441385,63.988000800021986
829.0,1.5429984841,0.0001774455328357,0.25004766317401916,5.886775242502301,63.74316686414197
830.0,0.2081770691,0.00013466592312929998,0.1844605207741391,4.258189002767718,62.44913020445105
831.0,1.6876741532000001,0.00016203937494129998,0.1946710551941971,4.308795660467175,62.49595689260666
832.0,2.1342006629,0.0002144458018452,0.25883567949334657,4.942594431369837,63.04409762816302
833.0,1.8354995840000004,0.00018428451855330002,0.23476954605227593,5.1565796592828725,63.21408495460167
834.0,3.2886280563999994,0.0002977619950357,0.3858070483619355,6.919735135692806,64.37789261067921
835.0,0.38272729010000006,0.00013370967569729998,0.1981901729900608,5.2849664411893675,63.31267001597693
836.0,1.3470026711999998,0.0001817759049172,0.23788186948882692,4.932603895203418,63.035983402781184
837.0,0.19331563829999965,0.00014020469573279999,0.17847082134735837,3.3918898629450784,61.57021144481086
838.0,1.8258532355,0.0001800217625488,0.19698726842962816,3.749565819702565,61.95139923056776
839.0,0.4511573126999999,0.00012848119349249997,0.1466511914104627,2.5882415926816296,60.61078528840604
840.0,0.7774403291999996,0.0001503905604757,0.14525170919539948,2.0954556589042834,59.945863621989396
841.0,0.4417008855000004,0.0001297797681168,0.11241143901922211,1.3445859315366013,58.80960553437282
842.0,3.9784074342999993,0.00029273297685570004,0.19682363376573522,4.515731008428467,62.68259556361788
843.0,2.5415528183000005,0.00022726621632,0.27941661593445305,5.480839894273595,63.458356759225964
844.0,0.43115965359999997,0.00012884374807169998,0.1711584303078261,4.113569001226185,62.3126822317718
845.0,1.2075802899,0.0001718159415348,0.20360577436998709,3.775312336149385,61.97781737717774
846.0,3.8365212231,0.0003236127675028,0.37041917388033196,6.230089367483704,63.96743168199836
847.0,0.7088867191999999,0.00013779386984319998,0.19369357254670796,4.960369872399464,63.05849489093865
848.0,1.2307464779,0.0001804147437573,0.23016711999476291,4.469551148283713,62.64161019712833
849.0,3.2329191439000002,0.0002858375830228,0.3500131024737556,6.170978583792148,63.92983580030956
850.0,0.9002188014999999,0.0001547610719632,0.21657394365790544,5.139286738113686,63.200613940619654
851.0,1.4102499298999995,0.0001598066139328,0.20678017490848763,4.878917052906538,62.99210216943282
852.0,2.0817598678,0.00019049919373319998,0.2414445292458522,5.281883317590326,63.31033171544024
853.0,1.6813252366000002,0.000192726057,0.2521518895801267,5.278339755296157,63.30764245382275
854.0,0.3791051531999998,0.0001353288965652,0.177008304968893,3.8173258069349814,62.02063947883036
855.0,1.3694761763000005,0.0001770143010477,0.2035377226505259,3.717957948120276,61.91878280198623
856.0,1.9871549025,0.00019196679108,0.21835133858624906,4.199666005541298,62.39438673000937
857.0,1.7417456931,0.0001775120453037,0.21209464015680082,4.377214249453227,62.55851895746389
858.0,2.4758867547999994,0.00023093467868679998,0.28047288172485646,5.371519625997569,63.37773783099465
859.0,0.8736428338,0.0001635142382925,0.21541120413791404,4.432760291071467,62.608686448224226
860.0,0.7415937423000001,0.0001568349677925,0.1914246619546003,3.5404005257813376,61.73173904972447
861.0,2.0103046270999996,0.00019986268829249999,0.222733442848414,4.118504246357207,62.317403582687305
862.0,2.0191856241000004,0.0002274787678413,0.2696962919728202,4.627482321782288,62.780228203709704
863.0,2.851548194500001,0.0002523060924813,0.31319213771986654,5.926026715821954,63.76954705826841
864.0,0.8938580533999998,0.0001571649216453,0.2159155446999502,4.960506341301965,63.0586052275766
865.0,0.5906889217,0.00015624524678369998,0.19933465701848943,3.850869559401144,62.05457452310935
866.0,1.9252397119999998,0.0002077127179188,0.23968999779398795,4.2668042275837195,62.45713530898831
867.0,0.27195401640000005,0.00012856818584519998,0.1545828163869245,2.8821680693792335,60.97896786684535
868.0,0.9280590415000001,0.0001352232928933,0.13752884128876033,2.469929986404298,60.4566967125243
869.0,1.2160125046,0.0001660475750592,0.15667984476403346,2.4702611759765887,60.45713286269484
870.0,1.6395736426999998,0.0001679495359533,0.1584851979502197,2.8415384681416067,60.929293843277435
871.0,0.6588050860000001,0.0001303546232628,0.1316962523512104,2.139470106238022,60.00776540431469
872.0,0.8229033815,0.0001335526605072,0.11697351043614033,1.8024693689382687,59.52079791594803
873.0,1.1824393459999998,0.0001645340938557,0.1311746891050606,1.9290898548906557,59.70730101050809
874.0,1.0176270422999996,0.00015635615496369999,0.1294638995069148,1.845148846573592,59.58414346716087
875.0,1.0658543856000002,0.0001589743483693,0.1284174778591878,1.8406763922318312,59.57752844265601
876.0,1.4524766238,0.0001693650026925,0.13662528406248717,2.236156510533823,60.14198655532479
877.0,0.9706609906000001,0.0001377782444013,0.12352841358347659,2.017157228648203,59.834494938457354
878.0,2.0079621603999995,0.0002117153098077,0.17964415377747162,2.9284141662771086,61.03504030848338
879.0,1.6150442915999998,0.0001639091125317,0.16794512605481582,3.1834488562920025,61.33546028852022
880.0,0.40798292310000006,0.0001391072553972,0.14804679975000867,2.1954472812429167,60.08576675689971
881.0,0.39819047829999965,0.0001382783791653,0.12278390637296802,1.3416170543893133,58.80480161379981
882.0,1.6914436415999998,0.0001935089848533,0.1299375588371766,2.178512272258769,60.06225397645663
883.0,0.44448101909999993,0.00012948613360529997,0.114506950662809,1.4346918030399198,58.95420670402479
884.0,0.6003574010999997,0.00015252044352,0.10657265506283813,1.0631117271129882,58.34278143447133
885.0,2.7136417816,0.0002513829239028,0.1467418285176337,3.06869819369307,61.202115996243755
886.0,0.9636271221999999,0.00013840544929480001,0.1448908007593564,2.6334734071421164,60.66879139917576
887.0,0.6016811579999999,0.0001536521472768,0.14966908663025488,1.896828412265978,59.6601905403601
888.0,1.0595950043999998,0.0001634720614032,0.13409843429480517,1.8661834077700763,59.61518261407672
889.0,0.4892400413,0.00014400592197,0.11706480891367801,1.2872174765362572,58.716329335052755
890.0,1.1704236384,0.00016165507608929998,0.10589723331749501,1.564913784786857,59.15912274337993
891.0,2.0483114607,0.0002162831787133,0.15902386951068587,2.6981529450423745,60.75087865465845
892.0,2.4170925991,0.0002417337832192,0.23826073949149726,3.9071105482882023,62.11096873575299
893.0,0.2739721384,0.0001439591060925,0.16710283269126702,2.634165239677419,60.66967476721767
894.0,2.3991695387,0.00023235783922769999,0.22636358497544207,3.7885064815249674,61.99130376336377
895.0,0.6704133003999999,0.0001303381918933,0.1494036049141186,2.8989297832412926,60.999348546347115
896.0,2.9262314323,0.0002646491968797,0.2698917259186081,4.520807652292094,62.68707817539755
897.0,2.8296341799999993,0.00026687508457570004,0.3282591739299624,5.868877908961636,63.731072850936116
898.0,1.6837239131000001,0.00017918951372369998,0.24511703885707578,5.812393389119465,63.69263177132258
899.0,0.9264978165,0.0001597003093248,0.21753077582530642,4.975753238370565,63.0709136871144
900.0,0.15617987399999977,0.0001312866681012,0.1676971760198778,3.3448610666647687,61.51807545441995
901.0,2.0098197139000007,0.00025681226493,0.27932241762277277,4.041368405693481,62.24307883960064
902.0,0.8959333374999998,0.0001296193744128,0.1525191122708828,3.3818930649582066,61.559169022036684
903.0,0.6039488678999998,0.0001501575315712,0.16409949360373613,2.506736717622376,60.5050023237961
904.0,2.7572184942,0.00030614330981249997,0.29102329623584766,4.13739062220113,62.33542869620703
905.0,0.9842105363,0.000144288297,0.17137847798135522,3.549738073603484,61.7417388938166
906.0,0.5858810039000002,0.0001290177011133,0.1439414293123044,2.6226284096452845,60.654928798707836
907.0,0.8842073237999997,0.00016562645986769998,0.161007571553771,2.1634963454557212,60.041343848090165
908.0,1.3345025339999999,0.0001623152270493,0.14301278257914823,2.34253252849976,60.28689802111246
909.0,0.6912143603,0.0001580627294373,0.1451787092021112,1.8356080135762474,59.57002549377729
910.0,0.3964663610999999,0.0001398249022453,0.11262153896774285,1.1054874705198547,58.414545253974765
911.0,1.6631805765000003,0.0002191321727232,0.13097714638935767,1.9914624095492148,59.79759654349482
912.0,0.31415140389999996,0.0001351615535973,0.11388792193198123,1.122354474326254,58.442962097191824
913.0,0.08268089519999977,0.0001309557885757,0.07899325843471829,0.38477664020530966,57.11969061602529
914.0,1.4825727714,0.0001900138053648,0.06200671897784064,1.4551428835132274,58.986704797083036
915.0,1.8181388832000005,0.0002054459608692,0.1447576163672816,2.343564855848836,60.288290275595344
916.0,0.7026485871000001,0.0001451603523933,0.13335826916632984,1.8216152861249504,59.549275447780765
917.0,1.6898067067999998,0.0001721292810228,0.13804742203079037,2.440964178331492,60.41844586650152
918.0,0.9251749135000003,0.0001362693842688,0.12781857180837658,2.0630885961711662,59.90002065862568
919.0,0.37983849550000004,0.0001293066644308,0.11106647209359277,1.2934280889585767,58.72647302724977
920.0,1.2502662376,0.0001889933007093,0.12416317558519371,1.6738778375989032,59.326946548329865
921.0,0.5475862931999997,0.0001381447221813,0.10559929667240113,1.1507926124271017,58.49068383077504
922.0,0.3030834011999999,0.0001284345212757,0.07865237434739736,0.63237266975631,57.58263211980992
923.0,0.5626121254999998,0.00016176465027329997,0.06924183593842707,0.6201382053952341,57.560209881050966
924.0,0.5225918115999999,0.0001339859582773,0.05670741749130682,0.58403346645017,57.493767727411374
925.0,2.896233284100001,0.0002180050957332,0.08914650187205897,2.960707880722043,61.07390186357233
926.0,0.7893742955999996,0.00014176011470129997,0.1459900900604631,2.3659845479481953,60.31846054552591
927.0,0.6069887287999998,0.0001321448443773,0.12199610118449201,1.7373571167424449,59.42320582145277
928.0,0.6611009826000003,0.00012982705777329998,0.10137267086603234,1.3571173323271806,58.82985466455874
929.0,1.7280553419000002,0.00024183489682079998,0.1635021740952642,2.2278553815998707,60.13055710125303
930.0,0.12480788849999991,0.00013706748637,0.12265155377531277,1.1213542554042202,58.44127930821368
931.0,0.9108054004000001,0.0001324387122432,0.0798447263395064,1.2310699266513216,58.624117788963254
932.0,0.8746294558000001,0.0001671772112053,0.10662333402754051,1.2796447306311691,58.70394581737043
933.0,1.6047473201,0.0001851037376317,0.120830312727327,2.0354367571950083,59.86063890198843
934.0,2.0184634475000003,0.0002290206408948,0.1952829673352983,2.948932203283983,61.05975917318913
935.0,0.8642987688999999,0.00013235360846279999,0.13605210553057126,2.394173636564334,60.35621557107039
936.0,1.5650474271999997,0.0001897532316052,0.17624429968851626,2.7161697844251362,60.77356559100441
937.0,3.8061404991999996,0.00027492267369329997,0.2718442934722065,5.343828099397282,63.35704064276005
938.0,0.9590531688000001,0.0001432927706157,0.1883715136035979,4.584439356431953,62.742880785737626
939.0,0.8049124257999996,0.0001658149425088,0.20507573298825102,3.7426105471318634,61.9442394646975
940.0,1.3880577824000002,0.0001721920842132,0.1963935055179524,3.655700018708864,61.85394103253561
941.0,5.9094078559,0.00036885833545569996,0.41662774718902956,8.235451719684836,65.04870071934113
942.0,0.05794099990000001,0.00013373781623249998,0.2207891355785615,5.969336057318511,63.79842742287168
943.0,1.0034047272,0.00016616416191999998,0.22902402297705557,5.0934353536621835,63.16467205087061
944.0,0.5951621004000001,0.0001499918433757,0.19338399765506403,4.008327226871784,62.21089183628923
945.0,0.3909232399999998,0.00013882213936530001,0.1628107923333361,2.8283991006845257,60.91314679650726
946.0,1.0964020188999997,0.0001632055301917,0.16452513151276354,2.582826465905071,60.60380750791985
947.0,1.7142299886000005,0.00020444906613,0.1972592496823441,3.0806544246898175,61.21614796370244
948.0,0.3923410677999999,0.0001454137981677,0.1524958957000141,2.052973743382169,59.88563833906477
949.0,1.3463183384000001,0.0001814469304413,0.15543825939069708,2.260998484406378,60.17608515887527
950.0,1.1403084300000002,0.0001619018716773,0.1459986219127219,2.1605104887664366,60.03717901561255
951.0,2.0410433042000005,0.0001995419801293,0.17568363273041174,3.0771712431138636,61.21206340441096
952.0,0.1912371007,0.00013229342012999998,0.13866549397003802,1.8775075750043366,59.63184360913756
953.0,1.6113064659999994,0.0002181174863397,0.17790982688029788,2.456596861230862,60.439115485826726
954.0,0.15238366359999977,0.0001454921648125,0.1369101927484282,1.3480646377513348,58.815231189287935
955.0,1.4176713428999999,0.0001806718391508,0.12166468102079242,1.8660531214037042,59.6149907262866
956.0,1.3037258357,0.00017192548210929998,0.13975564395333157,2.1281263029945134,59.991859648846756
957.0,0.5863503797,0.0001531084196253,0.13372168741284554,1.503875862673664,59.0636681718418
958.0,2.0756205488999995,0.0001813259858112,0.13025996201530773,2.6106399388540282,60.63957139535015
959.0,2.0219292594000002,0.00024638010777479997,0.2389718039151185,3.3682076329357833,61.54401717474182
960.0,0.4434702214999997,0.00013813732357,0.15069890764063223,2.3636508552523123,60.31532598036779
961.0,0.3875536450999999,0.00013012172103329998,0.12006758882112387,1.4974433157871152,59.053547687943194
962.0,2.0749719238999997,0.0001898648384272,0.13605174958541838,2.6187760447542807,60.649997663447415
963.0,3.5390621730999996,0.0002847967238013,0.27665517457410926,4.991324615954241,63.083445657229134
964.0,0.43891454139999997,0.00013784369036999998,0.17629144182990805,3.6482656684589316,61.84614488008195
965.0,1.1170234943000001,0.0001527306593172,0.17236404846353895,3.279965009172612,61.445342767367315
966.0,1.7470090855000002,0.0002241285653428,0.24169937297436694,3.663647255181843,61.862262426966495
967.0,0.6246293011000001,0.0001337643684933,0.15122422414808873,2.758298024834134,60.82631134662507
968.0,3.7731677171999998,0.00033358871312530003,0.33229895251493474,5.321827622806213,63.340516547583135
969.0,0.6898097968,0.00013870119479879997,0.18202768427795235,4.281416420541726,62.47068131468824
970.0,1.9658964691000005,0.0002085606006228,0.25109981778402946,4.745808533305645,62.881260263237905
971.0,0.4490414943000003,0.0001559934834432,0.19556737063503185,3.5030897860019965,61.69159867080269
972.0,1.7216160566999998,0.00019886287109249998,0.22062737060719811,3.7940716977075115,61.99698171705607
973.0,3.3172837308000007,0.00027166499117969997,0.3115905837068088,5.713472944486867,63.62429975595962
974.0,2.1450054632000004,0.0001964724732948,0.26563241494214157,6.09089446785417,63.87823853600365
975.0,0.5557464648999999,0.0001314777398208,0.18288248977331006,4.737450450375466,62.874201747847465
976.0,1.1630155662,0.00016096078125,0.20165500749866747,4.240302798101572,62.4324667575478
977.0,1.9124500124,0.0001818452923572,0.218102194998422,4.591245352301696,62.7488075611514
978.0,1.6487509475000004,0.0001935281398452,0.23949007057964694,4.617777623084912,62.771835631492365
979.0,0.18900529480000006,0.00012847357650129997,0.1593452555068189,3.104554444816568,61.24410039635946
980.0,0.3936169785000003,0.00015097293413249998,0.15887930543318216,2.068778776159913,59.908099757780974
981.0,0.6353151228000005,0.00014529806502279997,0.12498780044086195,1.513845166186676,59.079330128158006
982.0,3.0276799366000002,0.0002378752006452,0.1715460056485857,3.6014814216420126,61.796821349953625
983.0,0.1679100415999999,0.0001320999170832,0.14827953098447752,2.1798747289337355,60.0641483606149
984.0,2.1138141536,0.0002727182940928,0.24124962711517456,3.2261707030588265,61.38435264200547
985.0,1.9337540208,0.0002102054712117,0.2250406497271476,3.758467279137008,61.960548081699045
986.0,2.0410938851,0.0002050921512813,0.2343251059455299,4.283971344527991,62.47304576999004
987.0,0.7469107799999999,0.00015359256314129998,0.1849637445665377,3.4232034465519523,61.60466112512361
988.0,0.3898134190999998,0.0001372840768272,0.15081689517200328,2.32688934381476,60.26576785173023
989.0,2.6705731118999996,0.00025843145324999997,0.23654781779374542,3.873571809048274,62.07741419431134
990.0,0.6651016355000001,0.00013287792954119998,0.15370157477988744,2.8996464263421147,61.000218459397516
991.0,1.5674922127,0.0001822799855997,0.18591227208032143,3.163130228533028,61.312064489067
992.0,1.0803826357,0.0001568602812117,0.16646492060066664,2.8093169272399425,60.88962430709788
993.0,2.056724472,0.0002230169423092,0.2241012857807156,3.583630849205389,61.77788204405827
994.0,0.23300051679999978,0.00013909174506879996,0.15580264103128605,2.3196517174082922,60.25597065854617
995.0,0.6022803145000002,0.0001345714245277,0.1229780662912066,1.6930817556846143,59.356183808403216
996.0,1.6442782975999997,0.0001791725995188,0.13785909699292748,2.3463193071064556,60.29200376872287
997.0,0.44396287349999985,0.0001452770906037,0.13354620214343949,1.5104867906122275,59.07405717969952
998.0,1.7025731744000003,0.0002386216299792,0.17186070230137354,2.292229732825903,60.21873070367811
999.0,1.3210035723,0.00016238436623879998,0.14748351197977302,2.4392936542233863,60.41623349976581
1000.0,2.037483386,0.0002344254050932,0.2198112528887421,3.3239857692067405,61.49477952295552
1001.0,0.21574898139999998,0.00013038488056319998,0.14142792277722055,2.007639594500102,59.820847688330154
1002.0,3.028085066800001,0.0002295452030208,0.19427207417693243,3.976621552700589,62.17980677379416
1003.0,0.5781445511999999,0.0001536163883397,0.17958712200336552,2.9632579359405167,61.076960290271984
1004.0,2.4300245671000003,0.0002583502528437,0.2661649037670479,4.12471703731752,62.3233405281515
1005.0,0.21397025409999992,0.00012950857508129998,0.15363613232457796,2.7500170895276517,60.81597675046012
1006.0,1.9585768604,0.0002070376587828,0.20594068790709694,3.4431850896034626,61.626534043845666
1007.0,1.9048512426000004,0.00023579869396679997,0.2596895668545026,3.9609068132381537,62.16432703576724
1008.0,0.7967690031000001,0.00014831686707719998,0.17311525545741552,3.2214959434029873,61.379022407400996
1009.0,1.2307874983000002,0.00016160035664369998,0.1728943514598283,3.041519191228465,61.17009775110855
1010.0,1.5377278984,0.0002229938525517,0.23250102711047416,3.200536084378741,61.35506412312419
1011.0,0.9621849040000003,0.0001370664283413,0.14622227123931708,2.6776596891428666,60.72497882834964
1012.0,0.7525240126999999,0.00015205656688,0.14931976453804363,2.0592910461145633,59.89462406030437
1013.0,1.2448556246999996,0.0001686692157453,0.1447323492455889,2.151453306549266,60.0245314784573
1014.0,0.6869056564,0.0001493788774893,0.13122488123887271,1.6358808510557898,59.26879805957877
1015.0,1.7006696370999999,0.00020843313072,0.1572390143547959,2.3805261706459113,60.33796173039002
1016.0,1.8760090490999999,0.0001961790179613,0.18168145916462838,3.0234584319585633,61.148728299826494
1017.0,2.0001182095,0.0002003249704192,0.20829905632230516,3.683496020235032,61.88298890150996
1018.0,1.6704724619000002,0.00022149906421119997,0.2509732117920044,3.953205547101102,62.156723309178105
1019.0,1.7014319409,0.00018750590052000001,0.21868492733866862,4.098991643357892,62.29870958371828
1020.0,1.5172564083999998,0.0002033558721717,0.24064047360920607,4.040398284799868,62.24213680321036
1021.0,0.20889727109999967,0.0001461855677325,0.17199549917850296,2.5978083639968066,60.623095317608275
1022.0,0.790680064,0.00013633599974279998,0.1319167999253904,2.0911667087074925,59.93980470413296
1023.0,7.345656756799999,0.0005099495109693,0.44121730991595515,8.561974060489973,65.19962642054901
1024.0,2.0844441404,0.00019886287109249998,0.3376063546763025,8.424986690120635,65.13683358750622
1025.0,0.15067992410000008,0.0001291952328333,0.2167684879077344,6.349581283737761,64.04219641700861
1026.0,1.6828830833000001,0.00019023759400319998,0.2698465604636374,6.1078417907792995,63.889221787497185
1027.0,1.6361010656000001,0.00020382930468,0.28388439669586035,5.882701816913157,63.74041789452126
1028.0,2.1257062783000005,0.0001889563521093,0.2587462793127875,6.196468853949748,63.9460985815554
1029.0,1.0140798047000001,0.0001716596945808,0.24068517304857334,5.334966594850049,63.35039355205731
1030.0,2.8045710375000006,0.0002951460282612,0.3877327759708348,6.561702523554886,64.17100745439895
1031.0,1.8721278292,0.0001895488826373,0.2732608391561023,6.5480532302809715,64.1628644994987
1032.0,0.7375412075000001,0.0001655685610413,0.23843999534982,5.300746795050612,63.324615926764196
1033.0,0.8426334680000003,0.0001636691039188,0.21444686714984104,4.404006229073661,62.582786031640886
1034.0,1.3259029178999997,0.00017328253789169998,0.21095940480069772,4.154103352523771,62.35132292874961
1035.0,0.8296913295000001,0.0001538672336148,0.18304908003073858,3.416509078386764,61.59731400617821
1036.0,2.0649284913000003,0.0001862534421693,0.2044415219194135,4.03821455786744,62.24001563004444
1037.0,1.4925398113,0.0001933367167632,0.2274222041258757,4.005872687078801,62.208492318209956
1038.0,2.1295345615,0.0002560332946453,0.30020233069648056,4.713635654879867,62.8540252069006
1039.0,0.20741349779999974,0.0001396254211728,0.17457948265861203,3.2529513541011594,61.414795296733644
1040.0,0.5169615215999999,0.00014130464872319997,0.15182981504986223,2.298708199423255,60.22754586422127
1041.0,1.959649261,0.0002529146261248,0.23004316963165083,3.1590233782259585,61.30732447748619
1042.0,1.2891700047000003,0.0001855873613428,0.19683673197018112,3.0543891296537375,61.18528011106137
1043.0,0.1517298348999998,0.0001298727421108,0.13567013850482884,1.8013452591892858,59.519122837720225
1044.0,1.6086041395000006,0.000231560625,0.18454671837083408,2.3668502421081,60.31962297913553
1045.0,1.7727876697000005,0.00022074472934530001,0.20382971860863766,2.954182962848683,61.06606933249735
1046.0,0.9215044000000001,0.0001328929633125,0.13671894736814183,2.476885304150864,60.465850607955915
1047.0,0.9661485299999999,0.0001332561670288,0.12591635066776713,2.158682496189365,60.03462809710501
1048.0,0.1733070135000001,0.0001583477500237,0.13935212383415346,1.1425864828645727,58.476937620890865
1049.0,0.5964349659999999,0.00014234722321919998,0.08679651938829755,0.9233693105854661,58.10233671627657
1050.0,1.7220328538,0.0002157720812532,0.11565694561771372,1.9789303431215481,59.77953692088617
1051.0,3.7212288652000005,0.00027967341713249996,0.23484205691060508,4.693762272919898,62.83711444931164
1052.0,1.4957778641000004,0.00019360478799879997,0.24167066754609173,4.59531632056626,62.75234878445911
1053.0,0.5926352038999997,0.00015004867622129997,0.185749041398206,3.573640476940259,61.76725332646532
1054.0,2.0227197266999997,0.0001852110319957,0.20721959736267362,4.092407052791739,62.29238485587214
1055.0,0.9734641166,0.00014476455924999999,0.17119679928721684,3.4739057348482456,61.659996130495955
1056.0,1.2260061083000005,0.0001707899204112,0.1888090265291646,3.179207894637946,61.3305846530067
1057.0,1.9748689866999998,0.0001954773126357,0.2079159826258358,3.8078010446325328,62.01096252307506
1058.0,1.1029446951000001,0.0001789192246773,0.20551801833255284,3.3394931838733504,61.51209417620512
1059.0,0.14467110809999983,0.0001297746755373,0.14105129364103475,2.0124907131080363,59.827806646774015
1060.0,0.9646560064999998,0.00012905464868529998,0.10936714391363186,1.7897225281475697,59.50178329202308
1061.0,5.3989072255,0.00038552005602719995,0.30612897457569965,6.299343100534632,64.01096169447095
1062.0,0.8486804266000001,0.00013839045758879998,0.19555551667722584,5.2642764506601605,63.29695106412533
1063.0,0.6798125423000001,0.0001445446034397,0.1888572168303056,4.154705801760677,62.35189488737754
1064.0,1.8833156495,0.0002082421161213,0.24775076535824342,4.489240195552324,62.659130722400164
1065.0,1.3663627440000004,0.0001875971798125,0.23011277886170078,4.268888939227326,62.459070320526195
1066.0,0.7006157092,0.0001312420975252,0.1578282255552905,3.303724273978616,61.472077804105716
1067.0,0.8503622763000003,0.0001729333997925,0.18708061086852854,2.6700343302453273,60.715315982099604
1068.0,0.41429161879999965,0.0001424270525037,0.13967011962179937,1.7325217718046628,59.41591239689293
1069.0,0.6905128806999996,0.000163023753,0.12709206025326097,1.4021312847095462,58.90222096617944
1070.0,0.33863921439999967,0.00012933805218719998,0.08915513769725365,0.8020215644885724,57.888769133466965
1071.0,1.1186913424,0.0001687445558548,0.08309674651712308,1.248284520794976,58.65248660981688
1072.0,0.6081455129000002,0.00016050199090079998,0.10322351181215074,1.011919560176121,58.255376170562776
1073.0,0.5615377095,0.0001555589332677,0.08813242674065323,0.8094701323603477,57.902007406683055
1074.0,0.1995585995,0.00013664606128,0.06766362824709726,0.347011339473454,57.04736629020521
1075.0,2.1010660076,0.0002262303620368,0.07012432269579301,2.057779968187372,59.892475656895456
1076.0,2.3592785535999994,0.0002340102627693,0.20072080189777533,3.332559835947798,61.504359279350474
1077.0,0.790337246,0.0001727751516325,0.18761867987764297,2.6783675882949125,60.72587516822176
1078.0,0.6021512009999999,0.00012915801233279997,0.12684961202457237,1.9258091346846675,59.70252295422649
1079.0,4.500767219800001,0.00034138105918920007,0.2824001752562479,5.454418210652211,63.43902978716706
1080.0,2.0331273533,0.0001914191432973,0.25377397373002936,5.788902726404435,63.67652227700502
1081.0,2.9867770480000004,0.0003065233278117,0.4167835240191342,7.195921333342209,64.52930922216811
1082.0,0.8551690602999997,0.0001477179380325,0.22379457328143929,6.008985306246407,63.824660569496736
1083.0,1.1685483236,0.00016105564255569998,0.22264647997764767,5.326833456162064,63.34428261071393
1084.0,3.7764724767000004,0.00034731185051520004,0.4559780078736573,7.642453439792999,64.76108333221211
1085.0,1.626388726,0.00020548763907999999,0.32280263290915473,7.159485009916349,64.509710652239
1086.0,1.9571445575000004,0.0001732348478208,0.26169080603851214,7.092264317073655,64.47325963931016
1087.0,3.7953821136000006,0.0003188326783773,0.47906447698243887,9.160889648892567,65.46760700573044
1088.0,1.7416173095,0.00020282248304529998,0.36262051035161985,8.545889001625447,65.19228915107469
1089.0,0.9787943370000001,0.0001591188584592,0.26976014761783734,7.174583296228613,64.51784523964065
1090.0,1.7588727830000002,0.0001826115306388,0.2761877559386417,6.997488922950848,64.42120137988557
1091.0,1.9009297151999998,0.0001783472562637,0.2659754646340534,6.8631840296404985,64.34604381132483
1092.0,1.0768534416,0.00016492030675079999,0.243371808272961,5.962219704719419,63.7936982021411
1093.0,0.3236326262,0.00012845609151999996,0.17695620069450016,4.406705811878744,62.585224021149486
1094.0,3.5439583695000003,0.00033779296979080003,0.4113384767651371,6.548566116990828,64.16317083402588
1095.0,1.2070541783999995,0.0001634299098813,0.23536932423046816,5.8288508261090595,63.703874908045684
1096.0,1.6733443919999993,0.0001760264227557,0.24006603881790112,5.725385574719342,63.63259774688457
1097.0,1.7802237945999995,0.0002090928174253,0.2829491620530971,5.733543557219436,63.63826938235793
1098.0,0.6571638594999999,0.00014621711197569998,0.19798600026494104,4.601429920686135,62.757661437664176
1099.0,3.3019857904000007,0.00026423385118919996,0.3272724293521785,6.411037830483803,64.08002107634894
1100.0,2.9773029698,0.00023481687139079998,0.3346424698607239,7.5833584853277225,64.7312462092485
1101.0,0.41128658289999986,0.0001288211742912,0.20138605816590002,5.789113644601768,63.676667244059495
1102.0,1.1168110091999996,0.00017754531844929998,0.24141437794230308,5.091108370401191,63.162839259060036
1103.0,0.5654934319999998,0.0001299503087808,0.1675138614867463,3.8559119278414107,62.0596562787694
1104.0,1.7550457804999997,0.00016460545973919998,0.19004763930557847,4.034527391038699,62.23643199573256
1105.0,1.9018827263000002,0.00020172076303569999,0.23719752927742432,4.454157022637659,62.62786354630575
1106.0,2.0475671554000003,0.00021813997291679997,0.26675452162317487,4.9005144363577156,63.0098112847274
1107.0,0.6081759917999996,0.0001533075401637,0.19464626896436427,3.7758296782508776,61.97834684008352
1108.0,0.8593937815000001,0.0001517804055808,0.17374325347107694,3.1245824164741642,61.26742505286869
1109.0,1.5231294719999995,0.0001600865217925,0.16895835175331514,3.2090523818243892,61.36481047505819
1110.0,1.2039802502999999,0.00016502077143330001,0.17625152677805167,2.9406401512912086,61.04978114085203
1111.0,1.8256493318999998,0.0002024543298157,0.20784062681009471,3.4024941505872466,61.581901367460766
1112.0,2.1334862686,0.0002022909992925,0.22165304042795003,4.1559760617571655,62.35310063355658
1113.0,0.9352835018999999,0.0001661933368212,0.19774832250109806,3.5376184980977277,61.728756154348204
1114.0,0.15707904350000002,0.00013203133060479998,0.1470911342444601,2.128002409392951,59.99168574671785
1115.0,1.5458575350000001,0.0001757320379253,0.1534759084921633,2.539063104908447,60.54715259476696
1116.0,3.2949863992,0.0002794107396288,0.2673131383627885,4.685915758520487,62.83041917878315
1117.0,0.2570938839000001,0.000136242817,0.16995583660980765,3.215280159962668,61.37192757982378
1118.0,0.7932331226000002,0.0001506248323828,0.1610140817632021,2.5916308686428557,60.615148981490464
1119.0,1.9227973229999997,0.0001948953486117,0.18835715328583047,3.248421696087366,61.409657369470295
1120.0,1.5746611939,0.00021108812958879999,0.22667203681218556,3.4292172152185945,61.611253090448535
1121.0,0.8360078010999996,0.0001298865990292,0.14279769211197207,2.7286857233602895,60.789280074568445
1122.0,5.0092238641,0.00040561805437,0.4019644619035635,6.658136668981272,64.22798701383343
1123.0,0.6539279509,0.0001287586164112,0.18700635136778876,5.339661235611979,63.35391648513952
1124.0,1.6885477013999997,0.0002006474373888,0.26368516549917936,5.309370810299185,63.33112873346438
1125.0,3.9934938786,0.0003052266086388,0.40018760990064817,7.678233899259269,64.7790344519436
1126.0,0.7159502173000001,0.00013110507560319998,0.20656265279259126,6.312263144566856,64.01902181987192
1127.0,0.26125133999999983,0.00012843063394719998,0.18165957107379108,4.637483611146212,62.78886028393096
1128.0,3.1080722775,0.00026484324190079997,0.32903339612953936,6.217291474301292,63.959326668558774
1129.0,1.1607689641999994,0.00016862404550280002,0.23680142805732315,5.472085026568335,63.451963793131185
1130.0,0.5257723991000001,0.0001396095387892,0.18533644730763138,4.189962815043647,62.38524839412001
1131.0,1.6810257121999999,0.0001880913056272,0.22452889646157564,4.313819071488277,62.50057938240345
1132.0,0.18786450929999998,0.00012855291754929998,0.15523444275343623,2.806995022406408,60.886756254534696
1133.0,0.3691610974999997,0.0001285519632253,0.1291263874901,1.776632801139188,59.48221130163194
1134.0,1.6424671647999998,0.00018601897406919998,0.1471007673244739,2.389846572840953,60.350433060879574
1135.0,1.100298058,0.0001762067741632,0.1635112472576966,2.248549850687609,60.15901760308188
1136.0,1.3553754359,0.00016406484628679998,0.1475227896914359,2.4204823248108935,60.39127268317034
1137.0,1.0870559568,0.0001624535758933,0.1517296412512611,2.2131520317062696,60.1102694018535
1138.0,1.9023494611,0.00022892541253,0.20413641853134956,2.939406493748857,61.048295292246465
1139.0,1.8351882248,0.0002042215257213,0.20961408546386398,3.4614206883605165,61.64642120188048
1140.0,0.6382971183999999,0.0001300004734093,0.14349558774197352,2.5557059120511196,60.568753114852285
1141.0,0.7659661543999996,0.00015801105407969998,0.15166069857274678,1.9913122420554736,59.79738038700266
1142.0,0.4804474287999998,0.00013899891986079998,0.11711648278727166,1.347433964314596,58.81421154146681
1143.0,1.4528278832000003,0.00017103752536479997,0.11514482277840087,1.8835633545352777,59.64073922290083
1144.0,1.2647922139999994,0.0001667792024692,0.1362791061376706,2.0656110707586763,59.9036031940329
1145.0,0.19700871469999992,0.00013663925739329998,0.11744218129934007,1.0562872546389017,58.33117437614514
1146.0,0.7611710815999997,0.00013429225809249998,0.0780865036701821,1.039331416848106,58.30227601854915
1147.0,1.6849559726000005,0.0002086031131392,0.12011316921201283,1.9894633226260114,59.794718497420234
1148.0,0.5210103616000001,0.0001292074228992,0.10881118761995705,1.3179207961097426,58.76636812401061
1149.0,2.0936350815000004,0.0002132826953325,0.14170076421413094,2.5449542704343195,60.554806431439815
1150.0,0.2461256678999999,0.0001538073958053,0.1473175507373725,1.4546661434567467,58.98594857473521
1151.0,0.2635356001,0.0001301625712917,0.09169508956441205,0.7591585573724225,57.81225896057048
1152.0,1.8473031734999998,0.0001899206798893,0.09050862166275696,1.980494092004907,59.781792665920804
1153.0,0.16869398899999988,0.0001386240959925,0.11645315100178763,1.0395379658001924,58.30262856053905
1154.0,0.6693095631000001,0.0001502129018997,0.08650263397679467,0.9314400053357494,58.11638268186717
1155.0,2.0671822608999997,0.00019223202116679997,0.10358251745874983,2.2890584421707048,60.21441168941801
1156.0,1.1788936823999996,0.0001729809292032,0.15699476221388264,2.234555018546006,60.139782905053714
1157.0,0.40641257399999997,0.0001428656838388,0.12804155999452865,1.4089705749839563,58.91316550874781
1158.0,0.9146387814999999,0.0001361304092277,0.09410808427286625,1.3913750459356256,58.88498138680197
1159.0,3.443783012500001,0.0002927025446452,0.2008462835237028,3.9898062263492813,62.19275711822067
1160.0,1.2336660491999996,0.00017732924453279998,0.20758524678844703,3.7314014083757474,61.93268007251965
1161.0,1.0779831943000002,0.0001658585061493,0.1889359658067892,3.2726491667834665,61.43708572898643
1162.0,0.2950567702,0.00013900663979250002,0.14975747798581573,2.067159895017324,59.9058020809749
1163.0,3.7046169238999997,0.0003019898997957,0.2596669901413191,4.711268782828126,62.85201468981127
1164.0,0.4832802638999998,0.0001402454657133,0.1753201473597387,3.55000468792916,61.74202414973616
1165.0,6.585131238900001,0.0004137807748125,0.4616582259162759,8.909890567854584,65.35635140713359
1166.0,2.3835756655999996,0.0002264653043028,0.3961892309630703,9.138881131034823,65.4578955292147
1167.0,1.6184688415000004,0.0002241982574053,0.4000750648894546,8.524292523367226,65.18242328505829
1168.0,1.0464211551,0.00016625172044679997,0.2813300277144573,7.326732712999006,64.59877755168097
1169.0,2.1263012463000006,0.00022017530702279998,0.3370898317010785,7.431603471976168,64.65349993142044
1170.0,0.19686024339999975,0.0001284850839093,0.19838803426397064,5.489074958489271,63.464360180981146
1171.0,0.3830014196000002,0.00014266791019679998,0.18964139940470728,4.073000719153815,62.27369619245265
1172.0,1.1612599331999998,0.00017630529140679998,0.20810109655015338,3.7097914873991473,61.910322666081036
1173.0,1.5402282036000008,0.0001980284701797,0.22504151451616422,3.7347221267637094,61.93610721815078
1174.0,1.6243374202999998,0.00019198571776529998,0.2187787571300399,3.837439810366347,62.041015122840534
1175.0,0.7344446478999997,0.0001651645319893,0.19032033835369516,2.983473957808853,61.10115355058804
1176.0,0.7877359164,0.0001360188160308,0.14057275987042314,2.3302915791640277,60.270368705941365
1177.0,0.3734727003999998,0.0001289963444992,0.11816215307376701,1.4140695433998771,58.921316446736334
1178.0,1.5382174308000005,0.0002065542427933,0.14309834236306254,2.0280529702403225,59.850088955926346
1179.0,1.4441000148,0.0002025565029972,0.17237689911469992,2.3775256384557015,60.33394218188189
1180.0,0.2813770359000003,0.0001405493536212,0.13007887462874607,1.3839322392908049,58.87303310294684
1181.0,5.3131436464,0.0004029759215036999,0.27563489018195386,5.952824947656171,63.787445094625205
1182.0,0.6989593939999996,0.0001546515374533,0.21289147799980643,4.7860084630141415,62.9150458415271
1183.0,0.40062654389999985,0.0001287347958573,0.16192996331068507,3.4946150999776004,61.68244028829154
1184.0,2.069407331,0.00024834796477,0.27524507441587903,4.209022276624737,62.40318164509837
1185.0,0.5889474934999999,0.0001285438337013,0.15372204257913247,3.207145835471054,61.36262995435031
1186.0,1.7124061618999997,0.00019119322379729998,0.20415139959749087,3.4761828491429285,61.66246845069517
1187.0,0.5794071263,0.00013995349463249998,0.15476242156195824,2.5002799226359547,60.49655252840838
1188.0,2.3780650339000005,0.00024814005526919996,0.23558060248739524,3.679939567672074,61.87928113769912
1189.0,2.0932317534,0.00021753382466370002,0.24638156326679087,4.309664189495631,62.496756434730585
1190.0,2.0683570855000006,0.00022585504068,0.27262827957792507,4.833440062796275,62.954562705041425
1191.0,0.3881375230999997,0.00013773474059249998,0.17392511237995179,3.46701153099636,61.65250419816599
1192.0,1.5767175332,0.0002038086896533,0.22512067971116254,3.666396232346028,61.8651377979229
1193.0,3.6044392408000006,0.00033168870683249993,0.37509997115539,5.912597515326697,63.760543673181026
1194.0,0.4533772562999996,0.00014025362816519996,0.1924879624136011,4.555817187546953,62.717867854321426
1195.0,5.298933015600001,0.00039897786348930004,0.49223471432982874,8.497744106839878,65.17027192502015
1196.0,0.11316600450000003,0.0001334731843188,0.22534794703104166,6.380119011798008,64.06104396938305
1197.0,2.2028768547000004,0.0002398963816653,0.34107734917157445,6.8464874092628545,64.33658309053011
1198.0,1.1978628416000001,0.0001767663801972,0.2605129629978201,6.069145567189203,63.86409240555471
1199.0,0.6974633798999998,0.0001533075401637,0.21289793012972608,4.856441902481451,62.97359230131457
1200.0,1.6533562033000004,0.0002057170707693,0.26025712608279766,4.900228215349425,63.00957709062543
1201.0,1.1616802979999998,0.0001742255978388,0.22119968197427872,4.439333004073525,62.61458603815803
1202.0,0.9667689625999998,0.00013051252246529997,0.1593896055701766,3.764268786855647,61.96650218214337
1203.0,3.0806498761,0.0002925504258717,0.3344613434965747,5.520433244540223,63.48713243809829
1204.0,1.5021731635000002,0.0001902562613773,0.2535012686736918,5.288604271640232,63.31542719056088
1205.0,1.1317764192000004,0.0001828739954653,0.23938600493223658,4.677061176275846,62.82285115179445
1206.0,0.8734125225999998,0.00013786555642769999,0.17185242928942265,3.889718136901142,62.093595938692914
1207.0,1.8056716291,0.0002020667143668,0.23412827459945762,4.231565661805617,62.424305317771854
1208.0,1.1961498296,0.00018198420252999998,0.2180907394648877,3.9041270758208144,62.107992877285696
1209.0,0.2526551855000001,0.00013251032966369997,0.15376588297410373,2.514731259223338,60.51545029069614
1210.0,1.8507710830999997,0.00019240281794770001,0.1831914928052622,3.1085704225350446,61.24878465995011
1211.0,2.1870151603999997,0.0002421638274813,0.25499429874438523,3.921315707033626,62.12511355127004
1212.0,1.8668946627,0.0002324546798317,0.2702222209248872,4.339181431713379,62.52384702861736
1213.0,0.5394216546000001,0.0001291339158672,0.15629672936221792,3.245102824998981,61.40588994996553
1214.0,1.473149012,0.0001817585651037,0.19508928549953414,3.2573910532521606,61.419826799051556
1215.0,0.4208872107000001,0.0001474167345408,0.15849225512326787,2.273407558863614,60.19305916780516
1216.0,1.0988059031999997,0.0001696388906637,0.1534129775132815,2.152579477832105,60.026105229732025
1217.0,0.24198682719999987,0.0001286454467328,0.11304265094798654,1.232822997548478,58.627010703313665
1218.0,0.6796807302000002,0.00013935029686919998,0.08895175816688106,1.017840609775221,58.26552565263019
1219.0,3.0646336648999988,0.0002476210707252,0.14078703680607882,3.356462333260591,61.530981054268096
1220.0,0.9899939824999997,0.0001491296843412,0.16244498611102356,2.923326709038987,61.02889618098908
1221.0,0.8780237420999999,0.00013535386286919998,0.1385747989720265,2.4522479368687717,60.43337140606222
1222.0,2.2118911503000005,0.0002391456398733,0.22483831203752253,3.4835445615470793,61.67045370990351
1223.0,2.0712984006,0.0002355282431917,0.2606849492298382,4.143400199954394,62.34115004151145
1224.0,0.7722532728,0.00015951471032519998,0.18957308229953232,3.3474913609624517,61.521004032439926
1225.0,1.6641617136,0.0001907426024325,0.2075323944973294,3.6332238971303794,61.83033616169991
1226.0,2.0824828564,0.0002235719420692,0.25187763471113106,4.24355770246598,62.435503565623584
1227.0,0.6253901587999998,0.00014444137481249997,0.17329315287843547,3.191570977129802,61.3447867325086
1228.0,5.158180716,0.0003774752534253,0.402188709004491,7.1010749879286,64.47805929936985
1229.0,2.9385644620000004,0.0002697392536333,0.4055823462496908,8.187109851268238,65.02596408806184
1230.0,0.6129280983,0.00017746467774369998,0.29177765772301006,6.6579655062600285,64.22788672529089
1231.0,1.0947827216000001,0.0001712237026048,0.24867847883560215,5.756943766989445,63.65448847680745
1232.0,2.5976739846,0.0002549894513812,0.3458789090238507,6.676972861207583,64.23900547994953
1233.0,2.1493552511,0.0002384721411732,0.34685620902284314,6.973949958842,64.40814817407659
1234.0,1.5898122307999998,0.0002156168258053,0.32096104024168504,6.606318835332578,64.19748900325658
1235.0,0.36257633160000013,0.00013889113676999998,0.20091859042075141,5.039038464140866,63.121605680238346
1236.0,0.47998068950000006,0.00012886226370929996,0.16543038640272192,3.729911318076257,61.931141495982295
1237.0,0.7337566360000001,0.0001292584569792,0.14721914464040947,2.895910520576289,60.99568223558206
1238.0,3.544313130300001,0.0002906095290397,0.2962222218473729,5.255066368029198,63.28993317087656
1239.0,1.4218635215000002,0.0001771467848125,0.23128951106919776,4.969449494210936,63.06582934587979
1240.0,0.40053742949999993,0.0001379532743325,0.17612398818922634,3.579654064322182,61.773653656293035
1241.0,1.5803891523,0.0001756504264308,0.19666184528795538,3.6847037174506294,61.8842473902973
1242.0,0.6742825655,0.00014767625179329998,0.16734979574280595,2.788298067635278,60.863615111479945
1243.0,1.4299803014999997,0.00019715966868129997,0.1974131725944941,2.863846040338796,60.95661502974262
1244.0,1.1117258039000002,0.0001815853219917,0.18413018226846795,2.590117911497666,60.613201394519876
1245.0,0.4564749171,0.0001382411606208,0.13356513390238986,1.7254271061471647,59.40519954355162
1246.0,1.2704345168999995,0.0001813432551597,0.14104409659334505,2.0025063207501628,59.81347721861458
1247.0,1.1614739959999998,0.0001648056590868,0.13928617076577723,2.0002933854808735,59.81029769174493
1248.0,3.0630374187999996,0.0002752389492672,0.2324790216069249,4.036119757822034,62.23797997202706
1249.0,2.0168997374999997,0.0001895117649213,0.222876567526395,4.48547292323196,62.6557836930414
1250.0,0.45532653749999996,0.00012997381419519997,0.15937755693344263,3.2827937376839995,61.448532268985986
1251.0,1.5262722704999998,0.0001994219005957,0.21513706670856786,3.3973252172300077,61.57620627793247
1252.0,1.7324030737000005,0.0002161941850917,0.23673192243137353,3.75162411768843,61.95351616175759
1253.0,0.3318055877999999,0.0001375473966253,0.1570350216105397,2.5290391344657484,60.534109833110975
1254.0,0.8882069403999999,0.00013825603958279997,0.13200992129023975,2.11829808816876,59.978051983321166
1255.0,1.6173196308,0.0002282838006517,0.19888546382323394,2.601207135786741,60.62746332378888
1256.0,1.8876598582999997,0.0001939310457717,0.1877656498812096,3.1950102298727354,61.348731524065435
1257.0,0.6465647558000001,0.0001292802003412,0.1378101587479942,2.4168352681809893,60.3864231883999
1258.0,0.6742983476000002,0.0001324911696757,0.12365039702977092,1.8418613701158513,59.57928161990562
1259.0,3.402846032800001,0.0002683315850133,0.21653874458610367,4.254294156631123,62.44550667585899
1260.0,1.3941831531999997,0.0001624812794853,0.19513135464216638,4.028118163514201,62.23019648778973
1261.0,2.3676701656,0.0002441985013533,0.2869629151763579,4.922791238141516,63.027997939180935
1262.0,2.0370671678999996,0.00019158884928,0.24368699016324813,5.298053702494216,63.32257985144119
1263.0,1.7524585464999998,0.0002023522270992,0.26507632133821796,5.3131928763566565,63.334011601143786
1264.0,0.8932309870999999,0.0001799365291533,0.23598710273266352,4.417600603367031,62.59504976702156
1265.0,0.18621180309999996,0.00013759155038879997,0.16771119782326493,2.956848210036089,61.06926988929298
1266.0,1.1195602973999996,0.0001554230734612,0.15996434068654888,2.7282658853265747,60.78875354983119
1267.0,3.6489738376,0.00029909312325,0.2963771297981778,5.2243939868559615,63.26646927602325
1268.0,1.6628254895999999,0.0001910616248592,0.2488657013869428,5.1383698999627,63.19989844479904
1269.0,0.8863579818000002,0.0001624258835757,0.2101542840447218,4.31958746474362,62.50588169268338
1270.0,1.8428790440999996,0.0001904243945812,0.2300687060131731,4.561256563033055,62.722632326350464
1271.0,0.7430735182999997,0.0001465475528373,0.1808861568010604,3.6576019547329164,61.85593369713517
1272.0,1.5776064859000005,0.0002282363555853,0.25785016726877724,3.7556747718841175,61.95767969400481
1273.0,0.6166707144000001,0.0001536760006612,0.17552664373928856,2.8692564675151946,60.963223897954265
1274.0,1.773809786400001,0.0002217511912677,0.2250581784615687,3.3925390884782107,61.57092783184878
1275.0,0.7094901974000001,0.0001500028695252,0.16415289526859336,2.6331883840633905,60.66842743309727
1276.0,0.8009184710999997,0.0001817238939325,0.17700377566199385,2.1671778763675693,60.046475874406696
1277.0,1.7362058336000001,0.0001829090386917,0.16130310330432793,2.7198212216822313,60.778154046129366
1278.0,1.6695183846,0.0002179601592208,0.2156590746915832,3.135918955951176,61.280587657064224
1279.0,0.3595644216,0.00013654429893249998,0.14434588640174612,2.0609068436627576,59.896920689165796
1280.0,2.0643078564,0.0001995419801293,0.17129635571676705,3.0195240032714596,61.1440632218568
1281.0,0.6146696495000001,0.00015761209914880002,0.1637884803686649,2.1980843781686747,60.089421494796284
1282.0,1.8575375244000005,0.00022566765058719998,0.2005080125440841,2.956706955914841,61.06910030567574
1283.0,2.131756705599999,0.00023481687139079998,0.24167259204044705,3.832037784029911,62.03555078248684
1284.0,0.8892448311000001,0.0001388374523917,0.15989152553589636,3.2087563154501115,61.364471916266304
1285.0,0.7563819322,0.00019318378123679998,0.206322778306114,2.579820493358569,60.599931012529495
1286.0,3.2271794436,0.00028640406682770003,0.2761734390924559,4.66634188197866,62.81367145174037
1287.0,0.1971045335999997,0.00013252472925,0.16504621247546314,3.19375031799943,61.34728672189278
1288.0,0.39568752520000006,0.0001570504912272,0.16738341362121525,2.194145826746801,60.08396241933954
1289.0,1.8628862714999999,0.00024085096289969997,0.21379598246007098,2.9438397045862335,61.05363312510768
1290.0,1.3765663579999998,0.0001697609117853,0.17436519262897796,2.976796566287067,61.09317286524215
1291.0,3.0434242538999996,0.0003009904085253,0.3107470901389596,4.815456358053482,62.93962380695291
1292.0,0.2918831555000001,0.00012883464245729999,0.16244757951503727,3.4404274778234516,61.623520502270765
1293.0,1.2464373998,0.0001761247539717,0.19390301495947623,3.2618119931636795,61.424832730203164
1294.0,0.47465320759999985,0.0001376120308372,0.1480391815905941,2.297752583153577,60.22624623962221
1295.0,1.782038048,0.00020218900931999998,0.18386508415615846,2.9083241598694505,61.010742640613145
1296.0,0.7468054581000001,0.0001437818483988,0.14685140668625135,2.2774135848398434,60.19853052403554
1297.0,0.3928250204000001,0.0001438656857325,0.13022432682735227,1.4709478977093453,59.011738895702514
1298.0,0.35010755709999986,0.0001404092502853,0.09956384139042528,0.8392159825129274,57.954705583367485
1299.0,0.4454530920999997,0.0001553491118608,0.07860861460021511,0.625320277835453,57.569712822198234
1300.0,1.2533792603,0.00016992898537120002,0.07226614631896656,1.3035112545235696,58.742917991857865
1301.0,1.6608261389,0.00019816719172,0.1307962735674453,2.1100016052715738,59.966376713185305
1302.0,1.8579454111000002,0.00023698283394119998,0.20603084114114237,2.847829432436332,60.93701050197496
1303.0,1.5325839447000007,0.0002247101076453,0.2272594356566011,3.053882368785188,61.18468300954904
1304.0,1.6245517144,0.0002209729915293,0.23081961036898685,3.3146317220285892,61.48431003552453
1305.0,1.6773004667999998,0.0001732189567677,0.18765927905724805,3.582500432118366,61.77668044376093
1306.0,6.1296977913,0.0004264313628717,0.477600808320841,8.526365219717965,65.18337088116431
1307.0,1.7118930814999995,0.0002244772793293,0.37992658399192364,8.120778206426642,64.9945822879162
1308.0,0.7553025737999999,0.0001519297914213,0.24839474263336178,6.696774596527439,64.2505501760622
1309.0,0.6111980424000003,0.0001306376775237,0.19030279780046966,5.276126024495334,63.305961467458964
1310.0,1.3493450039000003,0.0001847824633573,0.24165160820070558,4.856985574237295,62.97404103148516
1311.0,1.2972747683999994,0.00017555258565119997,0.22210519621476119,4.523745186476192,62.68966990797327
1312.0,1.0472226427999995,0.0001687144113552,0.20757341376709812,3.9328987592552194,62.136617976965944
1313.0,3.5834829991999992,0.0003158305226197,0.3675825236679551,6.194697164614983,63.94497072231897
1314.0,1.6490748534999993,0.00021221441412479997,0.29750736293348196,6.0103511956586715,63.82556079333949
1315.0,0.7954996888000001,0.0001359470427325,0.18795518767516328,4.8903836966990495,63.001513902936324
1316.0,0.726798,0.0001317401185012,0.16712646250049096,3.8784343344881353,62.08229282807916
1317.0,1.8959034303000006,0.00023680974239249998,0.274060473406894,4.328972074475729,62.51449501710329
1318.0,1.4175276819999998,0.0001785991936192,0.21596628875870702,4.133363804944039,62.331591186487245
1319.0,0.8799984444,0.000161641392,0.19191524470465676,3.394923079722803,61.57355766501484
1320.0,1.8205455644999997,0.0001895860116277,0.20753280572508523,3.828801627373672,62.032274499570676
1321.0,2.0747672799,0.00022154488012679998,0.2550531947012923,4.455425103683322,62.62899751361763
1322.0,1.3339806116,0.00017380880292,0.21256749661508875,4.197816513149762,62.39264626361077
1323.0,1.2703402486000002,0.0001792910581437,0.21418283180822575,3.897130748841109,62.10100750653734
1324.0,1.7082046630999996,0.0001950502909813,0.22617317167698106,4.144010988424417,62.34173115254015
1325.0,0.6352418143,0.0001460557486132,0.1735881390227022,3.227156245411713,61.38547575579297
1326.0,0.8638478807000003,0.00015974015241329998,0.17103684683176196,2.68028265512448,60.728299416796816
1327.0,4.4511071236,0.0003518311438528,0.3456627477645104,6.034720139925552,63.84158292977967
1328.0,1.6440573910999996,0.00022297076561279998,0.30883709753378547,5.90870034804371,63.757926580600106
1329.0,0.5032649071999997,0.00012847549099679999,0.176271627272882,4.50715669479278,62.67501423783429
1330.0,2.9753687547,0.00026878127231249997,0.3302116666133716,5.993582682356294,63.81449302821486
1331.0,4.9732975483,0.00036694776983250006,0.5066879024916374,9.366837814154536,65.5582001640633
1332.0,1.9387742303000004,0.00019479860123520001,0.3545269725087803,8.947295028193814,65.37300933937007
1333.0,2.5597175272,0.0002360694857925,0.41433037436554915,9.220590688642478,65.4939170751322
1334.0,1.6357518945999998,0.00018831157665279998,0.33841980213686046,8.521393480036691,65.18109763679091
1335.0,0.7563022011,0.0001497609453328,0.25336133014698764,6.946600473860069,64.39291889259805
1336.0,0.2494597547999997,0.0001414498790925,0.2101057640869268,5.159892981350255,63.216660740936824
1337.0,2.5924939099,0.0002801702086612,0.36310743346845037,6.194510466519336,63.94485184861212
1338.0,0.12448809939999972,0.0001310779648125,0.18375806131758662,4.463946497843454,62.636610240275935
1339.0,2.152995689999999,0.0002380740004308,0.2913821589639837,5.119005656094519,63.18475630403463
1340.0,1.5277788927000002,0.000175097337,0.22620600179559572,4.95383110737403,63.05320471683112
1341.0,1.0046218603,0.0001607444740308,0.20496515367378634,4.305630009323734,62.49304151625808
1342.0,1.9661371209,0.0002267476070772,0.27360460964957956,4.764896082156429,62.8973359324537
1343.0,1.7175273409000003,0.00019737635747999998,0.24783962378142824,4.840188587864645,62.96015484941201
1344.0,1.5187280658999995,0.0001997022440157,0.2523136447493604,4.677754827580189,62.82344449935469
1345.0,1.9279741408,0.00022766789419170002,0.2838095324607285,5.023796350413807,63.10945479740824
1346.0,3.1491060809999993,0.00026612183077,0.34122874514047236,6.569667223323665,64.17575003719253
1347.0,0.32609957960000013,0.0001375689159952,0.19844588827981127,4.976806934756855,63.071762934192876
1348.0,2.4139161433,0.0002481140792653,0.31695167902850857,5.784014040764432,63.67316057043314
1349.0,3.0545567267999996,0.00026990864739250003,0.3668630444263865,7.223027922617657,64.54381810291312
1350.0,0.3827996345,0.0001429288979037,0.21700916896328754,5.501212670813359,63.47319107528843
1351.0,0.3657848335,0.0001284310610112,0.17087458421350013,4.006480442392078,62.20908655875575
1352.0,1.9021878406,0.00019196679108,0.22509724664411643,4.333545699296078,62.51868691808487
1353.0,2.2195693938000005,0.0002404988015517,0.29093776939767996,5.041047972252348,63.12320490188617
1354.0,0.8965039298999997,0.00016504950099570002,0.21192041975147413,4.255230668470185,62.44637820634907
1355.0,2.1471864231,0.0002177132099325,0.2614847100374804,4.858075003706878,62.97494006733408
1356.0,2.0797104523000005,0.0002174441996757,0.275129884546634,5.344486695148015,63.35753419885739
1357.0,1.8680115744,0.0002003048401917,0.2633324233993242,5.538376004783704,63.50009987879055
1358.0,0.24209113859999976,0.0001288531891572,0.171920418835481,3.921564549745206,62.12536098239099
1359.0,4.3937842244,0.0003565400322832,0.41447869758770634,7.036904159694533,64.44294752635524
1360.0,0.983242918,0.00013332946172999997,0.19945863877505154,5.979676280923108,63.80528776279421
1361.0,0.9749561192,0.0001391460805437,0.191934324096309,5.066906746775144,63.143727225139294
1362.0,1.2907874879999999,0.0001761247539717,0.2266032437825823,4.607089762967429,62.76257400784966
1363.0,1.8859123553000003,0.0002331338267925,0.2888921446808422,4.900917044626947,63.01014068759297
1364.0,1.2182011767,0.0001795963002213,0.22803109154907295,4.505205360169655,62.67328707438649
1365.0,0.09892255319999976,0.0001325881546512,0.16286370948230533,2.9239371601266018,61.02963374004186
1366.0,5.634780768999999,0.00041257883153249995,0.4224377043706887,7.454706965378174,64.66544392728628
1367.0,2.0832214119000003,0.00020198524076999998,0.31246248514528757,7.492160864164896,64.68472334610017
1368.0,2.2352981223999997,0.0002552566948032,0.39607740741051073,7.870420635528379,64.87405045509185
1369.0,1.3764621183,0.0001696236507072,0.2715483169312959,7.06226210781092,64.4568653458859
1370.0,1.5324197499000007,0.0002151076731792,0.32244382819309264,6.7148125210712575,64.26103235567946
1371.0,0.3293001915999998,0.00012845106331079998,0.18737894051612455,5.059871465040982,63.138154229508245
1372.0,3.094176772000001,0.0002565971398132,0.3299563276644619,6.596360190808538,64.19159609209736
1373.0,3.949971458100001,0.0003020837500788,0.4366567633726796,8.880366994169492,65.34318059326736
1374.0,3.5907016629,0.00032030981246279996,0.5589356120360716,10.355541758030082,65.99433545303103
1375.0,0.8549131098999996,0.0001641357471013,0.3246456165954091,8.63548562008071,65.23304562674264
1376.0,2.7027813392000004,0.00026940077052369995,0.46026141962248046,9.287670153868289,65.52342756320122
1377.0,0.7415857344000002,0.00013508876745119998,0.244183027068035,7.558546274318896,64.71864683051633
1378.0,1.9535209423,0.0002422398022032,0.3779239733865576,7.598728326784156,64.73902943799132
1379.0,0.37566555759999987,0.00012866112925,0.201389729470818,5.79890926687754,63.68339345851227
1380.0,2.4952729607000004,0.0002617825112397,0.35621712243501746,6.5624715264741225,64.1714656472862
1381.0,1.8817433435000002,0.0002239196413597,0.3228300846552897,6.587427693653303,64.18630164626278
1382.0,0.31768012749999963,0.0001409241473397,0.20356350659929062,4.967110184599263,63.06394093362816
1383.0,2.1474610524999997,0.0002471549485968,0.31548203083463805,5.48973422607264,63.464840374430906
1384.0,0.5003459233999998,0.0001416995050228,0.18836358500290876,4.224131168496054,62.417349499890875
1385.0,3.3589076574999996,0.0003017397563925,0.36135475740467693,6.118362424484956,63.89602256758509
1386.0,1.1331855983999994,0.0001585168125108,0.2209504400852914,5.360311146996773,63.36937395873275
1387.0,0.3533593959000001,0.0001460557486132,0.19224652503101858,3.9668072652690505,62.17014490697969
1388.0,1.0294908308,0.0001578434206228,0.18434520929983605,3.422445696403231,61.60382997098272
1389.0,3.7782021507000003,0.00031311025897570006,0.34394251316184105,5.882395723549511,63.740211239897704
1390.0,0.2678566255000001,0.00012844168257569998,0.17587681887635354,4.219111450086532,62.41264715402921
1391.0,0.503105954,0.00014655766012319999,0.17543057681620844,3.1260322224962787,61.269110000172034
1392.0,2.3232132028,0.00023197092778769998,0.24487753889595965,4.079454745839157,62.27991954016898
1393.0,2.3464690711999996,0.0002371065553197,0.2800446665002926,4.939551702139883,63.04162805735047
1394.0,2.1642644232000006,0.0002301429522733,0.29311941167568517,5.454694644325566,63.4392325106984
1395.0,0.4388295055999998,0.00015270725690879998,0.20245594347736157,4.0778164484111805,62.278340554153125
1396.0,0.1707362995999997,0.0001494550148352,0.1764918087357237,2.6068451569726623,60.6347029605433
1397.0,1.0776610854999995,0.0001704968267133,0.16525216330830736,2.402444574219138,60.36725547809891
1398.0,1.9013500514999997,0.0002005465889493,0.18659695442437038,3.103757148747966,61.24316999230119
1399.0,1.5946908665000001,0.0001855873613428,0.19528386176018764,3.2982625487934563,61.46594295061572
1400.0,1.9486425675000008,0.0001948179450733,0.21060315523246992,3.8497608815514273,62.05345650526769
1401.0,2.0429392154,0.0002042835483732,0.23570526122140506,4.416107193578464,62.59370415947822
1402.0,0.6381611669000002,0.0001443545495157,0.17593127640579026,3.4026661287256337,61.58209075280566
1403.0,1.9684057137999997,0.00019798886082129997,0.2169438477337586,3.9503187729326843,62.1538701048354
1404.0,2.3217952871000005,0.00025177814478930004,0.2935580078781566,4.848369769509309,62.96692408956496
1405.0,1.0465517334999999,0.0001557819849693,0.1969538151748233,4.203856839729553,62.398328148342806
1406.0,1.5710260062000003,0.0002226939421968,0.26618401115160084,4.194505071428709,62.389528427724166
1407.0,0.4392370887000001,0.00013011555154529997,0.15538866739462556,2.975791690191515,61.091970970185244
1408.0,1.5357967396000003,0.0002025565029972,0.2090899167841461,3.145890580507481,61.292141651609136
1409.0,1.5059526839,0.0001804489865013,0.19103065433353486,3.2077315214750186,61.36329989036332
1410.0,0.42755220760000023,0.0001432927706157,0.1530168659593247,2.1861338084775856,60.07284495150877
1411.0,2.4697012344000004,0.0002540297088628,0.22505874115700153,3.5667581442373715,61.75991910173664
1412.0,1.7558636966999996,0.0002049051700992,0.22906814323774993,3.901930888302987,62.105801170921175
1413.0,0.0460812344999999,0.00012948406521729998,0.150219924799137,2.41141887463376,60.37921488144607
1414.0,3.1074518012,0.0002679667453888,0.24980103722153216,4.408626562868488,62.58695784981505
1415.0,1.9288125291,0.0002157720812532,0.2627957790633211,4.786591673852852,62.9155340052758
1416.0,1.135516597,0.0001671624334992,0.21027652326411414,4.307820232326451,62.49505877734042
1417.0,1.0603257864,0.00015122161732770002,0.182507909807116,3.7429293622190225,61.94456786820248
1418.0,2.3680711042999993,0.0002390207628688,0.2726244542250761,4.722300556778438,62.86137743632211
1419.0,0.9949191036,0.0001549930612317,0.19393419938212603,4.009810879032228,62.21234166385745
1420.0,6.328153323899999,0.0004299253940111999,0.5042920175709753,9.035698068414336,65.4122621065383
1421.0,1.1475325930000002,0.0001546758587253,0.27356027056160903,7.862815795796568,64.8703338652101
1422.0,2.5683662644,0.00024343338470130002,0.3894620902295222,8.363464991559866,65.10839483486332
1423.0,1.6148385397,0.0001961008703125,0.3272977008639652,7.7205000941778685,64.80013085931819
1424.0,2.7785607368000003,0.00026819120570879996,0.42402712817541893,8.555000355045244,65.19644645833898
1425.0,0.5851230096000002,0.0001545179719872,0.2621654211007906,6.871152999545018,64.3505499447128
1426.0,0.1822028879999995,0.0001405245703125,0.20750041888120208,4.981698545335012,63.0757030946722
1427.0,1.6422585479,0.0001994419068048,0.25487518624599287,4.948583913795333,63.04895450943711
1428.0,2.1795654311000003,0.0002224405439517,0.2835145744627316,5.517724314641005,63.48517071865441
1429.0,1.7255204879,0.0002279045558037,0.30360218860973,5.482594796598537,63.45963690579872
1430.0,0.26296396359999985,0.00014056588992000002,0.18675526108693788,3.9242495614055013,62.12802998734982
1431.0,0.5006143603999997,0.0001521258608788,0.17689567354910432,2.8335677298004187,60.91950339365504
1432.0,1.2496970085999997,0.0001778452841077,0.17943785072454368,2.786061136644169,60.86084093880351
1433.0,3.1932492928,0.0003153757642317,0.31566072364411574,4.831144679420731,62.952658929049946
1434.0,0.2896400478000003,0.00012844067037,0.1621586087776815,3.415622911095077,61.59634071049074
1435.0,2.0758780912,0.0002286162317997,0.250913171003448,4.119765070779277,62.318609020137686
1436.0,2.1073475913,0.00024287391139570002,0.2879837142294389,4.78754790533545,62.916334274957556
1437.0,1.0348097863999999,0.0001796812517568,0.2260419380485986,4.181707821670962,62.377460047278035
1438.0,1.2231573902000004,0.00017954536312319997,0.214159786381934,3.852888904223576,62.056610249986235
1439.0,1.6300557484000002,0.00021670651428,0.25012178416607056,3.944304214145279,62.14792024194837
1440.0,3.0701200903999997,0.0002763630380733,0.322024378285727,5.596682899658337,63.541927523641036
1441.0,3.4002988945000006,0.0003103458311157,0.41590664897084606,7.398073099742273,64.63609458845873
1442.0,1.6090621235000002,0.0002010313040997,0.30956024033541757,7.060750217864539,64.4560371199229
1443.0,0.7534715795999998,0.0001598731459173,0.2396192410002298,5.839292242892666,63.710989786625845
1444.0,0.6407529653999999,0.0001307303390797,0.17843107576788025,4.610328272063702,62.765382441023675
1445.0,1.8287193763000005,0.00024218914957,0.3001959779763815,4.8608972957312355,62.97726821605598
1446.0,0.6439588546999997,0.00015468802358919998,0.19577002952006858,3.781027707087399,61.983663653141434
1447.0,1.7744146224000001,0.0001887533363392,0.21618824329476222,4.0695398628500525,62.27035574565005
1448.0,1.1422996920000004,0.0001684886869797,0.1988072512103277,3.6123261059049896,61.80829507260279
1449.0,1.5316474797000001,0.0002121709545588,0.2384576931607047,3.749920779232278,61.95176436291233
1450.0,0.47655673100000007,0.0001477179380325,0.16861499539983818,2.736402945120476,60.79895086240886
1451.0,1.366825097,0.0001796302723797,0.1782538971514623,2.819632516585518,60.90235092118667
1452.0,0.3316120159000002,0.00012844812261569998,0.12929683423847996,1.7600389794843563,59.45733298541263
1453.0,2.4964413710999995,0.00022703031573,0.17858122211918512,3.29182465123679,61.45870323929752
1454.0,0.3999111431000002,0.0001441467923925,0.15569325278113455,2.2427804049725024,60.151094057557266
1455.0,2.0056745036000003,0.0002243144672148,0.2014265565007966,3.1232177870208275,61.265838665158896
1456.0,0.28546172069999987,0.0001425873959925,0.15045990910563614,2.028736252455357,59.85106583058263
1457.0,0.30709443390000013,0.0001424803988637,0.1212739332604232,1.1595394647740884,58.50531404583183
1458.0,1.8866850451000006,0.0002089649247325,0.12855484978435303,2.242977639466659,60.15136507255974
1459.0,0.7145241376000002,0.00013103122986879998,0.1176668873059282,1.6899000216407853,59.35134674324077
1460.0,0.6200923867999997,0.0001566202589332,0.12037726411205477,1.2977149345947607,58.73346816781009
1461.0,1.8464127488000002,0.00018641604527999998,0.12271267504154307,2.298783005929782,60.2276475902383
1462.0,2.2949324615,0.0002689782374032,0.24465825371983632,3.4648073808401953,61.65010681454684
1463.0,1.1716132574999998,0.0001665883014693,0.18395829238083952,3.175588398209709,61.32642031700731
1464.0,0.7809481682999999,0.00013791667588,0.1466182145578466,2.5517557564887423,60.563632388279615
1465.0,0.21988480939999988,0.0001383679911693,0.13270526415664555,1.5067895185147597,59.06824846764519
1466.0,2.6279792592,0.0002537903439997,0.1825233818853165,3.223270038277579,61.381045827734546
1467.0,2.541148678,0.000262523817,0.2809395946440543,4.472837246848512,62.64453915559089
1468.0,0.2062648278999999,0.00012846741790079999,0.15735599566503186,2.9567120526144843,61.069106424633944
1469.0,3.6240124672,0.00027856588738770004,0.2866991339758132,5.28137645775607,63.30994716714497
1470.0,4.154968214799999,0.0003286200488128,0.4299311100807975,7.924415540975666,64.90034091059087
1471.0,0.6759181087999999,0.0001625228560128,0.26135797306467284,6.440087080351738,64.09775475283794
1472.0,2.0451653315000002,0.0002034998024848,0.290654996841665,6.6153886655936684,64.20284705268506
1473.0,0.7586040048,0.0001587124765173,0.22975230751271639,5.395951377739698,63.39590536813952
1474.0,1.7735644941999995,0.0002190643493925,0.28913199916096366,5.464937507920062,63.446736424194924
1475.0,0.1620614966999998,0.0001516429337488,0.20120172859376015,3.801523386095597,62.004574591414595
1476.0,1.3160681531000002,0.0001589087747088,0.18240952599119856,3.570956985575162,61.76439481641707
1477.0,3.095198227600001,0.00023967089277,0.26806620196791403,5.2277545915398065,63.269047021586545
1478.0,0.6835226733000002,0.000153939132,0.200564344389155,4.165150524667445,62.3618001043762
1479.0,0.9312911708000002,0.0001400019028053,0.1667299534651919,3.441183517970847,61.624346871055955
1480.0,0.1661173106999998,0.0001361369989008,0.1498929434124928,2.080610577169286,59.924871819004345
1481.0,1.6399242664000004,0.0001973369341492,0.1702751347432643,2.5560115409318738,60.56914915329654
1482.0,1.8769162044,0.00020764930851569998,0.19931583790560914,3.1489784757721013,61.29571503817763
1483.0,1.7337572435999995,0.000183559372,0.19440878531720301,3.4819340015396714,61.66870771672876
1484.0,3.3639865791999997,0.00026312936314119997,0.29117682099025055,5.486620500648734,63.46257187361333
1485.0,1.7390086351000003,0.0002068062738037,0.2748460705087321,5.469631244147631,63.450170032083676
1486.0,1.6776432214000003,0.0002067852557172,0.274463267071795,5.393434323477273,63.39403770012734
1487.0,1.6665056044999997,0.00018643412638529998,0.24601766918781665,5.318839248225181,63.338266520134894
1488.0,2.0560117132999998,0.0002045111817957,0.2683332814066793,5.672571509059351,63.59566341887059
1489.0,1.8884671154000001,0.0002185677534157,0.2945952880452967,5.786581942408743,63.674926782055415
1490.0,1.9815721035,0.0001849429863412,0.25142531098570264,6.036275660206724,63.84260316550042
1491.0,1.7869609311000003,0.00024576206157000003,0.34044523592200177,6.100920204710603,63.88474023120126
1492.0,0.03667861920000015,0.0001311440448852,0.1825562797939887,4.200647199968536,62.395309823802386
1493.0,3.6530042686,0.00028937220904319994,0.34577923023747525,6.452811827726913,64.10549377001021
1494.0,1.8565450874000002,0.00019198571776529998,0.27447610722985744,6.441307660762569,64.09849785807525
1495.0,1.2480677808999996,0.00018831157665279998,0.2689869881222617,5.80043126199153,63.684437411088275
1496.0,0.43527672120000016,0.0001476034093908,0.2008724178221398,4.390090876519439,62.5701982576097
1497.0,0.15003891549999993,0.0001284665127028,0.15620449408535378,2.8558082975820214,60.946784239956266
1498.0,1.6873015875000004,0.00021762349474929997,0.22038227175900665,3.2464529646857914,61.40742285529365
1499.0,0.3853973595000002,0.00013764803738369998,0.14777064364601117,2.2160876057034695,60.114324337926334
1500.0,0.4017540597,0.00013057812131999998,0.11651984820309404,1.386536392868185,58.877215469652164
1501.0,2.2170123328000004,0.0002422398022032,0.16587661862065622,2.733407262565872,60.79519852780516
1502.0,1.6342425368000004,0.00020902885839520002,0.2073181665315679,3.1360209719564596,61.28070597460189
1503.0,1.7416474983999999,0.0001913814618613,0.2023191737115824,3.542196321750416,61.733663641311935
1504.0,1.0707114895999998,0.0001680989337093,0.1873750070864725,3.1746765763173244,61.32537077880336
1505.0,0.7380995792000002,0.0001348992864192,0.14339209922386914,2.4481807911006017,60.42799525290294
1506.0,1.1338923420000002,0.0001801753602325,0.16925409545481668,2.369546205844811,60.323241849533424
1507.0,1.1654511011,0.0001721449775925,0.15904676977806567,2.277099280701986,60.19810140081941
1508.0,1.9328210239999999,0.0002006272620637,0.18159071510265581,3.0729652973244175,61.20712763317311
1509.0,3.504722716,0.00028157731117,0.2949570549150494,5.295895711015027,63.320947552276365
1510.0,0.7604117046999996,0.00014958585732,0.19592114260238946,4.291074829704877,62.4796133718321
1511.0,1.4809905034000006,0.0001865607730432,0.2248126682116634,4.20126447224418,62.395890452432184
1512.0,1.8742721678999996,0.00020276106075519998,0.2422991738422491,4.468498813508965,62.64067182639768
1513.0,1.9862252899000001,0.0002107646561653,0.2580611329729779,4.848209403914888,62.96679150645669
1514.0,1.6286018058999998,0.00021879330974369999,0.2766148772451726,4.802913677020078,62.92917299234789
1515.0,0.9305561094999999,0.0001367347682997,0.17223177171085796,3.990149061968039,62.19309340913221
1516.0,1.8852711181000004,0.0001924978036992,0.2253496602542562,4.351019335269216,62.53466702795713
1517.0,1.6587398611000008,0.0002116286612613,0.2564189326707169,4.466504168687912,62.638892653805115
1518.0,0.7139819878,0.00013316790902129997,0.16302276492779355,3.5615397924053567,61.754351505806454
1519.0,1.6653581959999997,0.0001788012001168,0.19976274754628937,3.6989442997383994,61.899064325708764
1520.0,1.6499092615999995,0.00019083634800000002,0.21660568979295183,3.8356758352246016,62.039231441369395
1521.0,0.37701028790000013,0.00012997971873479998,0.149748524667577,2.6819912859360953,60.73046159796656
1522.0,0.9011271831000003,0.0001684586383125,0.16555630805477137,2.2820565674668636,60.204866717996985
1523.0,1.1517537515999998,0.0001831722222612,0.16597964663501186,2.2054335111050674,60.09959718590718
1524.0,3.6276220983,0.0003042178272628,0.2707770088308016,4.76490130654868,62.897340324106864
1525.0,1.2929991955999998,0.0001731554207413,0.2174262074384413,4.446470854381598,62.620984135197915
1526.0,2.5722530812000004,0.0002436371677717,0.29773195859556956,5.530749669645204,63.49459377929695
1527.0,1.1119956326999998,0.0001613274358797,0.2151242342335019,4.865006217496572,62.98065538600428
1528.0,1.2086139710000001,0.00017822990253,0.2256394208047349,4.365737947269434,62.5480844738729
1529.0,0.15965262549999992,0.0001295383589733,0.1571634012488426,2.8961260104743722,60.9959439766953
1530.0,2.8575936222999996,0.00026841584641919996,0.27360940465527,4.449180486803172,62.62341056231991
1531.0,1.4031352244000002,0.00017974926372,0.21971158620019193,4.191139460703617,62.38635748378085
1532.0,0.2483323435,0.0001287334878132,0.15368922548772226,2.748742140786315,60.8143841679317
1533.0,2.0712455781,0.0002044076697792,0.20327948554168299,3.527176516768801,61.71754571299275
1534.0,2.8340561884,0.0002640678904848,0.2938206633411505,4.932499126160769,63.03589822483992
1535.0,2.8182054459999994,0.0002558992290048,0.3257391702525097,6.187256523126864,63.94022996711716
1536.0,2.3253013871999997,0.0002514619173453,0.3523309774668393,6.724893590922855,64.26687653604624
1537.0,1.6052288192000002,0.00018882712079520001,0.2756681620507776,6.397507710029901,64.07172968216578
1538.0,1.9081880123000001,0.00022569106448370001,0.3213057305079832,6.5477942406387974,64.16270980087111
1539.0,2.9389944006000004,0.0002316329721837,0.333574605499628,7.617719864550562,64.74862427685474
1540.0,0.7929284649000001,0.0001590794127933,0.2493914633100241,6.3334213481393515,64.03218038269073
1541.0,0.6264595459,0.0001330855867717,0.18854643695113177,5.023646137533323,63.10933486593588
1542.0,0.6772200943999995,0.00015608080781249998,0.2001287290145072,3.9405710110553387,62.14422362649128
1543.0,1.6726877123000001,0.0001951278298125,0.22728037444771024,4.132775392058354,62.33103017854448
1544.0,0.8178976662999999,0.00016266162764680002,0.19311561821956702,3.3234484976802183,61.49417869964605
1545.0,0.9799163040000001,0.0001691677626612,0.18348263316923638,2.8058988417461697,60.8854017935385
1546.0,1.7802245271000001,0.0001985643,0.19941463594166128,3.2474694922554135,61.40857672286958
1547.0,0.8443600055,0.0001474063904925,0.15826845338098433,2.6268636903963385,60.66034592794763
1548.0,0.24795079640000006,0.00013752590262279998,0.1337963199968072,1.5854853878378306,59.19105906357972
1549.0,2.8344534624,0.0002560332946453,0.18968415961323737,3.5309789199584407,61.72163060541041
1550.0,2.211524537900001,0.0002239196413597,0.24926244158562016,4.268523422036125,62.45873110867797
1551.0,2.8631680492000005,0.0002447868087232,0.2943640911766547,5.6441654994180865,63.57564189112793
1552.0,1.5035319204000004,0.0002033969810253,0.27356023460178347,5.375391905827502,63.38062308587158
1553.0,2.6083310935000004,0.00024412187553479996,0.3216978504445178,6.3443626544128175,64.03896508859859
1554.0,0.8353940786999998,0.0001607444740308,0.22792100679406344,5.222333445949067,63.26488789578956
1555.0,1.6112471436000004,0.0001804489865013,0.2350047565241553,5.0631359496805715,63.140741156858375
1556.0,2.6830131531,0.0002445052583013,0.31448848006203095,6.158749113689233,63.922006107629386
1557.0,3.5509254142,0.0002942581810957,0.41140720341948317,8.077067348153783,64.97378167703982
1558.0,1.6288950221,0.0001913626253712,0.31171124093086977,7.561136699411048,64.71996422957798
1559.0,1.8331344761000001,0.00020178175408,0.31487122473388884,7.3115573970033765,64.5907886832667
1560.0,1.8477892119000003,0.0002279519219493,0.34856929203403375,7.174258168171019,64.51767026954815
1561.0,1.0580659254000002,0.00015229953980530001,0.23033691575745258,6.136112319792173,63.90746633795925
1562.0,1.8934970684999999,0.00018391251012,0.25669207528723564,6.1734165211917045,63.93139452405039
1563.0,1.5280966528000004,0.0002048844085053,0.28676976920986674,5.909817448558755,63.758676953210326
1564.0,3.2617313894999995,0.0002376021454837,0.32602356165901775,7.451952512230408,64.66402201044224
1565.0,2.9496516775000003,0.0002576745693012,0.39852219610760803,8.534594418929041,65.18713157191301
1566.0,1.4112579058999999,0.0001715816768013,0.2906065213286336,7.7097903751604235,64.79479629234768
1567.0,1.9614057227000004,0.00022491989412,0.3552975914273168,7.687697320539936,64.78376808740927
1568.0,3.16842384,0.0002612347206037,0.41191012247152287,8.952021698243064,65.37511214852593
1569.0,0.23833886069999988,0.00014245371299999998,0.25012573270630123,6.750140426637744,64.28146843615157
1570.0,0.7985876811999999,0.0001710840316237,0.2502545701830703,5.576513550996646,63.52751225898209
1571.0,0.13525569430000006,0.00013087346666129995,0.17512120006318743,3.8308074091387825,62.03430539868719
1572.0,0.9642243479000006,0.0001557447462672,0.17933922889422418,3.2168318398616904,61.373699501823815
1573.0,1.5986165363999998,0.00018094677325,0.19346878019788685,3.40052275892904,61.57972998195457
1574.0,1.9407881851999997,0.00019982256031169998,0.21889371501429583,3.948162202113859,62.151737546843364
1575.0,0.5528172613,0.00015558367169249998,0.1813611276350483,2.963593413509379,61.07736253613813
1576.0,0.788499404,0.00015956768223879998,0.16440291830864262,2.411646643602851,60.37951815102436
1577.0,1.8735714527000003,0.00021879330974369999,0.20397090918043484,3.0784549274058772,61.2135690387095
1578.0,1.3247192735,0.00018750590052000001,0.1965744623797529,3.030393250595023,61.156942357704494
1579.0,0.16293374640000002,0.00012853675812,0.13379312819578962,1.7748738284809502,59.47957770735639
1580.0,0.6287571915999999,0.00013996277819249995,0.11061833622766899,1.325292886949057,58.778342376309126
1581.0,3.3656334585999996,0.00028040427477000004,0.1869164145088161,3.877943186011404,62.08180026566496
1582.0,1.851201257,0.00019639415653,0.22727572772702326,4.20255733605401,62.397106335754515
1583.0,1.9569833289999998,0.0002407251275712,0.2877012639685132,4.648732381313092,62.798548506925485
1584.0,1.1902388191000002,0.0001827689334325,0.22728272470657906,4.214087525406357,62.40793616059546
1585.0,0.13002643439999972,0.00012964841758080002,0.155116875404841,2.6847292220312187,60.73392484805702
1586.0,2.6359311895,0.00025600647588000004,0.2517202177591247,4.077690996926459,62.27821962321355
1587.0,2.6611754138999997,0.0002484519871668,0.2933939804238726,5.2476319418147845,63.284258984241944
1588.0,1.7140042168999998,0.0001769977532608,0.23096212721785092,5.2657070383274025,63.29803999914012
1589.0,3.9284440159000003,0.00032308240059720003,0.4221754589743525,7.632971416681663,64.75631183450564
1590.0,0.3759398867000001,0.0001288241474868,0.20221328017696594,5.893821345474041,63.74791692931414
1591.0,2.8292616608000003,0.0002921248681797,0.40035428423448544,7.009180101453067,64.4276660649826
1592.0,0.297076133,0.0001392864345213,0.2079143634413299,5.29598728696094,63.32101683418217
1593.0,1.6650391651999996,0.00021766834670370003,0.2850946790321925,5.2889457636664385,63.31568591181839
1594.0,2.1138415088,0.00017180030415569998,0.22489622271303109,5.686460050629914,63.60541257890741
1595.0,0.27602300879999975,0.00014646679601970002,0.1976213830142516,4.184395126712624,62.37999684626034
1596.0,3.0969469528999998,0.0002667075172693,0.31820697350637867,5.757710747497024,63.6550188498821
1597.0,0.29910426239999977,0.00013956988215569997,0.1893296647344766,4.254271804955282,62.445485873103245
1598.0,1.6374417688000005,0.0002101625359053,0.252393477451662,4.39731342853615,62.57673610964231
1599.0,3.0168477130000007,0.0002670707080128,0.3249455730950646,5.9703872467604935,63.79912545880163
1600.0,0.5686873359,0.00013606466751969997,0.18755273489725097,4.679224949325656,62.82470176645699
1601.0,3.2020708383,0.0002849749115925,0.355291979213814,6.306393604379407,64.01536248176373
1602.0,1.7912779043999993,0.00020634452699729998,0.29173543163858606,6.230101983270249,63.96743966226103
1603.0,1.9064241129000004,0.0001936623037093,0.27222676397675394,6.3455699387920035,64.03971290035815
1604.0,3.1810251591,0.000262523817,0.37226898539890596,7.810556076333048,64.8446999491906
1605.0,2.6606711056000005,0.0002405239376128,0.38313546019993283,8.512875893108795,65.177201012945
1606.0,1.7492983012999996,0.0002028634453317,0.34294759254849455,8.136564720601028,65.00207072338686
1607.0,0.7844223842999996,0.00015282438169479998,0.25019134250125186,6.728765226254312,64.26911831297502
1608.0,3.0986935862999996,0.0002557652338293,0.37350297098218177,7.981918966714237,64.92815598940722
1609.0,1.5688049709000005,0.00019876327693,0.32118251804024345,7.398368450310233,64.63624827214089
1610.0,3.4462712545,0.0002653706317237,0.40864363341492244,8.972004465657854,65.38399685220084
1611.0,1.8291455964,0.00020632357092,0.36289807429453186,8.45537095150994,65.15082269112419
1612.0,1.1439726398999999,0.0001780290460212,0.29948249354862844,7.417037959302496,64.64594946374592
1613.0,0.01211907159999992,0.0001342186342173,0.20699607289944683,5.283418167957541,63.31149595321102
1614.0,3.1210486700000004,0.00026293654139249997,0.3440520373406408,6.750177811006608,64.28148999657843
1615.0,1.5796979208999993,0.0001957497639757,0.28633540321306933,6.36097693093676,64.04924187806182
1616.0,1.9358440040999998,0.0002146000115925,0.30466777588458316,6.41642967182883,64.08331962841343
1617.0,3.0832484975999996,0.0002464058949325,0.3513025655934347,7.694323798821012,64.78707917551833
1618.0,0.4362618397999998,0.00013988910824369998,0.2206953334655338,6.015298294326017,63.82881936612692
1619.0,1.5368672035000004,0.0001912684851997,0.264539022227739,5.689152254164421,63.607299365289585
1620.0,2.0936902579000005,0.0002484779998125,0.3353288225606447,6.128607530524856,63.90263243938059
1621.0,0.5208071318999998,0.0001403681984448,0.19580508216657902,4.770414840437644,62.90197248334087
1622.0,0.6734290339999998,0.00014911888367969998,0.1873294505355007,3.6925166838971735,61.892381714124326
1623.0,1.8870296798999995,0.0002549894513812,0.28921319456054667,4.147965784676487,62.34549208250503
1624.0,0.8145289064000001,0.00016306565930369998,0.19387804960213614,3.3970156733334482,61.57586504247868
1625.0,2.5800254219000003,0.0002635154209728,0.2885371943913145,4.616837049991456,62.771021364893315
1626.0,0.4970135520000001,0.00013590803740929998,0.1685527133325628,3.3740770443387267,61.550520457912235
1627.0,1.5033910746999997,0.0002124536432677,0.23194777737578534,3.441436733054205,61.62462361349493
1628.0,1.8801850944000003,0.0002008089414592,0.22110661799788817,3.9011013095218363,62.104973036801084
1629.0,0.9385531967000005,0.00013451272931969997,0.15604044110665222,3.2644800835899153,61.42785178943145
1630.0,1.5018866106000002,0.0001897904226048,0.20424462055276807,3.3404553899144114,61.51316679520914
1631.0,0.22788567959999995,0.0001423826747152,0.15477421848690762,2.1328007503099755,59.99841798462616
1632.0,0.6158039871000001,0.00013386906133,0.11705550137441191,1.580732396114998,59.183690774862825
1633.0,1.8716049196999998,0.00019996305756999998,0.14788620127844018,2.5141897967498354,60.51474315675505
1634.0,0.5860969928999995,0.00014316490218129998,0.13629619793712516,1.8191970750052067,59.54568408389256
1635.0,2.802365248,0.00025064687504519997,0.20086855691334626,3.658642025724193,61.85702306748339
1636.0,1.0380486735,0.0001587124765173,0.179326733859763,3.1997197112923343,61.35412899113468
1637.0,0.3976698223999997,0.00013170565436999997,0.14048749748432676,2.091613508477807,59.94043611342265
1638.0,1.1798657474999996,0.0001841781035925,0.15937244401033732,2.170272167027451,60.05078658596525
1639.0,0.8577896654999999,0.00013714334840319998,0.12103501813618692,1.860498995963682,59.606806281912164
1640.0,2.8412922045,0.0002720061801453,0.22074244557689818,3.6872878211345954,61.8869391671259
1641.0,2.0799268113,0.0002370323140368,0.26868804550336767,4.309124717271645,62.49625982884568
1642.0,3.0222430941999994,0.0002525704891173,0.30486128705923005,5.806591099835865,63.68865940098475
1643.0,1.5366343563999996,0.00015869941252,0.21607305067262267,5.546884837721845,63.506233479993384
1644.0,2.3160759542000005,0.00023180188092999997,0.30947772035005333,6.140499842240709,63.910289254260995
1645.0,0.6382222018000001,0.00015095039421569997,0.2107556637228372,4.906564229254315,63.01475827677015
1646.0,1.1817609067000006,0.00016974564928,0.21562205808217894,4.3914952463130374,62.5714702302305
1647.0,1.4938832178,0.0001721135872717,0.2093020015044746,4.252976820186626,62.44428046971038
1648.0,1.5931620449000001,0.0001713480462528,0.20575467592660193,4.258252031455003,62.44918881941102
1649.0,4.4074023309,0.0003244429103253,0.38978188624833754,7.286083179216628,64.57733725883665
1650.0,1.0423430999999996,0.0001591057070853,0.24279581334954328,6.2714329920527385,63.99348500029818
1651.0,3.1741956671999993,0.0002741764689925,0.3866118219724906,7.747307270993499,64.8134513362243
1652.0,1.0472463419999998,0.00015830880325,0.2508523982683666,6.674083381335293,64.23731757190825
1653.0,0.6890941116,0.0001366596775092,0.19872625824724696,5.441656567712352,63.4296590451311
1654.0,0.1785149827999999,0.00012847163081249998,0.1701557779262332,3.8013624910917727,62.00441076598629
1655.0,0.1744913455999999,0.0001459462737213,0.16752711974574444,2.459301368588842,60.442685245755754
1656.0,2.8583425351000002,0.00028110755543879994,0.2646730301461482,4.166413152999457,62.36299611990045
1657.0,1.0001864670999998,0.0001633316549812,0.19453705454341164,3.5151970470925153,61.704656333644145
1658.0,0.9415776753,0.00016168245272370001,0.17964040928209185,2.9313554949700933,61.03858981935615
1659.0,1.1563554191,0.0001567843747773,0.16071981632052856,2.705417961329914,60.76003616391282
1660.0,2.6163938031999994,0.00024889458547330004,0.24563743764192972,4.120860584802942,62.31965616384623
1661.0,3.7061248587,0.0002808436349325,0.33304095320268,6.335138435754167,64.03324604143268
1662.0,1.610920046,0.00018901177923720002,0.2678137183270473,6.129456699157846,63.903179734885825
1663.0,0.7962284699000004,0.00015963396054930002,0.2226939149579346,5.09972752197807,63.16962369311909
1664.0,2.082341362,0.0002344498505973,0.30242493331049813,5.606535338310046,63.548948668846464
1665.0,0.8223240364,0.0001673103373972,0.2243862912382057,4.596185623866321,62.75310459494257
1666.0,1.0707184563999999,0.0001609472409093,0.1992554371226439,4.017195779135139,62.21955185491952
1667.0,0.8166084423,0.00013254878493249998,0.15559137613055182,3.2316686650141833,61.390615319022594
1668.0,1.3065616071,0.0002155724924733,0.23096013709927107,3.159040311477016,61.307344029109714
1669.0,0.9179121731,0.0001336281649908,0.14172837036809624,2.6415655769957995,60.679116666261116
1670.0,0.18195408459999984,0.00012893556800369998,0.12578158862821587,1.5089069641057318,59.07157561528886
1671.0,2.4801626626999997,0.000273746833,0.19703788550754664,3.119127442473241,61.26108111340092
1672.0,2.4452471311000004,0.00026609397194130003,0.28062015751657104,4.2585121689564485,62.44943073240657
1673.0,1.1769199901,0.00015830880325,0.19019492146466768,3.772597335434023,61.975037880007605
1674.0,3.4684343896000005,0.0002917908889792,0.333896030471997,5.908883228792057,63.75804943515305
1675.0,0.8370406126000001,0.0001665003539757,0.22844584557282818,4.938237854148012,63.040561236689335
1676.0,0.5438065279000002,0.00013073394103679998,0.16649050291088238,3.7002925955512995,61.90046503749758
1677.0,2.2554218909,0.0002559260364957,0.2905285163646786,4.569203425541248,62.72958387527815
1678.0,2.0841048516,0.0001966096361493,0.24284444512297895,4.998636776521614,63.08931717837469
1679.0,2.1413585162,0.0002009908491613,0.2572014622213765,5.455288047257383,63.439667647634494
1680.0,3.5733591394,0.0003005540386837,0.39848598267350194,7.411213648137047,64.64292580875342
1681.0,1.2345545966999998,0.00016406484628679998,0.25290629883857113,6.591525805289004,64.1887316965052
1682.0,3.576276301900001,0.00028982433746369994,0.418780264054949,8.436326714290711,65.1420588597163
1683.0,1.9056766303000003,0.0002098194593325,0.352384964346437,8.188825632286976,65.02677297530035
1684.0,1.1609788151,0.0001729333997925,0.2843689792692995,7.167932585401714,64.5142643519093
1685.0,1.9931992640000002,0.0001974355136157,0.29844963030839095,7.1933812652633,64.52794653830641
1686.0,0.6525585940999998,0.0001321220006928,0.2001259006748838,5.830896980319901,63.7052702956139
1687.0,3.1959009606999995,0.00026895009107729995,0.3668524574322575,7.4123865914275235,64.64353494001475
1688.0,1.9340780967999995,0.00018201895825919998,0.2806092925445382,7.390738418088609,64.63227591562904
1689.0,1.2643767216000001,0.0001759281930093,0.2707440251533639,6.5837184453171105,64.18410067416036
1690.0,0.8399296598999999,0.0001401965501925,0.20245476336257762,5.454779798125718,63.43929495630506
1691.0,0.6815720220000001,0.0001296245573908,0.1718545194467231,4.316965199301071,62.50347206041624
1692.0,2.8555662655000003,0.0002515672813957,0.3038681268140714,5.652906973319346,63.58181490816289
1693.0,1.7602023261,0.0002136329875213,0.28751693872103534,5.7415637529712615,63.64383654724226
1694.0,1.8051806554,0.00022058511352319999,0.29886490065042925,5.841523170770117,63.71250812169971
1695.0,1.3265374079,0.0001769481268117,0.24155330456947785,5.294515287533436,63.31990303960301
1696.0,2.5113034800000005,0.0002634326477877,0.3449961039135312,6.235240066708036,63.97068827680153
1697.0,2.4191268489000004,0.0002312474136717,0.3251857315168434,6.863053711940351,64.34597007213561
1698.0,0.7509215891999999,0.00015527525173,0.22913633028785035,5.695883781708899,63.61201275504474
1699.0,2.2138995160999997,0.0002359709765773,0.3186119135000243,6.193372372421129,63.944127116909804
1700.0,2.7126351423,0.00026071536379079996,0.36546515430263465,7.146387141467814,64.50263833018681
1701.0,0.3775344222999997,0.0001399212788893,0.21114640234022866,5.4757869771091645,63.45466836073524
1702.0,3.9643483659999994,0.00035165374223729994,0.46696388137651273,7.9709751477980975,64.9228766373406
1703.0,0.3835607916999999,0.00012877096841169998,0.2078904808727415,6.179303381555968,63.935155456355616
1704.0,2.3713149004,0.00026334989997,0.36876590922140395,6.854573444227482,64.34116813432937
1705.0,1.7445820882999996,0.0002008291421517,0.296162905332033,6.633197029989056,64.21334281015307
1706.0,0.8253647331,0.0001356633600453,0.19665600011135306,5.473414190767024,63.452935077894516
1707.0,0.6853281095000001,0.0001449473864973,0.19244208184623302,4.422864244361767,62.59978927320524
1708.0,0.5187811344000002,0.00014663861988,0.17882240172732558,3.3024600108899786,61.47065830735978
1709.0,1.8722984869000001,0.0002340102627693,0.253111683936429,3.8523372357906025,62.05605418682731
1710.0,0.2013632018,0.0001342980078228,0.1549971796516107,2.4666499174306704,60.45237565753779
1711.0,1.8547061478,0.0002019241651677,0.19040500815109085,3.099831882593418,61.238587315620904
1712.0,1.5032133199000004,0.00020695347933,0.217642080719585,3.2843246033295164,61.4502576480154
1713.0,1.1150063039,0.0001735373133637,0.18725092439268518,2.996067112190443,61.11617677767212
1714.0,1.6075612124000003,0.0001848894533125,0.1914497005074373,3.1947523418671384,61.3484358200812
1715.0,1.3758393415999999,0.0001722077920573,0.18356354787660006,3.129780492454587,61.27346400612461
1716.0,1.3970574327,0.00018257658324479997,0.19283867634294,3.1542237870780756,61.3017801455158
1717.0,1.9846469532,0.00019458600504369998,0.20624063112733054,3.7239759516050706,61.925008509203884
1718.0,2.1145639908000002,0.00020507136432,0.23341291224948998,4.381647521734191,62.562543389078265
1719.0,1.7624625536000003,0.00017162847901319999,0.20852784265162616,4.581764176748582,62.74054899040393
1720.0,2.4172539971999996,0.00024024759596369999,0.29706411832745994,5.4699786190970965,63.45042402198949
1721.0,0.19714985269999996,0.0001327536346237,0.17620675726664473,3.815214017098002,62.01849551646795
1722.0,0.9859189699999993,0.0001647913408125,0.18944044740807897,3.2533286170511633,61.415223016849204
1723.0,3.4879148040000008,0.0003056056457652,0.32838563838565177,5.4514001106316545,63.43681574017334
1724.0,1.1182333279999996,0.00015950147439329997,0.21141051393081683,4.852045004331742,62.96996144941325
1725.0,2.4812384831999994,0.0002429247162333,0.30721947061640376,5.791263599729058,63.678144604083556
1726.0,1.9928530703000007,0.0001766344150548,0.24021466875993727,5.974813111306995,63.80206290653982
1727.0,2.7433783772,0.0002717218278213,0.374668542066198,7.084381811229065,64.46895992054439
1728.0,0.729101489,0.0001312940894613,0.19715360337369267,5.73818506268683,63.64149229978048
1729.0,0.31277157340000006,0.0001286454467328,0.1742539300282224,4.194391613848918,62.38942156711383
1730.0,3.8132012591000004,0.00035353778462080004,0.42220299827725766,6.652276051440698,64.2245514371306
1731.0,1.7488320586999997,0.0002019648794173,0.29319697496123776,6.460622100944043,64.11023515218994
1732.0,2.0695694812000003,0.0002412793300948,0.3451554832148485,6.779093765901097,64.29812548607278
1733.0,0.5443706359,0.000128607657,0.18854547640992786,5.293776260839611,63.319343730152305
1734.0,2.7264246981000007,0.0002883797588493,0.37764578733336224,6.3754483533856785,64.05816803246053
1735.0,0.4707116324,0.0001302925589325,0.1851801545541398,4.969257020293767,63.0656740040815
1736.0,1.0637252591999995,0.00016077147297280001,0.20525266776821016,4.289239443198268,62.47791733633936
1737.0,0.4314584375999999,0.0001436426268573,0.17306548074252232,3.061073436958222,61.19315057610658
1738.0,3.1048978383000003,0.00030842950598369996,0.32251757732278186,4.895764389140355,63.00592293540982
1739.0,0.20394629590000024,0.0001586341348125,0.20133192475700726,3.4524886926306064,61.6366891178456
1740.0,2.8516608888999997,0.00030177101445279995,0.33272990266585106,5.00652160016362,63.095638987612155
1741.0,1.9459836893000002,0.0002008291421517,0.2571557316490295,5.25202193371295,63.287610569550026
1742.0,1.6156181535000003,0.00020284296277919999,0.2647770858873359,5.142630822712058,63.20322254678451
1743.0,2.5467771039000002,0.0002387213455552,0.3089718782117199,6.067217097641924,63.862835290473946
1744.0,1.6226537782000001,0.0001983457509253,0.2754023923942528,5.859262623375552,63.72455832564543
1745.0,3.7661806774999995,0.0002967131645997,0.40558653626050295,7.950761545109787,64.91310791607131
1746.0,3.7198748508,0.00027118233493,0.4370604303545477,9.753510314752583,65.72772585656489
1747.0,2.8398064440000006,0.0002450174218333,0.46094445742659557,10.290731354397433,65.9652912395318
1748.0,0.5530445219,0.00013104656783519998,0.25783619274469427,8.081652036716807,64.97596800011011
1749.0,2.3670678994000003,0.0002231555400448,0.3636395447197086,8.398004795381633,65.12438011848197
1750.0,1.5494776938,0.0002025156252688,0.3390040590472575,7.700681138320713,64.79025308364807
1751.0,0.9323321408999998,0.0001618469492925,0.2554711640681245,6.525613545755796,64.14943463635147
1752.0,0.9260457285000001,0.0001468214388852,0.21107825120227214,5.534796248452051,63.4975163674903
1753.0,1.0601387421,0.0001882197477333,0.2510611900780783,4.804227367066998,62.93026881014544
1754.0,0.6645284064000001,0.0001320946812852,0.16640502196471324,3.7887124683237112,61.99151403418324
1755.0,1.2278803354,0.0001728700667053,0.19816130972882806,3.441792321141361,61.62501221774387
1756.0,0.3227818819999997,0.0001411856588788,0.1554635166751189,2.254665285452263,60.1674070393548
1757.0,0.7527022844999998,0.0001511876256528,0.13613717123829738,1.8268494974727028,59.55704353438825
1758.0,1.7549388043,0.0002199480313488,0.17668219658971177,2.555529287622683,60.56852423187689
1759.0,0.9669242906000002,0.0001764697123008,0.16937171419025002,2.2184871452736044,60.117637203087035
1760.0,1.8822404182999994,0.00020828454407969998,0.18596610954577772,2.9116353115442193,61.01475372697749
1761.0,1.7590807391000003,0.0001927070203893,0.19692538885560715,3.371119204560366,61.54724411462645
1762.0,1.1625113021,0.0001679793929557,0.18332317687279925,3.0409244378944735,61.1693952237956
1763.0,1.1258423655,0.00018294409319249998,0.19072678775840193,2.7765889931000993,60.849080755953146
1764.0,1.3659538067000003,0.0001835770021293,0.18344512033253058,2.876254269588874,60.97176161024092
1765.0,0.44551078880000006,0.0001284306291648,0.13049482027906617,1.9728515376293891,59.7707619488924
1766.0,3.8172704044000003,0.0003033375111828,0.2542838518564396,4.823986040697533,62.94671600762331
1767.0,1.9050351514000008,0.0002260191549877,0.2851863798711871,5.162138663327747,63.21840558085779
1768.0,1.6226382955999998,0.0001791725995188,0.2322527517902725,5.100039517030514,63.1698690579888
1769.0,1.8638975731,0.0002394706498612,0.3089090058208264,5.305756159179626,63.32840031594606
1770.0,0.8686392048,0.00012940248503679998,0.16961453805404944,4.350021880210351,62.53375632558985
1771.0,3.3479940260000003,0.0002764496840148,0.33492879709316026,6.2438529007242956,63.9761269617066
1772.0,1.3241111735,0.0001698067162128,0.238942056514717,5.723575713098839,63.631338276954935
1773.0,1.5749723710999999,0.0001812396813477,0.2452242139077928,5.518224746567072,63.48553319332819
1774.0,1.5677428801,0.00020937026635680002,0.27892239911714023,5.3542587284924394,63.3648499235336
1775.0,2.1145891990999997,0.0002021482330612,0.2659550994195695,5.7696004206439335,63.66323066171729
1776.0,0.5376202375000001,0.0001446496136692,0.19639621245131084,4.48949980787698,62.65936128208881
1777.0,0.07271413309999986,0.0001291542743013,0.15842841382376657,2.8549430179090924,60.945725033556016
1778.0,1.4998919390999998,0.0001874694085332,0.18981888431763985,3.0727685847143773,61.206896688451025
1779.0,1.5969370585,0.0002038499225253,0.21353009116949065,3.354332130497591,61.52861353955272
1780.0,1.4203069871,0.00017630529140679998,0.19199417831342777,3.3284578580168405,61.49977815886192
1781.0,1.4842034487000002,0.0001942388560213,0.21081340124290343,3.4129943467057244,61.59345271296084
1782.0,0.5940725363999998,0.00014400734286129996,0.15800009825078146,2.527532488985552,60.532147318597694
1783.0,1.0958752319,0.00015347360626529998,0.14649650395447736,2.3007405305575768,60.230309035961604
1784.0,3.3663642488,0.0003040604658933,0.276690595013737,4.5803174227794266,62.73928742228074
1785.0,1.7902329523000002,0.0002327212240272,0.28772216950795015,4.855562380260331,62.97286626749756
1786.0,1.4550818423999998,0.0001861812474037,0.235525093299584,4.616308329395364,62.77056357738107
1787.0,2.6619945077000002,0.0002800240089477,0.3472692734497837,5.756056077871642,63.65387453514086
1788.0,0.7941820927000001,0.0001308914915877,0.17753510680427814,4.646603025172433,62.796716224922065
1789.0,3.2301651395000004,0.00031485671682370003,0.39147038426121766,6.379004705195864,64.06035806058172
1790.0,2.8486441289,0.00027306073451679997,0.38819649321484273,7.418562809001257,64.64674065926302
1791.0,2.4348536524,0.0002202207959808,0.3396732528536005,7.895409255728627,64.88623870132635
1792.0,3.9701373175000008,0.00032731205481250004,0.5250846544580865,9.95566589721028,65.81661170706332
1793.0,1.5252101846999997,0.0001985046618837,0.3798730979626965,9.01397956055856,65.40263302634565
1794.0,0.43523815509999975,0.0001311748268133,0.23156047316575543,6.950040919966216,64.39483841630346
1795.0,0.7224834218000002,0.0001320862856925,0.19625039987118562,5.613862715652661,63.55416167957359
1796.0,1.7343174731999995,0.0001700667537973,0.22820941420090166,5.6110917818325605,63.55219118980442
1797.0,2.6818228864,0.0002534715459925,0.34005751258028,6.673897950364849,64.2372092224559
1798.0,1.6966206440000002,0.0001951278298125,0.2837447643033365,6.477688253846514,64.12057251374556
1799.0,3.0848924056000007,0.0002772306390213,0.39710214983946973,7.864888237040558,64.87134703618591
1800.0,0.30516169429999973,0.00013630931973,0.21811508971831994,6.06615805214876,63.86214473531942
1801.0,2.7549514376,0.00026799479306369997,0.3720801514358783,7.157675751449315,64.50873458525967
1802.0,2.0810681075,0.00021446782335329999,0.3239311492963917,7.227149147508662,64.54601871922173
1803.0,0.9167902305999998,0.0001454627561812,0.22092923135587228,6.1076726886166615,63.88911236697655
1804.0,3.4813639102000007,0.0002809315830672,0.39126403323728465,7.911608870216881,64.89412059144888
1805.0,1.5407448564000004,0.00017591183125,0.2825861025027836,7.403374988215843,64.63885238663403
1806.0,0.9308071587999995,0.0001687445558548,0.25995481372425133,6.2825110075432775,64.00043248841962
1807.0,0.38774121559999974,0.0001468621893492,0.20726195726597935,4.819547669920435,62.94302712607318
1808.0,1.4546746848,0.0001768159136325,0.22302179244035927,4.642998829443137,62.79361308958022
1809.0,0.43882132559999976,0.00013988910824369998,0.17387517495820445,3.418151299391414,61.599117245691986
1810.0,1.5640874671000002,0.0002020463417397,0.22182241774275607,3.576854443646601,61.770674928198865
1811.0,2.6076498891999993,0.00025302061026719996,0.28319397157703324,4.785616741209514,62.91471792759274
1812.0,0.7233498776,0.0001336933228212,0.168161662202038,3.8472541175914095,62.05092771928284
1813.0,0.9086117502,0.0001865607730432,0.21519935534530615,3.2475041930788877,61.40861610799638
1814.0,1.8152206663000001,0.0002051337336597,0.22025063832344516,3.7238212819990415,61.92484859383872
1815.0,1.6871333891999996,0.0001850322644277,0.21060073020198933,3.8917151241610997,62.095593715121375
1816.0,2.4025642346,0.0002419866517812,0.2804406336364564,4.858594644054913,62.97536882429664
1817.0,1.9465517439999998,0.00021254072024129997,0.2689369183149836,5.17615061910929,63.22927503798293
1818.0,2.0780199438999998,0.0001824194594925,0.2367199047732365,5.5895687483101275,63.536849406009274
1819.0,1.9459828567000006,0.00023889595632930002,0.31998160443920826,5.896934091977725,63.75001333142088
1820.0,0.4956022706999996,0.0001530241406997,0.20976721387245523,4.5347525400613975,62.69936799740567
1821.0,1.9251018415,0.0002314401027325,0.28501802547611177,4.9440963751813065,63.04531610034162
1822.0,0.6847811011,0.0001336227534925,0.17024941734674456,3.894081945576273,62.09796044938189
1823.0,0.7525653563000001,0.00014321050606080001,0.16600895687200004,3.0637621824359194,61.19631358989447
1824.0,0.5719323687000002,0.00014684180848,0.15361026884106688,2.2422169803157805,60.150319815025966
1825.0,4.817164028800001,0.0003673145943925,0.3297922696252144,6.027817106034542,63.83705176296255
1826.0,2.5792074120999997,0.0002492596898325,0.3450704710652377,6.845537249945665,64.33604391220295
1827.0,1.1294590505,0.0001564440515088,0.23054542406341597,5.9995667687105545,63.8184467349986
1828.0,3.2925760331999996,0.0003115968837588,0.43045230143748825,7.6884369576450915,64.78413780849434
1829.0,0.6821192350000002,0.0001451812540372,0.2289331239496113,6.20974107482256,63.95453596275172
1830.0,3.3307107140999994,0.0003034003176192,0.42582665205902787,7.831736066664513,64.8551088462043
1831.0,2.1405769434,0.0001864522103092,0.29752761486053314,7.944993246596413,64.91031602818768
1832.0,4.0887494787,0.0003083021117557,0.49664555637643,10.075071817178678,65.86935412260877
1833.0,2.0881932703,0.00020800896388,0.40205268769043184,9.667749136005277,65.69011387929004
1834.0,0.5123302940999999,0.0001528830497853,0.2855217745404197,7.6239789227884085,64.75178106817303
1835.0,1.2105210175,0.0001765520284453,0.27692606100985523,6.807605853499268,64.31444897383655
1836.0,1.2844029299999997,0.0001896231518925,0.27861482957560485,6.137929148649351,63.908635558568776
1837.0,2.0625934783999997,0.0001823148371613,0.2544970502679745,6.3246224515107485,64.02671438830934
1838.0,3.588899304300001,0.0003008968541952,0.42600506006851774,8.238875240695995,65.0503067378662
1839.0,2.1092049253000003,0.0001959447103077,0.32358132905839737,8.251263935350991,65.0561139046701
1840.0,1.8970786268,0.0001897346403333,0.3136564612849043,8.061330295088018,64.9662687322375
1841.0,0.6578715114999997,0.0001404269376912,0.228438390863547,6.56344108854281,64.17204325041371
1842.0,1.7313846567000004,0.00025264986307079997,0.3642782212369377,6.543484251872178,64.16013433828563
1843.0,0.39237949719999987,0.0001284306866053,0.18489187271618618,4.933291106728002,63.036542066405524
1844.0,0.26787054949999956,0.0001371083424597,0.17453901253364304,3.42546645565434,61.607142621562396
1845.0,0.7366774608000002,0.0001637678323437,0.17996232124332073,2.674818701051244,60.7213803656588
1846.0,1.3168637967999999,0.0001705738579828,0.16741753055359845,2.701219603986187,60.754745701600264
1847.0,1.2981172928999998,0.00019175878356929998,0.18910749260547238,2.7378262850406183,60.80073296127384
1848.0,1.6700685092,0.0002263008151213,0.22462289005974093,3.181742967985012,61.33349959010869
1849.0,1.1597042251,0.0001623014076672,0.17269029144927844,2.969379023497755,61.08429554692749
1850.0,2.138354687,0.00021879330974369999,0.22562606958150055,3.744445221735874,61.946129034927715
1851.0,1.1208781125999994,0.0001602336362688,0.18279121228250472,3.352336496646012,61.52639469291118
1852.0,3.1000356141000003,0.0002535246508077,0.2760138360962254,5.103612365366255,63.17267780153216
1853.0,3.1085596996,0.0002807557121652,0.3622669697993578,6.606638853468986,64.1976782001311
1854.0,1.7962742456000003,0.0002104633198125,0.30446172458159326,6.581175959083973,64.18259120127651
1855.0,2.0102541371,0.0002052377389312,0.29632140603266427,6.716434968056587,64.26197359987697
1856.0,0.4125592344000002,0.0001311866389248,0.1913935297459231,5.120294529747021,63.18576596171932
1857.0,0.6331087859000002,0.00013630265677329998,0.1761054404898277,4.03593127785316,62.237796771855706
1858.0,0.8933753340000004,0.0001547488901877,0.18199005262930332,3.392052866866407,61.570391319804486
1859.0,1.1418846094,0.0001665883014693,0.1822915954620903,3.0540446091019597,61.184874178919976
1860.0,1.9242885454999996,0.00022952132969249997,0.23975465354896122,3.6447844455814122,61.842490316650036
1861.0,1.6610359076,0.0001848894533125,0.20857384378825936,3.78041149776538,61.9830336473934
1862.0,3.061782375,0.00029662077717,0.3397112754676064,5.481088535791139,63.45853816216017
1863.0,0.9960146415,0.00014621559363720002,0.19423918548034505,4.675623942977085,62.821621484828285
1864.0,0.22183709559999976,0.0001330403705517,0.16581771722762847,3.223348925975432,61.38113578587313
1865.0,1.5206254228000002,0.0002187030533893,0.23404738229293487,3.4253089856114043,61.606969983742324
1866.0,2.5179170992,0.0002527292623917,0.27771539131899026,4.521371448889682,62.687575720584235
1867.0,1.8786172271999995,0.00020915680182279997,0.25727766639741445,4.871150700739727,62.985715394283766
1868.0,6.076016530799999,0.0004271285399487999,0.5410152271036112,9.545540104409064,65.63655570889675
1869.0,2.0852036490000003,0.0001860009577917,0.34375901398234837,9.223912031255821,65.49537944233103
1870.0,0.40663758680000006,0.00014537468249170002,0.2613317853936202,7.1572869658398375,64.50852480551097
1871.0,0.2986840050999997,0.00014229413053319998,0.21491369693965076,5.469569042863941,63.450124550592314
1872.0,2.0931001229999997,0.0001966880769325,0.26106018293650923,5.782789582937536,63.672318077676124
1873.0,0.9149543814999999,0.00016529415747999998,0.22464907407777707,4.870868886493699,62.98548345445033
1874.0,2.110310959,0.00021113130729480002,0.2674198308291476,5.304617066133667,63.327540101201016
1875.0,0.7972760342999998,0.0001480635702612,0.19405757609519722,4.328756279900018,62.51429713876165
1876.0,1.6902556534999995,0.00024231580229249999,0.29300813385125285,4.537788327826156,62.702038950499784
1877.0,0.3901397871000001,0.0001312826570197,0.1617167911739207,3.2974920447243754,61.46507696110179
1878.0,4.1675329667000005,0.0003792770050317,0.40996621715440174,6.28261743623624,64.00049916602775
1879.0,0.9068733280000001,0.00013391900781729998,0.1889971798730722,5.2745964259745906,63.30479954522894
1880.0,1.8633276926,0.0002122796246133,0.2775786087311247,5.481297310276258,63.45869047224908
1881.0,1.4365312374999997,0.0001884586494912,0.2503606818986385,5.1145951893703785,63.18129935062597
1882.0,1.0031890552,0.00016306565930369998,0.21058960269427054,4.373910264207878,62.55551735476314
1883.0,0.3783107607999998,0.0001408822217332,0.17105228231852376,3.139540222181141,61.284786150086944
1884.0,4.450972296300001,0.0003575811408237,0.3782075003925958,6.432621993866104,64.0932063712494
1885.0,1.6209204531,0.00015384329003519998,0.21960640969369116,6.1192162988288805,63.896573946720586
1886.0,2.0936024457,0.00023844723623730002,0.33238376915486034,6.46037382725574,64.11008453453769
1887.0,1.4051079879999997,0.00016527974337329998,0.23643188940793916,6.0214333127383215,63.83285618969934
1888.0,1.9635952004,0.0001945280834548,0.2691716193882587,6.13538482194151,63.90699804577255
1889.0,1.5341253095999998,0.0001888824887325,0.26361434618159113,5.793372382602705,63.67959308065853
1890.0,2.9051073721,0.0002611800035493,0.3552491670779884,7.0477009547567135,64.4488803018259
1891.0,3.1068997334999997,0.0002545357844325,0.38110656344745725,8.311240884831978,65.08412943459153
1892.0,0.7730020658999996,0.0001522763459733,0.25302255849595473,6.839471187356888,64.33259963612319
1893.0,1.5351509912,0.0002214074662032,0.326124985722395,6.543943505818116,64.16040886179402
1894.0,1.0627293383999996,0.0001644343,0.2367318701594735,5.686283036603385,63.605288487173766
1895.0,2.3814571643000004,0.00023842233412,0.32168876214495046,6.347513890646917,64.0409166717634
1896.0,1.2238307774999995,0.0001761739576308,0.2498584345203468,5.720383805719315,63.62911598050008
1897.0,1.1121175478999996,0.0001683985748013,0.22779490009120848,4.991978903174642,63.08397138451887
1898.0,0.6320507896,0.0001289818809813,0.16496646791321573,3.9211173940068393,62.12491635446497
1899.0,0.4806801611,0.0001598066139328,0.18576702588155386,2.8184689131855056,60.900916607126554
1900.0,1.3753280895,0.00016232904924999998,0.1633697222120965,2.842281420236696,60.93020565082263
1901.0,2.9321001707,0.0002695699613437,0.27237796595219826,4.541016025865595,62.70487697686912
1902.0,0.7539559383999999,0.0001590531297757,0.19597972530192906,3.6012252577450763,61.79655003171262
1903.0,1.3178557368,0.00017325074169250002,0.19446471764731021,3.4146919252542443,61.59531800814539
1904.0,0.8878215072,0.00016763671812,0.1839647768770153,2.8845566594805794,60.98187616884937
1905.0,2.878073701,0.00024889458547330004,0.25323634469422635,4.5082547686596905,62.6759858683588
1906.0,3.6265506905000002,0.0002844109983508,0.3494469995466331,6.70188095667624,64.25352087676804
1907.0,3.9272141564,0.0002891915352468,0.421438187845022,8.807449802511346,65.31055985281168
1908.0,1.6511411805999998,0.0001870142099757,0.3242853875364121,8.233909528152015,65.04797707915876
1909.0,1.6021970575999998,0.00020382930468,0.3364597701434624,7.696604564268208,64.78821815337834
1910.0,1.5346905687999999,0.0001917021134388,0.3024948462975659,7.163473798430797,64.5118615706829
1911.0,2.329761176,0.0002192678954868,0.3313342851193299,7.508683243179602,64.6931958505989
1912.0,0.7752545199000003,0.00014617556473479998,0.22712405090868634,6.151421787577721,63.91730640526031
1913.0,1.6739736597000006,0.00015692361408519998,0.21927613672408858,6.006008263325822,63.82269767162978
1914.0,4.1828883256,0.00031651369603720003,0.4374566784253609,8.536910987044145,65.18818978721988
1915.0,3.1146557839,0.00029112395373000004,0.4931725184114334,9.59063701382275,65.65631746173261
1916.0,2.1457471224,0.0001977119109957,0.36681752955495095,9.336397632055224,65.54483616495149
1917.0,1.5993157566999994,0.0002089649247325,0.3793119463528475,8.610432659615427,65.22167670973367
1918.0,0.4340367641999996,0.0001386696291933,0.23640122315126358,6.714860583844077,64.26106024251645
1919.0,1.4825895875999997,0.00017991949092999998,0.2624598676435175,6.232475607470885,63.96894079620912
1920.0,1.6014157671999998,0.0001708826877108,0.24024911805323204,5.955270379721362,63.78907383345751
1921.0,1.6387922799000005,0.0002052169322397,0.282551194592341,5.84038671584861,63.7117347488911
1922.0,1.5556153531000003,0.0001987433665533,0.27128296051233075,5.5738863244568915,63.52563038667177
1923.0,1.2164864215,0.0001886980275925,0.25244577166640203,5.018120961607602,63.10492102364714
1924.0,0.24196743659999975,0.0001302224480532,0.16689965013200034,3.516501583464117,61.70606142606967
1925.0,1.5336122324000003,0.0002128894791117,0.23657215393451014,3.592515053997943,61.787316411733244
1926.0,1.6919228251999998,0.0001848894533125,0.20731796310446202,3.8484120317779773,62.05209596159278
1927.0,1.1814510638,0.00017558518797,0.20256376434376347,3.4520273041061333,61.63618593815118
1928.0,0.4658376382999996,0.0001539751192437,0.16976183092462088,2.4099237395307025,60.37722381905405
1929.0,0.15344843709999978,0.00014274865270769998,0.1330296250778492,1.3254408083570413,58.778582480383584
1930.0,1.3359161527999999,0.0001694257877653,0.11294610333121258,1.7563548582309405,59.451799392706064
1931.0,0.9787542444000001,0.00013127003399249996,0.10313401017876607,1.621599369997491,59.24683928706373
1932.0,1.8239849469999996,0.0002507518895892,0.1882091524056101,2.494485209682642,60.48896042724604
1933.0,0.5331839364,0.00015017967124680002,0.14241284002121948,1.784660509394869,59.49421998929004
1934.0,0.22391438870000013,0.00012846343329569999,0.10184576247647459,0.9456319797603587,58.14103433801387
1935.0,2.2935340600000007,0.00026525951772929997,0.14424561500140123,2.567155000919167,60.58357341993587
1936.0,1.8242176362999998,0.0002149750959732,0.2067925426190879,3.177890596727903,61.32906940141867
1937.0,2.6310594588000003,0.0002630191623732,0.2797040448898589,4.461367324506835,62.634307458953565
1938.0,2.8617240203000005,0.0002520419777053,0.3084077600300099,5.853459365463147,63.720620730225214
1939.0,0.7289467624999997,0.0001480004997312,0.20221820874980764,4.690545712195291,62.83437109071852
1940.0,1.5220721787999993,0.0002243144672148,0.27992919718066067,4.642258348866153,62.792975275370196
1941.0,4.418398226000001,0.00036325864143880006,0.45148408467139856,7.677509337409972,64.77867178068144
1942.0,2.2952537889,0.0002459421573397,0.3874710928393857,7.92739923816278,64.90178876656917
1943.0,1.8340289719,0.00019119322379729998,0.30754050064558625,7.6445931668273435,64.76215923895549
1944.0,2.1110252119,0.0002078819336788,0.3266213986888439,7.784685742252229,64.83194863560837
1945.0,1.5862546314999992,0.0001952830427677,0.3104020697849252,7.2712174306293065,64.56946370564566
1946.0,1.6333005879,0.0001836651950548,0.27993899200433214,6.8411528784000595,64.33355484137215
1947.0,0.5654607198999995,0.0001463962817808,0.2156645976402976,5.460417384216869,63.44342683864067
1948.0,0.16342864159999992,0.0001484335040317,0.19687566527917374,3.7748075731959405,61.97730073601391
1949.0,0.9129553719000003,0.00016176465027329997,0.18515165334057018,3.1400694297399463,61.28539946658693
1950.0,0.45884114389999997,0.0001536163883397,0.16248971815511193,2.209389939309582,60.10506955589396
1951.0,0.3365654830999998,0.00014651724789119998,0.13053473845505223,1.322686299945011,58.774110366485445
1952.0,2.6784850567000005,0.0002743771828212,0.1826839845619768,3.1764413058254277,61.327401875056196
1953.0,1.7642423421000002,0.0001946632732893,0.20696987143981832,3.5897745280770548,61.78440793194898
1954.0,0.8631091539,0.0001590137263888,0.17824623263537892,2.916137300052017,61.02020329448399
1955.0,0.7812467583,0.0001654817973597,0.1692258351109564,2.3571172911863405,60.306542958770144
1956.0,2.0753388413999994,0.0002107431138192,0.1941836024632281,3.27415168686531,61.43878250949123
1957.0,1.5726309363999995,0.0001991421096213,0.21458706922068277,3.4393120475290306,61.62230108892634
1958.0,2.8853814004,0.00026954175582719997,0.29670845251096706,5.0076540572213535,63.096546144055694
1959.0,0.5618679273999998,0.0001322045677332,0.1692992464429405,3.864328093754954,62.06812690345286
1960.0,0.9271851114999998,0.0001513464705012,0.17489438729412657,3.191829038454092,61.34508281777457
1961.0,0.4117914075000002,0.00012848845905569998,0.1369055692383252,2.1724446088233496,60.0538115771519
1962.0,2.6789663985,0.00024175905739169998,0.21347619799533796,3.7135739112022126,61.91424280321758
1963.0,2.0868322340999996,0.0002163722174325,0.24599115471449937,4.364911123402036,62.54733178672128
1964.0,0.3741516620999996,0.00013804876008519998,0.167476223806322,3.1251061927177974,61.268033833886086
1965.0,1.7177861102999996,0.00022072191862919997,0.23297164135095413,3.453879921760041,61.63820608539031
1966.0,0.7966009243999999,0.00015651950132999998,0.17260665718898927,2.761703902479839,60.830557148931575
1967.0,2.1221777639,0.00023315812291079997,0.23239369814178626,3.6104532385172665,61.806315317435654
1968.0,0.2780874726000002,0.00013625609499719998,0.1531041961538272,2.3592278396787707,60.30938132692783
1969.0,4.418290774399999,0.00032848569828000006,0.30281344005510363,5.656471247377686,63.58432891575824
1970.0,0.47954313819999994,0.0001485717874068,0.20000844382331162,4.36770722227539,62.54987667533679
1971.0,1.6589701625999997,0.00019175878356929998,0.2326941057703259,4.459717797715858,62.63283407922232
1972.0,0.6118541535000002,0.00012914993508,0.158009623410929,3.422981281392731,61.60441745136244
1973.0,2.4031918111,0.00024782852925,0.27225071598404654,4.471843674582033,62.64365376931922
1974.0,1.5257982759000002,0.0001945666950288,0.23829828587558374,4.399752211329279,62.578941569627446
1975.0,1.5888772763999994,0.0001757157099892,0.2138403469125129,4.360884415918875,62.54366435789615
1976.0,0.27451444349999976,0.0001317013590373,0.15971772714388074,2.9652084520483384,61.07929864428963
1977.0,1.5519426971999999,0.0001468214388852,0.15130846555007654,3.1319456181147522,61.27597758733458
1978.0,4.652297218300001,0.00037077652257329997,0.3917383404870694,6.549920603462418,64.16397970204802
1979.0,1.2005871564000001,0.0001898090223325,0.27338853878436176,5.801494987723572,63.68516685109061
1980.0,2.6822426346999997,0.00023752773508480001,0.3232756696136368,6.826193549708507,64.32504843419476
1981.0,0.9716002303,0.0001573689172197,0.23155860775005552,5.8935801559850445,63.74775443889832
1982.0,2.9125281804000007,0.00025805273505280003,0.35365234031354037,7.047952830105859,64.44901858334251
1983.0,6.390519455900002,0.0004236508003173001,0.6343285623808699,11.752064479696466,66.66398466161576
1984.0,0.8602927040999999,0.0001362826848148,0.29826132931312305,9.725371264406544,65.71538085426852
1985.0,0.33595006389999993,0.0001361369989008,0.25549865841845765,7.5505098330961165,64.71455678304591
1986.0,1.3305417518999998,0.0001833128461428,0.28580253816755913,6.888949053250546,64.36059135829504
1987.0,0.48711657230000016,0.0001456790085648,0.2154112766172534,5.376815767088266,63.38168346040996
1988.0,1.7929248429999998,0.0001704814289152,0.2246807529330957,5.3638853262600446,63.37204304499169
1989.0,0.19665035109999973,0.00013665286798529997,0.17991920703331307,3.7921886465692998,61.99506121849767
1990.0,0.3630382863000001,0.0001379826038293,0.15822920421970954,2.632802414582769,60.667934530112845
1991.0,1.9717368939000006,0.0002156389966992,0.2100229123201274,3.3452685242687537,61.518529217295615
1992.0,0.8040506734000004,0.00015002493028,0.16318356922420366,2.6509913781578502,60.691123645151066
1993.0,1.7328279089,0.0002194716698877,0.2144752839125766,3.1774114588336984,61.32851816634193
1994.0,0.4493592794999999,0.00015749678087169998,0.16747649748005722,2.201207860841463,60.09374799929939
1995.0,5.1997879524,0.0003815383268037,0.3392548261268402,6.384446893216199,64.06370667740175
1996.0,1.3664496134,0.0001845332147325,0.2624501236506997,5.828549063990376,63.70366907329568
1997.0,0.17767861909999993,0.00013506947314079998,0.18420448774090398,4.113467653078258,62.31258522752212
1998.0,6.9362933531,0.000452085633,0.535726434043429,9.861194808326575,65.77502253590261
1999.0,1.8782248183,0.0002024339036352,0.38432340058868153,9.279440577809941,65.51980968272456
2000.0,0.9754734628000001,0.0001852826179437,0.33467417668368443,7.850206721255935,64.86416404792365
2001.0,1.0359284263999995,0.0001632055301917,0.2608333631001625,6.73424362592322,64.27228791174998
2002.0,0.7790311524,0.00013791667588,0.20149012858451887,5.548441038673479,63.507354169935944
2003.0,1.9521230043000002,0.0001890487447488,0.25242795927259637,5.7068207316979045,63.61965771967636
2004.0,0.8623698444000001,0.00013320415190279998,0.1800028278662004,4.744551613739741,62.88019952864526
2005.0,2.9104159327999994,0.00029566759246529996,0.3706367078452681,6.13471003000574,63.9065636238624
